policy_country,research_country,citation_rows
USA,US,4056124
IGO,,1771326
IGO,US,1676808
USA,,1588943
Germany,US,574166
IGO,GB,516184
UK,US,501686
UK,GB,475572
USA,GB,474873
Canada,US,424572
EU,,358063
Australia,AU,335111
UK,,328700
Germany,,324811
EU,US,324105
Canada,,316698
USA,CA,300910
Canada,CA,283532
Australia,US,269270
France,US,232716
Germany,DE,228193
Australia,,227695
IGO,FR,203446
Spain,US,200812
IGO,CA,185071
France,,177757
Spain,ES,170916
USA,AU,170613
IGO,DE,167468
IGO,AU,167329
USA,DE,163637
Germany,GB,154735
Sweden,US,147585
Finland,US,142233
EU,GB,141086
South Korea,US,140288
Spain,,134153
Netherlands,US,131904
Brazil,BR,120622
USA,NL,120236
IGO,NL,118464
Switzerland,US,113927
South Korea,,109309
USA,FR,106580
Sweden,,105840
USA,IT,102040
Australia,GB,97504
USA,CN,96797
Sweden,SE,95930
Canada,GB,95241
Norway,US,92661
IGO,CH,90963
Brazil,US,90069
Poland,US,88933
Netherlands,,88768
Finland,,88182
IGO,IT,87701
USA,JP,86820
EU,DE,85119
France,FR,82957
Brazil,,82924
IGO,CN,80871
Switzerland,,79531
USA,SE,78076
IGO,ES,78063
Norway,,77676
Italy,US,77382
Italy,IT,74864
Japan,US,74859
France,GB,74811
Spain,GB,74662
Belgium,US,74550
Japan,JP,73757
Norway,NO,72889
IGO,SE,71527
USA,ES,69865
UK,CA,68887
EU,IT,68534
UK,AU,67966
IGO,JP,62008
Switzerland,CH,61872
Netherlands,NL,61706
Ireland,US,61610
Belgium,,60788
IGO,BR,59850
USA,CH,59529
IGO,IN,59280
Italy,,57628
New Zealand,NZ,57238
UK,DE,56879
Sweden,GB,56435
New Zealand,US,55353
EU,NL,54396
Germany,NL,52482
EU,FR,52330
Germany,CA,51600
UK,NL,51247
Finland,FI,50980
USA,DK,49694
IGO,NO,49232
IGO,BE,49109
Netherlands,GB,47833
Switzerland,GB,46446
Ireland,,45668
Denmark,US,44872
Finland,GB,44431
Ireland,GB,44121
Austria,,44090
EU,ES,43890
Germany,FR,43468
USA,IN,43255
IGO,ZA,42615
Poland,GB,41789
Australia,CA,41288
Canada,AU,41262
IGO,DK,40874
Norway,GB,40520
USA,NO,39998
Germany,AU,39208
Austria,US,38950
New Zealand,,38917
Japan,,38837
Germany,IT,38358
USA,BE,38153
UK,FR,37609
EU,CA,35385
Belgium,GB,35277
Portugal,US,35157
USA,KR,35029
UK,IT,34770
USA,BR,34159
Germany,CH,33538
EU,BE,33325
South Korea,GB,33220
USA,IL,33093
Denmark,,32364
EU,AU,31195
Spain,CA,30876
South Africa,US,30806
USA,FI,30768
Ireland,IE,30508
France,DE,30159
Switzerland,DE,29865
Germany,SE,29533
IGO,FI,29182
Poland,,29173
Spain,DE,28867
France,AU,28459
Germany,ES,28322
Canada,DE,28156
IGO,AT,28061
Chile,US,27937
Peru,US,27730
France,CA,27721
UK,SE,27609
UK,CN,27504
Italy,GB,27411
Turkey,US,27049
IGO,CL,26765
USA,NZ,26450
Colombia,US,26439
IGO,MX,26425
Denmark,DK,26324
Canada,FR,26255
Brazil,GB,26142
EU,SE,26126
IGO,NZ,25456
Spain,IT,25436
UK,ES,25106
Spain,AU,24936
Poland,AU,24752
Spain,FR,24433
EU,CH,24395
EU,CN,24193
Poland,DE,24017
Canada,NL,23536
Sweden,DE,23354
Turkey,,23246
France,NL,23201
Colombia,,22854
Philippines,US,22824
South Africa,ZA,22673
Spain,NL,21977
Germany,CN,21810
IGO,AR,21790
Portugal,,21691
USA,TW,21643
IGO,IL,21028
New Zealand,GB,21014
USA,AT,20994
Sweden,CA,20809
Netherlands,DE,20597
UK,CH,20538
IGO,KR,20507
Belgium,BE,20284
USA,TR,20029
France,IT,20021
South Africa,,19557
India,IN,19407
EU,DK,19381
USA,HK,19353
Switzerland,CA,19323
USA,ZA,19205
Peru,,19191
Sweden,NL,18906
Kenya,US,18898
UK,JP,18880
Australia,DE,18654
Australia,NL,18518
UK,DK,18385
Germany,DK,18164
IGO,IE,18073
Germany,BE,17892
Finland,DE,17855
Chile,,17847
Sweden,AU,17834
Denmark,GB,17815
New Zealand,AU,17371
USA,IE,17249
Canada,IT,16737
Poland,CA,16705
IGO,RU,16590
Malaysia,US,16570
UK,NO,16421
Norway,CA,16371
IGO,KE,16334
Philippines,,16137
IGO,HK,16092
Norway,SE,16019
France,CN,15990
Japan,GB,15958
Germany,NO,15831
Switzerland,FR,15772
Netherlands,CA,15770
Estonia,,15766
Mexico,,15649
USA,RU,15635
Australia,NZ,15632
UK,BE,15562
Germany,JP,15536
EU,JP,15497
Switzerland,AU,15445
Canada,SE,15422
Belgium,DE,15376
Germany,AT,15216
Spain,CN,15136
Finland,CA,15036
USA,GR,14928
Estonia,US,14869
Canada,CN,14615
Switzerland,NL,14537
IGO,TH,14449
Norway,DE,14307
IGO,CO,14302
France,ES,14167
Turkey,TR,14152
Argentina,US,13994
Belgium,NL,13856
Austria,GB,13745
Australia,FR,13695
Finland,SE,13658
EU,AT,13638
EU,NO,13532
UK,IN,13526
Mexico,US,13468
Sweden,NO,13450
Poland,CN,13431
Switzerland,IT,13409
Norway,AU,13338
France,KE,13288
IGO,PT,13260
Portugal,PT,13240
Canada,ES,12906
USA,IR,12831
IGO,SG,12811
IGO,TR,12775
Netherlands,AU,12761
Portugal,GB,12744
EU,FI,12742
IGO,GR,12720
South Korea,CA,12697
Canada,NO,12662
Italy,DE,12638
Finland,NL,12539
Uganda,US,12455
Venezuela,US,12431
Belgium,FR,12375
France,IN,12354
South Korea,DE,12280
South Africa,GB,12270
Canada,JP,12207
Egypt,US,12154
India,,12116
Austria,AT,12103
USA,PL,12102
France,CH,12067
France,SE,12047
South Korea,KR,12034
Poland,NL,12024
Spain,SE,11975
Poland,FR,11917
Singapore,,11908
Netherlands,FR,11889
Sweden,FR,11884
Latvia,,11708
France,JP,11648
USA,MX,11616
UK,IE,11616
Norway,NL,11581
Sweden,DK,11497
Argentina,,11477
Singapore,US,11406
Netherlands,IT,11402
IGO,TW,11329
USA,SG,11318
India,US,11283
IGO,NG,11270
Latvia,US,11151
Brazil,CA,11151
Ireland,CA,11136
Finland,AU,11132
Austria,DE,10965
France,BE,10752
Canada,CH,10538
UK,BR,10529
Uruguay,US,10525
South Korea,AU,10522
UK,FI,10501
Australia,CN,10479
Sweden,IT,10475
EU,GR,10412
UK,NZ,10408
IGO,IR,10350
Australia,IT,10329
Brazil,AU,10320
Ireland,AU,10265
Japan,DE,10241
Australia,ES,10168
Venezuela,,10099
Brazil,DE,10084
IGO,MY,10020
Sweden,FI,10018
Spain,CH,9988
Indonesia,,9903
Belgium,CA,9901
Kenya,,9856
Bulgaria,US,9847
Australia,SE,9776
South Korea,NL,9749
Germany,IL,9732
USA,PT,9707
Germany,FI,9627
Finland,FR,9623
UK,ZA,9551
EU,PT,9548
Ireland,DE,9539
USA,CZ,9454
Italy,FR,9414
Switzerland,CN,9322
IGO,PL,9314
Sweden,CN,9262
IGO,ID,9257
EU,IE,9245
Indonesia,ID,9207
UK,KR,9192
IGO,BD,9120
Brazil,FR,9005
New Zealand,CA,8978
Canada,DK,8955
Spain,JP,8894
Egypt,,8880
Switzerland,ES,8844
Switzerland,SE,8770
UK,IL,8764
IGO,CZ,8718
IGO,PK,8587
Norway,DK,8519
Japan,CN,8511
Spain,BE,8485
Sweden,ES,8466
EU,IN,8448
UK,AT,8440
Chile,CL,8408
Italy,CA,8350
Indonesia,US,8331
IGO,EG,8269
Germany,IN,8214
Italy,NL,8204
Japan,CA,8078
Brazil,CN,8073
EU,BR,8054
France,BR,8021
USA,TH,7986
Netherlands,SE,7980
Finland,IT,7901
Ireland,NL,7819
Sri Lanka,,7792
Poland,ES,7779
USA,AR,7777
Germany,BR,7746
EU,PL,7740
Luxembourg,US,7733
Uruguay,,7693
Norway,FR,7665
Australia,JP,7615
South Korea,FR,7607
Luxembourg,,7601
France,DK,7584
Taiwan,US,7537
Belgium,IT,7509
Colombia,CO,7480
Belgium,AU,7474
Turkey,GB,7418
Poland,SE,7405
Chile,GB,7402
Canada,BE,7368
Sweden,CH,7302
USA,EG,7291
Spain,DK,7272
Philippines,GB,7259
Estonia,GB,7254
Australia,CH,7208
Italy,ES,7205
USA,KE,7153
IGO,ET,7111
Brazil,ES,7041
Denmark,DE,7033
Germany,KR,7033
Netherlands,ES,7022
Denmark,CA,6969
Canada,IN,6936
Poland,CH,6930
Uganda,,6923
Brazil,NL,6910
Poland,IT,6892
IGO,PH,6886
USA,CL,6845
South Korea,CN,6821
Netherlands,BE,6804
Norway,IT,6744
France,ZA,6714
Netherlands,CN,6637
Italy,AU,6631
France,NO,6607
Finland,DK,6603
Brazil,IT,6587
Canada,NZ,6556
Colombia,GB,6460
Canada,FI,6434
IGO,PE,6430
EU,KR,6427
Spain,BR,6420
Japan,FR,6382
Germany,IE,6369
UK,TR,6341
IGO,SA,6325
Netherlands,CH,6269
Serbia,US,6253
Malaysia,,6238
France,CO,6191
Finland,ES,6172
Sweden,BE,6156
Slovenia,US,6109
Canada,BR,6086
IGO,GH,6085
Finland,NO,6000
Peru,GB,5980
Netherlands,DK,5955
Japan,NL,5949
Spain,PT,5871
Spain,NO,5865
South Korea,IT,5852
UK,HK,5838
IGO,UG,5824
Malaysia,GB,5822
IGO,LK,5818
Germany,RU,5810
Belgium,ES,5786
Norway,ES,5785
Switzerland,BE,5782
Australia,NO,5769
Estonia,EE,5727
Ireland,FR,5714
Australia,DK,5706
France,ET,5702
Sri Lanka,US,5681
Japan,AU,5656
Poland,AT,5613
Austria,NL,5585
Slovakia,US,5574
Japan,IT,5520
Finland,CH,5515
Denmark,NL,5515
Australia,IN,5508
Norway,CH,5432
Argentina,AR,5429
Poland,NO,5399
Belgium,SE,5396
Denmark,SE,5389
UK,TW,5387
Portugal,DE,5347
USA,MY,5315
Australia,BE,5312
Denmark,AU,5296
IGO,HU,5285
Spain,FI,5276
China,US,5275
EU,IL,5275
Switzerland,DK,5260
USA,NG,5260
Italy,CH,5187
Bulgaria,,5183
Germany,NZ,5180
Norway,FI,5173
EU,CZ,5157
UK,GR,5139
Poland,JP,5098
Germany,TR,5087
Spain,IL,5083
Paraguay,US,5066
Switzerland,JP,5059
Norway,CN,5046
Switzerland,NO,5027
USA,HU,5004
Slovenia,,4978
Czech Republic,,4940
Netherlands,JP,4915
France,FI,4888
Ireland,SE,4887
South Korea,SE,4883
Canada,KR,4874
Ireland,ES,4853
Switzerland,AT,4804
Spain,AT,4801
Latvia,GB,4795
Netherlands,NO,4783
China,,4777
Ireland,IT,4768
IGO,TZ,4764
France,MX,4762
Denmark,NO,4755
France,NG,4749
Portugal,CA,4748
Belgium,CH,4747
Australia,ZA,4730
New Zealand,DE,4729
EU,NZ,4724
Portugal,IT,4703
Austria,CA,4699
Portugal,FR,4691
Sweden,JP,4682
South Korea,ES,4670
Poland,IN,4611
USA,SA,4597
Canada,IL,4596
Finland,BE,4588
EU,TR,4585
Spain,KR,4564
Spain,IN,4501
Uganda,GB,4448
Canada,ZA,4445
Australia,BR,4410
USA,PK,4398
USA,CO,4373
Austria,FR,4370
Philippines,DE,4360
EU,RU,4291
Finland,CN,4290
Portugal,ES,4286
UK,PT,4271
Germany,HK,4269
Australia,IL,4254
New Zealand,FR,4252
France,AT,4249
Singapore,SG,4237
Japan,SE,4234
Paraguay,,4226
Israel,US,4205
UK,PL,4195
Kenya,GB,4186
IGO,VN,4179
Germany,PT,4178
Nigeria,US,4175
New Zealand,NL,4147
Finland,JP,4132
Australia,FI,4119
South Africa,CA,4092
Thailand,US,4087
Brazil,IN,4071
South Korea,JP,4048
Portugal,NL,4046
UK,RU,4032
Mexico,MX,4031
Croatia,US,3993
Poland,BR,3992
Singapore,GB,3991
Germany,GR,3988
Italy,CN,3974
Slovakia,,3969
Australia,IE,3967
Norway,BE,3941
Canada,AT,3909
South Africa,AU,3905
India,GB,3885
UK,SG,3861
Denmark,FR,3851
Italy,BE,3839
Austria,IT,3836
Poland,ZA,3828
Switzerland,FI,3820
Taiwan,,3816
Moldova,,3812
France,IL,3807
Canada,IE,3792
IGO,LB,3789
Italy,SE,3764
Estonia,DE,3749
Spain,MX,3713
Germany,TW,3704
UK,IR,3696
Portugal,AU,3690
Croatia,,3684
South Korea,CH,3661
IGO,CR,3652
Czech Republic,US,3650
France,NZ,3621
Germany,ZA,3615
Nepal,US,3600
Spain,GR,3595
EU,ZA,3579
Ghana,US,3574
Bulgaria,GB,3552
Nigeria,,3524
Ireland,CN,3519
Netherlands,FI,3514
Germany,SG,3510
Serbia,,3510
Brazil,JP,3502
Germany,PL,3501
Poland,DK,3495
Belgium,DK,3486
Philippines,AU,3472
Spain,IE,3467
Romania,,3464
USA,PH,3461
Austria,CH,3425
Greece,,3422
USA,BD,3412
Spain,NZ,3406
Belgium,CN,3401
Japan,ES,3373
France,KR,3373
Rwanda,US,3368
Brazil,CH,3363
Switzerland,IL,3341
Germany,CZ,3341
EU,HU,3316
Argentina,GB,3234
Nepal,,3182
Mexico,GB,3157
Switzerland,BR,3154
Qatar,US,3143
Brazil,BE,3135
USA,UG,3133
South Korea,BE,3131
Spain,CL,3129
Netherlands,AT,3127
Canada,TW,3112
Sweden,AT,3107
Ireland,CH,3107
Spain,TR,3087
IGO,UY,3079
Malaysia,MY,3071
EU,HK,3056
EU,TW,3056
Denmark,ES,3043
IGO,EC,3036
Australia,KR,3033
IGO,NP,3024
Russia,US,3019
Brazil,SE,3013
UK,CZ,2998
New Zealand,IT,2993
Thailand,,2981
Chile,CA,2980
Poland,BE,2975
IGO,SI,2956
Japan,CH,2949
Philippines,JP,2948
Turkey,CA,2947
Ireland,DK,2928
Norway,JP,2911
Austria,AU,2910
IGO,AE,2903
Sweden,IN,2899
USA,SI,2897
Ireland,NO,2891
South Africa,DE,2891
UK,MX,2876
North Macedonia,US,2872
Australia,AT,2871
Israel,,2864
USA,ID,2857
Turkey,AU,2855
Canada,HK,2850
Russia,,2848
New Zealand,ES,2836
IGO,MA,2834
Ghana,,2832
USA,ET,2822
France,IE,2815
Estonia,SE,2796
Iceland,US,2771
EU,SG,2770
Netherlands,IN,2766
Australia,HK,2752
Canada,TR,2750
Spain,TW,2749
Ireland,BE,2740
Egypt,GB,2735
Poland,FI,2731
Slovenia,GB,2694
Croatia,HR,2687
South Korea,NO,2686
Colombia,CA,2675
Belgium,NO,2674
Switzerland,IN,2670
Uruguay,GB,2665
Philippines,CA,2662
Colombia,ES,2654
Denmark,IT,2647
Sweden,IE,2638
IGO,CM,2612
Rwanda,,2596
New Zealand,CN,2595
Sweden,BR,2577
Austria,SE,2572
Switzerland,KR,2562
Philippines,FR,2557
France,GR,2555
Tanzania,US,2554
Estonia,CA,2553
Canada,GR,2549
USA,GH,2547
Turkey,DE,2528
Sweden,IL,2521
France,LK,2516
Poland,PL,2515
Spain,HK,2515
Spain,AR,2513
Japan,KR,2511
Canada,PL,2510
Chile,AU,2509
Spain,PL,2499
Brazil,AR,2497
Belgium,FI,2495
Moldova,US,2484
Italy,NO,2482
Netherlands,IL,2478
Georgia,US,2474
IGO,HR,2474
Germany,CL,2471
Sweden,KR,2469
UK,KE,2462
IGO,JO,2460
Estonia,NL,2437
Malaysia,CA,2428
Sweden,NZ,2427
IGO,ZW,2416
France,TR,2415
Germany,MX,2415
IGO,JM,2404
Latvia,DE,2403
Colombia,DE,2401
South Korea,DK,2400
IGO,IS,2394
Finland,AT,2390
France,PH,2388
USA,HR,2386
Netherlands,KR,2376
Ethiopia,US,2372
South Korea,IL,2358
New Zealand,SE,2357
Saudi Arabia,US,2353
South Korea,FI,2349
Iran,US,2349
Estonia,AU,2349
Romania,US,2339
China,CN,2328
Brazil,PT,2316
Portugal,JP,2310
UK,NG,2306
Peru,CA,2303
Canada,PT,2299
IGO,SK,2294
France,GH,2292
Botswana,US,2290
Botswana,,2289
Turkey,IT,2285
Colombia,AU,2276
UK,AR,2268
Denmark,CN,2265
IGO,LU,2263
Paraguay,BR,2262
Canada,RU,2256
Tanzania,,2254
Philippines,NL,2244
EU,MX,2244
IGO,EE,2243
Netherlands,BR,2229
Chile,ES,2227
Italy,DK,2226
USA,SK,2216
Greece,GR,2210
South Africa,FR,2207
Mexico,AU,2200
Venezuela,GB,2198
EU,SI,2194
Belgium,AT,2192
Sri Lanka,GB,2188
Norway,IN,2182
Spain,CO,2182
France,BD,2175
Indonesia,GB,2175
Japan,DK,2174
Iceland,,2173
Australia,TW,2173
IGO,MW,2164
Austria,ES,2162
Denmark,CH,2162
Pakistan,,2162
Singapore,AU,2161
Finland,IL,2160
Malaysia,AU,2159
Ireland,FI,2156
France,PT,2152
Spain,ZA,2150
UK,EG,2140
South Africa,NL,2136
Japan,IN,2133
Italy,JP,2129
Portugal,SE,2127
Ireland,NZ,2126
Ethiopia,,2125
New Zealand,JP,2124
Estonia,FI,2124
Slovakia,GB,2121
France,TW,2118
Luxembourg,GB,2108
Turkey,CN,2107
EU,IR,2095
Peru,BR,2089
Paraguay,PY,2087
IGO,RO,2084
France,PE,2084
Norway,IE,2081
Australia,SG,2080
UK,CL,2074
Pakistan,US,2071
Finland,ZA,2067
Belgium,JP,2066
Brazil,DK,2061
EU,AR,2056
Finland,IN,2053
Germany,AR,2052
IGO,BG,2051
Switzerland,NZ,2051
UK,TH,2047
France,ID,2037
Bulgaria,DE,2032
USA,BG,2023
Serbia,GB,2022
IGO,TN,2019
Austria,FI,2019
UK,BD,2018
Canada,SG,2014
Japan,BE,2013
Portugal,CH,2012
Australia,PT,2008
Netherlands,NZ,2007
Austria,BE,2007
Turkey,NL,2006
New Zealand,IN,2006
Turkey,FR,2003
South Korea,HK,1998
Germany,IR,1997
Norway,NZ,1997
Chile,DE,1990
South Korea,AT,1985
France,UG,1977
Chile,NL,1971
China,HK,1969
Norway,AT,1960
Hungary,,1958
South Korea,IN,1954
Switzerland,IE,1949
France,AR,1948
Japan,FI,1947
Cambodia,US,1943
USA,VN,1942
USA,QA,1940
Italy,AT,1939
France,PL,1937
IGO,ZM,1934
Netherlands,IE,1923
Austria,CN,1923
Turkey,ES,1913
Switzerland,TR,1911
Costa Rica,US,1910
Czech Republic,CZ,1908
Hungary,US,1900
Sweden,PL,1900
Brazil,NO,1896
Brazil,MX,1891
New Zealand,NO,1890
UK,MY,1888
South Africa,CN,1886
Qatar,,1880
Poland,NZ,1878
Sweden,PT,1875
Australia,GR,1865
Canada,CZ,1865
South Africa,CH,1855
Taiwan,GB,1854
New Zealand,CH,1851
Israel,IL,1847
Peru,PE,1846
IGO,QA,1845
Mauritius,US,1845
USA,LB,1841
Sweden,ZA,1839
Spain,IR,1836
Thailand,TH,1834
Portugal,BR,1833
Brazil,KR,1827
Kenya,KE,1827
Poland,PT,1824
Chile,FR,1823
Switzerland,PT,1815
Canada,MX,1815
IGO,CI,1807
IGO,BF,1805
Lithuania,,1799
IGO,CY,1787
France,MY,1785
UK,PK,1784
EU,RO,1784
Greece,US,1783
Taiwan,TW,1782
France,HK,1780
USA,RO,1772
Norway,BR,1771
Peru,AU,1771
EU,CL,1770
Italy,FI,1764
South Korea,TW,1763
North Macedonia,GB,1763
Philippines,IT,1762
Peru,ES,1760
Spain,CZ,1755
Sweden,HK,1747
Colombia,FR,1744
Latvia,NL,1738
USA,TZ,1736
El Salvador,US,1736
Netherlands,TR,1733
North Macedonia,,1723
Estonia,FR,1722
Bolivia,US,1716
New Zealand,DK,1710
Finland,HK,1709
Malaysia,IT,1709
Dominican Republic,,1701
Spain,SG,1700
Cambodia,,1700
USA,LK,1698
Portugal,BE,1696
Ethiopia,ET,1696
Denmark,FI,1695
Philippines,CN,1692
Brazil,NZ,1691
Finland,BR,1688
IGO,CU,1687
Brazil,IL,1685
Germany,HU,1684
Finland,RU,1681
Uganda,UG,1680
Thailand,GB,1679
France,CZ,1675
Chile,CN,1673
Poland,KE,1672
Colombia,BR,1670
Spain,RU,1668
IGO,RS,1665
Finland,IE,1663
Switzerland,GR,1663
Portugal,CN,1659
Latvia,AU,1656
EU,MY,1655
France,RU,1653
Norway,IL,1653
USA,IS,1651
France,TH,1651
Sweden,TR,1645
USA,AE,1644
UK,HU,1643
EU,LU,1637
Ireland,JP,1635
Austria,JP,1633
Australia,IR,1628
Colombia,NL,1627
France,TZ,1615
Japan,NO,1613
Canada,IR,1610
Latvia,CA,1610
IGO,VE,1607
Finland,NZ,1607
Brazil,ZA,1606
EU,HR,1604
Austria,NO,1603
Latvia,SE,1603
Belgium,IE,1602
India,AU,1585
IGO,KW,1581
Denmark,BE,1576
Morocco,,1573
Ecuador,US,1567
Colombia,IT,1567
Italy,IN,1565
Nigeria,NG,1562
USA,PR,1562
EU,EE,1556
Czech Republic,GB,1552
South Africa,IT,1549
Italy,BR,1548
Peru,DE,1544
Paraguay,GB,1541
Brazil,AT,1539
Japan,TW,1539
South Korea,NZ,1538
Uruguay,UY,1537
Sweden,GR,1537
Switzerland,ZA,1537
France,IR,1537
Indonesia,AU,1536
Australia,TR,1535
Italy,PT,1532
Sweden,RU,1531
Romania,RO,1514
Philippines,PH,1511
Malaysia,DE,1509
Malaysia,NL,1509
Latvia,LV,1509
Philippines,ES,1508
Japan,BR,1506
Nepal,GB,1506
USA,NP,1504
Netherlands,GR,1501
Chile,IT,1495
Qatar,GB,1494
Costa Rica,,1490
Serbia,RS,1482
Latvia,FR,1480
Denmark,JP,1477
USA,RS,1475
Australia,MX,1475
Canada,AR,1470
South Korea,SG,1469
France,SG,1461
Australia,RU,1460
Sweden,TW,1453
Italy,GR,1448
UK,GH,1446
Norway,PL,1444
China,GB,1440
Bolivia,,1431
Italy,IL,1431
Philippines,SE,1425
Finland,KR,1424
Dominican Republic,US,1424
Croatia,GB,1422
Germany,CO,1419
Norway,KR,1403
Malaysia,CN,1402
USA,PE,1401
Italy,TR,1399
Estonia,IT,1397
Netherlands,ZA,1393
Switzerland,CZ,1389
USA,CM,1384
USA,CY,1384
EU,EG,1374
Qatar,QA,1372
Singapore,CA,1371
Paraguay,ES,1371
Uganda,CA,1367
Canada,CL,1364
Bulgaria,FR,1359
Mexico,IN,1358
IGO,BO,1356
Norway,RU,1355
Switzerland,PL,1345
South Korea,IE,1345
Argentina,CA,1341
UK,SA,1336
Austria,DK,1333
Singapore,CN,1332
Australia,PL,1329
UK,ET,1326
EU,BG,1326
UK,ID,1324
Moldova,MD,1323
India,CN,1316
Argentina,BR,1316
Canada,NG,1313
Canada,KE,1313
IGO,GM,1312
Peru,FR,1310
Latvia,IT,1309
Sweden,IR,1309
Iceland,GB,1307
IGO,OM,1306
France,CL,1303
Mexico,CA,1298
Estonia,DK,1296
South Africa,ES,1294
Greece,GB,1293
USA,JO,1292
Namibia,,1288
Colombia,CN,1281
EU,SK,1278
Jamaica,US,1277
Estonia,ES,1277
Netherlands,TW,1276
Brazil,CO,1274
Iceland,IS,1273
Malaysia,FR,1269
Portugal,DK,1268
Luxembourg,DE,1265
Brazil,CL,1260
Argentina,ES,1258
IGO,LV,1258
Lebanon,US,1255
Netherlands,PL,1255
Switzerland,IR,1247
Ireland,AT,1246
Italy,IE,1244
Netherlands,HK,1243
Ukraine,,1243
Cyprus,,1242
Sweden,CZ,1239
Netherlands,PT,1236
Uganda,AU,1234
Belgium,IL,1233
UK,CO,1233
Uruguay,ES,1231
Indonesia,CN,1224
Uruguay,BR,1222
Belgium,NZ,1221
Philippines,CH,1220
Belgium,BR,1219
Germany,MY,1211
Cyprus,US,1211
IGO,UA,1204
Peru,NL,1202
Senegal,US,1202
Netherlands,RU,1201
France,EG,1200
Switzerland,HK,1199
IGO,SD,1199
IGO,PR,1197
Mexico,CN,1195
Estonia,NO,1195
EU,TH,1194
South Africa,IN,1192
Uganda,CH,1191
Brazil,FI,1191
EU,CY,1191
Uruguay,CA,1190
Finland,PT,1189
United Arab Emirates,US,1187
Belize,US,1187
Australia,CZ,1186
Switzerland,TW,1183
Australia,TH,1183
Senegal,,1182
Switzerland,RU,1182
Australia,AR,1181
Namibia,US,1180
Paraguay,AR,1179
Germany,EG,1175
Germany,TH,1175
Mexico,DE,1168
Slovenia,SI,1162
Poland,KR,1161
Australia,MY,1159
India,DE,1159
IGO,GT,1159
Philippines,ZA,1156
Poland,IE,1156
Japan,AT,1154
IGO,SN,1152
Belgium,IN,1151
Norway,PT,1147
Poland,ID,1147
USA,TN,1146
Trinidad and Tobago,,1145
New Zealand,BE,1143
Finland,PL,1141
Georgia,,1140
Iran,,1139
Belgium,PT,1138
IGO,LT,1132
Japan,IL,1131
Argentina,DE,1131
Lithuania,US,1129
Brazil,IE,1128
France,VN,1126
Nigeria,GB,1125
Belgium,KR,1124
Turkey,IN,1123
IGO,BW,1118
Norway,GR,1117
Canada,MY,1117
Latvia,FI,1116
Uruguay,AU,1115
Tanzania,TZ,1113
Kuwait,US,1108
Poland,MX,1107
New Zealand,FI,1106
Canada,TH,1105
Ireland,PT,1105
Guatemala,US,1104
Kenya,DE,1101
Brunei,US,1100
IGO,CG,1099
Trinidad and Tobago,US,1095
Ireland,BR,1095
Norway,ZA,1090
Kenya,CA,1089
South Korea,RU,1088
Poland,IL,1085
UK,UG,1082
India,CA,1081
UK,SI,1080
IGO,KH,1069
New Zealand,ZA,1069
Slovenia,DE,1068
Ireland,IL,1067
Colombia,CH,1067
El Salvador,,1066
Belgium,GR,1065
Japan,NZ,1065
Argentina,FR,1064
Turkey,SE,1064
Luxembourg,FR,1061
Indonesia,CA,1059
IGO,FJ,1058
Poland,RU,1058
USA,MA,1057
Norway,TR,1055
Sweden,SG,1049
IGO,KZ,1045
USA,JM,1045
Finland,TW,1045
South Africa,SE,1044
EU,CO,1040
Poland,GR,1040
Kosovo,US,1040
France,PK,1038
Saudi Arabia,SA,1038
Italy,NZ,1037
United Arab Emirates,,1036
Tanzania,GB,1036
Brazil,TR,1033
Netherlands,CZ,1032
IGO,PA,1030
Saudi Arabia,,1028
Estonia,CN,1027
Ireland,IN,1026
Guatemala,,1026
Portugal,AT,1023
Romania,GB,1021
Spain,HU,1021
Kuwait,,1019
Slovenia,CA,1019
Slovenia,AU,1017
Jamaica,,1016
Belgium,PL,1015
Bulgaria,CA,1015
Turkey,JP,1012
Rwanda,GB,1009
USA,LT,1008
USA,MW,1007
South Korea,BR,1007
Russia,GB,1004
South Korea,PT,1002
Kosovo,,1002
Canada,EG,1002
Sri Lanka,LK,998
IGO,BJ,997
Uruguay,AR,994
Australia,CL,992
Latvia,ES,992
USA,EE,991
Singapore,DE,990
Spain,TH,988
France,HU,988
Estonia,CH,984
Norway,CZ,983
Finland,GR,979
Turkey,CH,978
Austria,IL,977
EU,RS,976
Argentina,AU,975
Uruguay,FR,973
EU,KE,972
South Korea,GR,971
Colombia,MX,970
New Zealand,BR,968
Brazil,IR,961
Norway,HK,960
Taiwan,AU,960
Ecuador,,957
Australia,KE,956
Israel,GB,956
Slovakia,DE,945
Germany,KE,940
Denmark,IN,938
Egypt,DE,937
IGO,DZ,935
Ireland,KR,932
Nicaragua,US,932
Barbados,US,932
Poland,CL,930
Barbados,,929
Spain,MY,926
Australia,PH,925
EU,PK,925
Finland,SG,924
Slovakia,AU,923
Canada,HU,921
Taiwan,CA,921
Russia,CN,919
USA,UA,918
USA,LV,916
Chile,BR,916
Poland,AR,915
Austria,HU,914
Kenya,FR,914
Portugal,IL,913
Bosnia and Herzegovina,,911
Italy,KR,911
Brazil,TW,910
Paraguay,CN,909
IGO,RW,908
Poland,SG,908
Japan,TR,907
Germany,SI,906
Mexico,NL,906
Finland,CZ,904
Mexico,FR,904
France,CI,903
Germany,LU,901
Philippines,AT,901
Malaysia,SE,899
EU,SA,898
Egypt,FR,897
Serbia,CA,897
Estonia,BE,896
Taiwan,JP,896
Uganda,ZA,895
Venezuela,DE,893
New Zealand,IE,889
Malaysia,JP,888
USA,PA,887
Switzerland,SG,886
Bulgaria,CH,884
Malaysia,ES,884
Portugal,NO,883
Chile,SE,883
Hungary,GB,880
Brazil,GR,879
IGO,SY,877
Ireland,GR,877
India,FR,875
Netherlands,SG,875
Germany,PH,872
EU,LT,872
Brazil,RU,871
Netherlands,IR,865
Peru,CL,865
Poland,BD,863
France,MA,860
Singapore,FR,859
Portugal,FI,858
Poland,CO,856
Poland,ET,856
Denmark,IE,856
Ghana,GB,854
Italy,RU,853
South Korea,TR,852
Belize,,850
Malaysia,IN,849
UK,TZ,849
IGO,GL,849
Mauritius,,848
Slovenia,NL,848
Bulgaria,AU,846
Georgia,GB,845
Colombia,CL,844
Afghanistan,,842
Venezuela,CA,841
Italy,PL,841
Germany,PK,839
Kuwait,KW,839
Latvia,CH,838
New Zealand,AT,838
South Africa,NO,834
Slovakia,CA,832
Belgium,RU,832
Turkey,BE,829
South Africa,DK,828
IGO,SS,828
IGO,MZ,827
Mexico,KE,826
UK,PH,826
China,AU,825
Brazil,HK,823
Argentina,IT,821
Chile,CH,821
Uruguay,DE,821
Switzerland,TH,820
USA,CR,820
Mexico,ES,820
Brazil,SG,819
Panama,US,818
Botswana,GB,817
Uganda,NL,817
Germany,BD,816
Japan,HK,814
Ethiopia,GB,813
Turkey,IL,813
France,BJ,813
Serbia,DE,813
Brazil,PL,813
IGO,PG,812
South Africa,JP,812
Switzerland,MX,810
France,ML,807
Mozambique,,807
Denmark,BR,807
Bulgaria,ES,806
Serbia,IT,806
Latvia,CN,806
Cyprus,CY,806
Japan,IE,805
Austria,PL,805
Uruguay,IT,805
Switzerland,AR,804
Japan,PL,803
Germany,NG,800
Belgium,CZ,799
Sweden,CL,797
IGO,IQ,797
Lebanon,,797
Egypt,CA,791
Papua New Guinea,,789
Taiwan,CN,788
Slovakia,NL,784
Oman,US,784
Singapore,NL,782
Saudi Arabia,GB,782
Canada,CO,778
EU,NG,775
Ireland,HK,774
IGO,BB,772
Norway,TW,771
Poland,CZ,771
EU,MA,771
USA,KW,767
USA,ZW,765
Kenya,AU,764
Uganda,DE,763
USA,VE,763
Denmark,NZ,762
Slovakia,SK,760
Denmark,PT,758
Germany,BG,757
Italy,ZA,757
France,CR,755
Latvia,NO,753
Indonesia,IN,753
Colombia,SE,752
Philippines,IN,751
South Korea,PL,749
Turkey,KR,749
IGO,ML,749
Latvia,DK,748
Italy,HK,748
Kenya,ZA,747
Kenya,NL,746
Singapore,JP,746
EU,ID,745
UK,LB,744
Finland,TR,744
Ukraine,US,743
France,CM,742
Switzerland,CL,742
Portugal,IN,741
Argentina,NL,741
Paraguay,FR,740
Czech Republic,DE,739
Indonesia,DE,738
IGO,PS,738
Peru,IT,738
Myanmar,,736
Denmark,IL,731
Ireland,PL,731
Philippines,DK,731
IGO,CD,730
EU,LV,728
Philippines,BE,728
Germany,EE,724
Slovenia,IT,723
Venezuela,FR,723
Spain,SI,723
Myanmar,US,723
Luxembourg,CA,722
New Zealand,PT,719
UK,AE,719
Portugal,KR,718
USA,LU,716
Nepal,NP,716
Thailand,AU,716
Uganda,FR,715
New Zealand,KR,714
IGO,MT,714
France,ZW,712
New Zealand,IL,711
South Africa,BE,711
Germany,ID,710
Bulgaria,IT,708
Papua New Guinea,US,707
Spain,EG,707
India,NL,706
Canada,GH,705
Poland,MY,704
Russia,RU,704
Norway,SG,703
Spain,PE,703
Turkey,BR,702
IGO,TT,700
Denmark,AT,700
Turkey,GR,700
Bulgaria,NL,699
Denmark,KR,698
Canada,SA,697
Brazil,MY,695
Panama,,692
Philippines,NO,689
Japan,SG,689
Bhutan,,689
France,NP,686
Spain,SA,682
Japan,GR,682
Belgium,HK,680
Australia,ID,680
Serbia,NL,679
Croatia,IT,678
USA,ZM,677
Estonia,PL,676
Lebanon,LB,675
UK,QA,674
Uruguay,NL,673
UK,LK,673
Malaysia,DK,670
Iran,GB,668
Latvia,BE,667
Canada,PK,667
Sweden,MX,666
IGO,BH,666
Latvia,PL,666
South Africa,BR,666
Australia,BD,664
USA,IQ,662
Indonesia,NL,660
France,SA,660
Cyprus,GB,657
Bulgaria,JP,656
Poland,GH,656
Sri Lanka,CA,656
IGO,NC,654
Brazil,CZ,653
Indonesia,JP,652
EU,BD,652
Ireland,ZA,652
Fiji,US,652
Germany,CY,651
UK,RO,650
Colombia,JP,650
UK,BG,650
Slovenia,FR,649
UK,ZW,646
Peru,MX,645
Portugal,GR,645
Sri Lanka,AU,644
Greece,IT,643
Argentina,CL,642
Colombia,AR,641
Luxembourg,NL,641
UK,EE,641
Brazil,PE,641
Chile,BE,641
Luxembourg,SE,640
Belgium,HU,639
Norway,MX,639
Eswatini,US,638
France,SY,636
Australia,HU,636
Switzerland,HU,636
Sweden,MY,635
Morocco,US,634
Singapore,IT,634
Germany,SA,633
Venezuela,ES,633
Ivory Coast,US,632
Mexico,IT,632
France,MW,631
Taiwan,DE,631
Australia,NG,629
Belgium,ZA,629
Bangladesh,US,627
Bosnia and Herzegovina,US,627
Paraguay,DE,626
Thailand,CA,626
Peru,CH,625
Canada,SI,624
Egypt,AU,624
Spain,RO,624
Argentina,MX,623
Serbia,AU,622
Austria,RU,622
Pakistan,GB,621
China,CA,619
Mauritius,GB,618
UK,HR,617
Ireland,TW,616
Australia,PK,616
Uganda,IN,614
Thailand,CN,614
Poland,NP,613
Netherlands,AR,613
Norway,IR,612
Poland,HK,612
UK,SK,611
Japan,RU,610
Netherlands,CL,610
Maldives,US,610
Kenya,CH,610
Turkey,NO,608
Nepal,AU,607
Turkey,DK,606
USA,UY,603
Czech Republic,CA,603
Croatia,DE,602
Turkey,FI,599
Moldova,GB,599
USA,EC,598
USA,CU,598
Italy,CZ,598
Paraguay,CA,597
Philippines,FI,597
Netherlands,EG,597
EU,PH,595
Cambodia,GB,594
Poland,IR,593
Slovakia,IT,593
Serbia,FR,591
Japan,AR,591
Egypt,TR,590
Colombia,IN,590
Spain,ID,588
Kenya,IT,587
Portugal,IE,584
Bhutan,US,582
Japan,TH,581
Germany,RO,581
Malaysia,BR,580
IGO,MM,580
South Korea,ZA,578
Czech Republic,AU,577
South Africa,NZ,577
Brazil,TH,575
Finland,EE,575
EU,IS,574
Italy,IR,574
Spain,EC,574
Netherlands,HU,573
Germany,GH,573
Portugal,TR,572
North Macedonia,IT,572
Poland,TH,572
Sweden,TH,571
Canada,PH,571
Norway,IS,571
France,BF,570
UK,RS,569
UK,VN,569
Belgium,TW,568
Moldova,IT,566
Belgium,TR,566
Turkey,TW,564
Sweden,HU,564
India,JP,563
Colombia,BE,561
Germany,ET,561
Finland,MX,559
Ireland,TR,559
Latvia,EE,558
Germany,SK,558
Finland,CL,558
Indonesia,ES,557
UK,IS,557
Poland,SA,556
Germany,AE,556
Estonia,AT,555
Malaysia,CH,555
Colombia,DK,554
India,IT,553
Indonesia,FR,553
Uganda,CN,550
Malaysia,KR,549
Canada,ET,549
Afghanistan,US,548
Spain,HR,548
Austria,IN,548
Oman,,547
Bangladesh,,547
France,TN,545
Italy,TW,544
Germany,MA,544
Venezuela,BR,544
Argentina,CN,543
Sweden,KE,542
Czech Republic,NL,538
Canada,BD,538
Netherlands,MX,538
France,SI,536
Chile,AR,536
UK,PE,535
North Macedonia,CA,535
Kenya,CN,534
Romania,DE,534
Guyana,US,533
Portugal,NZ,533
New Zealand,HK,532
Canada,IS,532
Austria,IE,531
Croatia,AU,530
Australia,EG,530
Croatia,CA,530
Norway,MY,530
India,CH,530
Egypt,ES,529
Canada,GL,529
Malaysia,TW,528
UK,NP,526
Czech Republic,FR,525
EU,AE,525
IGO,NI,524
Ireland,CZ,524
Liberia,US,523
Russia,IT,522
IGO,AM,521
South Korea,MY,521
Turkey,HK,521
Uganda,SE,521
Japan,PT,520
Nepal,DE,520
Uruguay,CL,518
Philippines,NZ,517
Maldives,,517
UK,CY,516
IGO,GE,516
Spain,PK,514
Luxembourg,IT,514
Peru,SE,514
Maldives,AU,513
Australia,SA,513
Slovakia,FR,512
EU,UA,512
Egypt,NL,511
Mongolia,,510
Sweden,EE,508
Chile,JP,508
Finland,AR,507
Switzerland,QA,507
Jordan,US,507
South Africa,KE,506
Nepal,CA,505
Brazil,NG,504
South Korea,IR,504
Bulgaria,BG,503
Croatia,NL,502
Taiwan,NL,502
Turkey,IR,502
Paraguay,IT,502
Slovenia,CH,501
Argentina,CH,501
USA,OM,500
Russia,DE,500
Chile,NO,499
Kosovo,GB,499
Greece,DE,498
Kenya,IN,498
USA,AM,498
New Zealand,CL,497
Peru,AR,496
New Zealand,TW,496
UK,JO,495
Denmark,RU,495
Austria,CZ,493
Canada,ID,493
EU,TN,492
Philippines,IL,491
Denmark,GR,491
IGO,NE,490
Mexico,BR,490
Portugal,TW,490
North Macedonia,FI,489
Luxembourg,AU,489
Pakistan,PK,489
Estonia,IE,488
Ivory Coast,,487
Slovenia,ES,486
Australia,SI,486
Cameroon,US,485
Paraguay,IN,485
Peru,NO,485
Chile,IL,484
Philippines,RU,484
Finland,HU,483
Japan,CZ,482
Peru,CO,482
Austria,BR,481
Japan,ZA,481
Switzerland,MY,480
Italy,SG,480
Peru,BE,480
Brazil,KE,477
Belgium,SG,477
USA,MM,477
South Africa,AT,475
Canada,TZ,474
USA,SS,474
Mozambique,US,473
Indonesia,MY,473
USA,KZ,473
Peru,CN,472
Canada,UG,471
Germany,LB,470
Russia,FR,470
Colombia,NO,469
Switzerland,SA,469
Indonesia,BR,468
Australia,CO,467
Paraguay,MX,466
Nicaragua,,466
Uganda,IT,466
Germany,HR,466
Iceland,CA,465
Switzerland,SI,465
Paraguay,CL,464
Moldova,DE,462
Sweden,SI,462
Croatia,ES,462
Slovenia,SE,461
China,JP,461
Sweden,AR,461
USA,GT,460
Paraguay,CO,459
Venezuela,NL,458
Kazakhstan,,456
Mexico,JP,455
Brazil,PK,453
Philippines,BR,452
Chile,DK,451
Chile,MX,451
China,DE,451
Kenya,NG,450
Israel,CA,449
Namibia,GB,449
Paraguay,AU,449
USA,BY,449
Japan,IR,448
Guyana,,448
South Korea,ID,447
North Macedonia,AU,447
India,ES,446
IGO,MO,445
Sweden,IS,445
Bahamas,US,445
New Zealand,GR,444
Turkey,NZ,443
Denmark,PL,443
Egypt,IT,443
Bulgaria,SE,443
USA,GM,442
Bulgaria,CN,442
Canada,LB,442
IGO,AZ,441
Germany,LK,441
South Africa,FI,440
Cuba,,440
France,SN,440
Venezuela,AU,439
Costa Rica,GB,439
Uganda,KE,438
Brunei,,437
Venezuela,AR,437
Canada,HR,436
Peru,JP,436
Brazil,EG,435
Canada,SK,435
Botswana,BW,434
Poland,TR,434
IGO,MN,433
North Macedonia,DE,432
North Macedonia,NL,431
Cyprus,GR,430
Qatar,AU,430
USA,MO,430
Japan,MX,428
Chile,NZ,428
EU,MT,427
Qatar,CA,426
Malaysia,BE,426
Germany,RS,425
Turkey,AT,424
Indonesia,IT,423
Norway,CL,423
South Korea,CZ,422
Denmark,TR,422
Azerbaijan,,421
South Africa,IL,421
Netherlands,SI,420
Portugal,HK,419
Ecuador,GB,418
Netherlands,MY,417
Egypt,EG,417
Spain,NG,417
Ireland,SG,416
Uruguay,CH,416
Uruguay,CN,416
Sri Lanka,DE,415
Poland,NG,415
IGO,MK,415
Egypt,CN,414
Ireland,RU,413
Sweden,EG,413
EU,ET,413
Jordan,,413
Cyprus,IT,412
Serbia,JP,411
Denmark,ZA,411
Venezuela,CL,410
Mexico,ET,410
Estonia,IL,409
Venezuela,IT,409
Switzerland,ID,409
Canada,BG,409
Germany,IS,408
Brazil,ID,408
Sweden,CO,407
Austria,PT,407
Sweden,RO,407
Austria,GR,407
EU,GH,407
Argentina,SE,406
Iceland,AU,405
Italy,HU,405
Jordan,JO,405
Kuwait,GB,405
Poland,PH,404
New Zealand,TR,404
Singapore,IN,403
Israel,AU,403
Malaysia,TH,402
Portugal,PL,402
El Salvador,ES,402
Albania,,401
Norway,AR,401
UK,MA,401
Brazil,HU,400
Venezuela,CO,399
IGO,BN,399
Paraguay,JP,399
Singapore,HK,398
Bulgaria,NO,398
Iraq,US,398
Netherlands,KE,397
Peru,IN,397
Fiji,,397
Slovakia,SE,396
Turkey,PT,396
Denmark,HK,396
Austria,ZA,396
Mexico,AR,396
Italy,AR,395
Poland,TW,395
Lebanon,GB,394
IGO,AL,394
Taiwan,FR,393
New Zealand,SG,393
Denmark,TW,393
Mexico,ZA,393
Sweden,ID,392
India,SE,391
Singapore,CH,390
Moldova,CA,390
Australia,IS,390
Malaysia,SG,390
France,SK,390
UK,LT,389
Colombia,AT,389
Mongolia,US,388
USA,DZ,388
USA,AZ,388
Moldova,JP,388
Singapore,SE,388
Mexico,CH,388
Bahamas,,387
France,DZ,387
Uganda,NG,387
Portugal,ZA,386
Colombia,KR,386
Kenya,ES,385
Latvia,AT,385
USA,SD,385
France,LB,384
Estonia,PT,383
Italy,MX,382
Russia,CA,381
Argentina,CO,381
EU,VN,381
Singapore,ES,381
UK,MW,381
South Korea,MX,380
Romania,IT,379
Taiwan,IT,379
Canada,LK,379
Singapore,MY,379
Philippines,KR,378
Slovakia,ES,378
Japan,EG,377
Norway,HU,377
South Africa,NG,376
IGO,LA,376
South Africa,IE,376
Romania,FR,375
Kyrgyzstan,US,375
Estonia,JP,375
Croatia,FR,375
Netherlands,TH,373
Turkey,IE,373
Iraq,GB,372
Switzerland,EG,372
IGO,PY,371
Saudi Arabia,CA,371
Switzerland,CO,371
China,FR,371
IGO,MU,371
Namibia,ZA,371
Israel,DE,370
Estonia,NZ,370
Namibia,FR,370
UK,LU,370
Brunei,GB,369
Lithuania,GB,369
Spain,EE,369
USA,CI,369
Germany,VN,368
Malaysia,IL,368
Albania,US,367
Belgium,CL,367
Thailand,FR,367
Uruguay,SE,366
Chile,KR,366
Austria,NZ,365
Spain,MA,365
Senegal,GB,365
Turkey,PL,365
Norway,BD,365
Rwanda,RW,365
Turkey,ZA,364
Russia,NL,364
Colombia,IL,364
Spain,TN,364
Thailand,NL,363
Malaysia,TR,363
China,NL,363
Nepal,NL,362
Norway,ID,361
Hungary,HU,361
Netherlands,CO,361
Indonesia,KR,360
Spain,KE,360
Spain,CR,360
Austria,KR,359
Canada,MA,359
Nepal,IN,357
France,AE,357
Norway,TH,357
Serbia,ES,357
Chile,FI,357
Uganda,BE,356
Timor Leste,,356
Belgium,MX,356
Ireland,IR,355
Paraguay,NL,355
Peru,IL,354
Armenia,US,353
South Africa,KR,353
IGO,PF,353
Serbia,SE,353
Taiwan,KR,353
Italy,CL,353
Ghana,GH,352
Dominican Republic,GB,352
Mexico,BE,352
Singapore,KR,352
Thailand,DE,352
New Zealand,PL,352
Canada,QA,351
Switzerland,PK,351
Rwanda,DE,351
IGO,BY,350
Greece,ES,350
Canada,RO,350
Vietnam,,350
USA,PS,349
Germany,LV,349
Egypt,CH,348
Argentina,BE,348
France,ZM,348
Uganda,NO,348
Malaysia,GR,348
Germany,QA,347
Uganda,BR,347
Bulgaria,BE,347
France,EC,347
Belgium,IR,347
Nigeria,CA,347
Somalia,,346
New Zealand,AR,346
Iran,CA,346
Uganda,ES,346
Luxembourg,BE,346
Turkey,MY,345
Nigeria,CN,345
Indonesia,TW,345
Kenya,NO,344
Kenya,SE,344
Russia,AU,344
Spain,CU,343
Georgia,CA,343
Colombia,FI,343
Spain,RS,342
Spain,QA,341
Hungary,DE,341
New Zealand,MX,340
Argentina,IN,340
Bolivia,ES,340
Sweden,ET,339
Slovenia,CN,339
Malaysia,NO,339
Thailand,JP,339
Serbia,CN,339
USA,BH,338
Philippines,SG,338
Costa Rica,CR,337
North Macedonia,SE,337
Germany,LT,337
Saudi Arabia,AU,336
Latvia,CZ,335
El Salvador,GB,335
Norway,NG,335
Tanzania,IN,334
France,HR,334
Belgium,AR,334
Luxembourg,LU,333
Afghanistan,GB,333
New Zealand,KH,333
IGO,SL,332
Poland,HU,332
Iceland,SE,332
Japan,MY,332
Finland,MY,332
UK,CM,332
Spain,SK,331
Rwanda,ZA,331
Chile,HK,331
Spain,CY,331
Netherlands,NG,330
North Macedonia,FR,330
South Korea,CL,330
Sweden,SA,330
Cyprus,FR,330
Slovakia,CN,330
IGO,BS,329
Chile,IN,328
Finland,CO,328
Luxembourg,CH,328
Tanzania,AU,327
Luxembourg,ES,327
Nepal,CH,327
Saint Kitts and Nevis,US,326
South Korea,SI,326
Mexico,SE,326
IGO,SV,324
Maldives,GB,324
South Africa,TR,324
South Korea,HU,323
Nigeria,DE,323
Brazil,CR,323
Liberia,,323
Slovenia,BE,321
Botswana,ZA,321
Japan,HU,321
Romania,ES,321
Singapore,TW,320
Bolivia,GB,319
Germany,PE,318
IGO,HN,318
Romania,NL,318
Venezuela,SE,318
Australia,VN,318
Sweden,PK,318
South Korea,TH,318
France,BG,317
Germany,AZ,317
Peru,NZ,317
Georgia,DE,317
Sweden,BD,317
Malaysia,NZ,317
Estonia,IN,316
Malaysia,HK,316
EU,QA,315
Belgium,SI,315
IGO,GA,315
Sweden,LK,315
New Zealand,RU,315
Sri Lanka,NL,314
Moldova,FR,314
Chile,IE,314
Slovenia,FI,314
Malaysia,FI,313
Philippines,PT,313
Latvia,IE,313
IGO,UZ,313
India,NO,313
Saint Kitts and Nevis,,313
Chile,CO,311
Colombia,NZ,311
UK,TN,311
Switzerland,IS,311
Mexico,CO,310
Slovenia,NO,310
USA,SN,310
Uganda,DK,309
Switzerland,HR,309
Cambodia,AU,309
Thailand,IN,308
Australia,LK,308
Zambia,US,308
Tanzania,DE,308
Georgia,AU,308
Norway,EG,308
Tanzania,CA,307
Denmark,IS,307
Namibia,DE,307
Czech Republic,IT,307
Costa Rica,ES,307
Sweden,NG,306
Latvia,IL,306
Argentina,JP,306
USA,BW,305
Greece,FR,304
Germany,TN,304
Spain,BD,304
Taiwan,ES,304
Ireland,HU,302
IGO,MG,302
USA,KH,301
New Zealand,CZ,301
El Salvador,CN,301
Kenya,GH,301
Montenegro,,301
France,RS,301
EU,PE,300
Switzerland,SK,300
Taiwan,SE,300
Latvia,JP,300
Hungary,NL,300
Ireland,AR,300
Norway,SI,300
Canada,EE,300
Brazil,UY,300
Estonia,GR,298
Sweden,SK,298
Brazil,ST,298
IGO,AF,298
Chile,AT,298
Kenya,BE,297
IGO,BA,297
South Africa,GR,296
Liberia,GB,296
Uganda,JP,296
Latvia,IN,296
Nigeria,AU,296
Switzerland,NG,296
France,VE,296
Serbia,CH,295
Sri Lanka,IN,295
Austria,SG,293
Bulgaria,DK,293
Rwanda,CA,293
Chile,GR,293
Netherlands,ID,293
Indonesia,TR,293
Trinidad and Tobago,GB,292
UK,KW,292
Canada,VN,291
Colombia,TR,291
USA,RW,290
Singapore,DK,290
UK,ZM,290
Sweden,HR,289
Norway,EE,289
Uruguay,BE,289
Papua New Guinea,AU,289
France,LU,288
UK,LV,288
Finland,IR,288
Spain,AE,288
EU,LB,287
Rwanda,AU,287
India,BR,286
Tanzania,CN,286
Uruguay,DK,286
Spain,LK,286
United Arab Emirates,GB,286
Georgia,IT,286
Ireland,MX,285
France,NE,285
Rwanda,CN,285
Chile,TR,285
Venezuela,CH,284
Venezuela,CN,284
Australia,QA,284
Uganda,TH,284
Iran,AU,284
Cameroon,,283
Nepal,FR,283
Colombia,ZA,283
Peru,FI,283
Portugal,SG,283
USA,MT,283
Iran,CN,283
USA,MZ,282
Romania,CA,282
India,KR,282
Ghana,CA,282
Canada,NP,282
Canada,CI,281
Singapore,TH,281
Denmark,IR,280
Netherlands,PK,280
USA,BF,280
Italy,KE,280
Eswatini,,279
Canada,AE,279
Australia,AE,279
Thailand,IT,278
IGO,NA,278
France,SD,278
Iraq,,278
Norway,CO,277
EU,JO,277
Tanzania,FR,277
Hungary,FR,277
India,ZA,276
Germany,UA,276
Singapore,BE,276
IGO,GW,276
Nigeria,ZA,276
Greece,NL,276
Tunisia,,276
Peru,DK,276
Poland,VN,276
EU,TZ,275
Denmark,CZ,275
China,ES,275
Mexico,BD,274
Peru,ZA,274
Switzerland,EE,274
Colombia,GR,274
France,RO,274
Kenya,ET,273
EU,DZ,273
Netherlands,SA,273
Poland,AE,273
Uruguay,JP,272
Spain,UY,272
EU,LK,272
Colombia,TW,272
Israel,IT,271
IGO,DO,271
Singapore,ID,271
UK,JM,271
Sweden,LT,271
Estonia,RU,270
UK,MT,270
Iceland,NO,270
Romania,AU,270
Tanzania,ZA,270
Brazil,SA,270
Nepal,CN,269
Benin,US,269
Philippines,MX,269
Israel,CN,269
Italy,MY,269
Finland,IS,269
Indonesia,SE,268
Spain,LT,268
Paraguay,CH,268
Germany,UG,268
Australia,SK,267
Spain,BG,267
Uruguay,IN,266
Canada,PE,266
Sweden,PH,266
Slovenia,DK,266
Mauritius,AU,265
Ireland,MY,264
Finland,SI,264
Mexico,PH,263
Cyprus,ES,263
Romania,CN,263
Singapore,NZ,263
Malta,,263
USA,PG,262
Austria,TR,262
Colombia,PE,262
Ethiopia,AU,262
Estonia,BR,261
Spain,LU,260
China,IT,260
Kenya,JP,260
Israel,NL,260
Netherlands,BD,260
Venezuela,MX,260
Chile,PT,260
Finland,KE,259
Philippines,IE,259
Thailand,CH,259
Brazil,PH,259
Ghana,ZA,259
Japan,ID,258
Peru,HK,258
USA,GL,257
France,BI,257
Ethiopia,CA,257
Paraguay,UY,257
Mexico,CL,257
Zimbabwe,,257
France,JO,256
Mexico,IL,256
South Korea,VN,256
North Macedonia,MK,256
France,PA,255
Mozambique,GB,255
China,KR,255
Italy,SI,255
Cyprus,IL,255
South Korea,KE,255
Luxembourg,IL,254
Estonia,CZ,254
USA,GU,254
Turkey,RU,254
France,PR,254
Egypt,SE,253
Rwanda,NL,253
Poland,CR,253
Australia,EE,253
Canada,RS,252
Belgium,MY,252
Poland,LK,252
Austria,HK,252
Ghana,DE,252
Argentina,NO,252
Switzerland,RS,251
Slovakia,CZ,251
Czech Republic,ES,250
Philippines,PL,250
Latvia,LT,250
Poland,PK,250
Denmark,SG,249
France,GF,249
Indonesia,BE,249
Switzerland,KE,249
Canada,JO,249
Philippines,GR,249
Colombia,BO,249
IGO,BI,248
Estonia,KR,248
Philippines,HK,248
Egypt,BE,248
South Korea,PH,248
Switzerland,RO,248
Australia,CY,247
Greece,AU,246
Japan,CL,246
IGO,YE,246
Philippines,TW,246
Italy,EG,246
Turkey,SG,246
Spain,BO,245
Norway,SA,245
Switzerland,ET,245
Serbia,DK,245
Namibia,AU,244
France,RW,244
Spain,VE,244
France,BW,244
South Africa,RU,244
South Africa,TH,243
Hungary,CA,243
Indonesia,CH,243
Brazil,QA,243
Croatia,CN,242
USA,BO,242
USA,MN,242
Malaysia,IR,242
New Zealand,IR,241
India,BE,241
Switzerland,BD,240
Chile,TW,240
Jamaica,GB,240
Portugal,CZ,240
Finland,NG,240
Peru,AT,240
Australia,PA,240
Uruguay,MX,239
Australia,HR,239
Greece,BE,239
Haiti,US,239
Germany,CM,238
North Macedonia,ES,238
Ukraine,GB,238
USA,ML,238
Iceland,DE,238
South Africa,PT,238
South Korea,AR,238
Papua New Guinea,GB,238
Slovakia,CH,237
Tanzania,CH,237
South Africa,TW,237
Costa Rica,BR,237
Brazil,BD,237
France,CY,237
Finland,TH,236
Argentina,DK,236
Slovakia,NO,236
Cuba,US,236
EU,UG,236
Canada,CY,236
EU,EC,235
Uruguay,CO,235
Nicaragua,GB,235
Uruguay,IL,235
Japan,PH,235
Iceland,NL,234
Pakistan,AU,234
Ethiopia,NL,234
Mexico,NO,234
Uruguay,NZ,234
France,KW,234
Czech Republic,SE,233
Nigeria,FR,233
Poland,TZ,233
Hungary,SE,233
Sierra Leone,,232
Costa Rica,AU,232
Colombia,PT,232
Montenegro,US,231
Philippines,CZ,231
South Korea,SA,230
IGO,FO,230
Belgium,TH,230
Poland,PE,230
USA,BJ,230
Norway,BG,230
Estonia,HK,229
Australia,TZ,229
Rwanda,KE,228
Pakistan,DE,228
Cape Verde,,227
UK,UA,227
Chile,ZA,227
Ethiopia,DE,227
South Africa,UG,227
IGO,BT,226
Estonia,ZA,226
South Africa,HK,226
Latvia,KR,226
Saudi Arabia,CN,226
India,RU,225
Zambia,,225
Croatia,BE,225
Brazil,VE,225
Georgia,NL,225
Canada,TN,225
Bolivia,CO,224
Lebanon,AU,224
Rwanda,FR,224
UK,CR,224
Slovakia,JP,224
Australia,ET,224
South Africa,ET,224
Spain,PH,224
Oman,GB,223
Singapore,NO,223
Australia,GH,223
Ecuador,ES,223
Kyrgyzstan,,222
Slovakia,BE,222
Bosnia and Herzegovina,GB,222
Colombia,PL,222
IGO,LY,222
Sweden,AE,222
Finland,GH,221
Costa Rica,CA,221
Indonesia,IR,221
Ireland,SI,220
Colombia,IE,220
USA,BA,220
Turkey,HU,220
France,EE,220
Norway,KE,220
Sweden,GH,219
France,IS,219
Palestine,,219
Tanzania,NL,218
Belgium,EE,218
Spain,LB,218
UK,UY,218
Turkey,MX,217
France,GP,217
IGO,MC,217
Qatar,DE,217
Qatar,IN,217
South Africa,MY,217
North Macedonia,CN,216
Mexico,TR,216
Laos,CN,216
Kenya,DK,216
Australia,RO,216
Kenya,BR,216
Taiwan,CH,216
South Africa,GH,216
Ireland,CL,215
South Korea,BD,215
Belgium,KE,215
Germany,TZ,215
Canada,CM,215
Eswatini,GB,215
Malta,US,214
Armenia,,213
Bulgaria,PL,213
Netherlands,PH,213
Botswana,AU,213
Taiwan,BE,213
Bhutan,GB,212
Uganda,NZ,212
Germany,UY,212
IGO,TG,212
Norway,PK,212
IGO,MV,211
Uganda,ET,211
Portugal,MX,211
USA,MC,211
Mozambique,MZ,210
Australia,LB,210
Mexico,NG,210
Latvia,BR,210
Netherlands,HR,210
Netherlands,EE,210
India,TR,210
Netherlands,LU,210
Mexico,HU,210
Italy,LB,210
Netherlands,ET,209
Panama,GB,209
Australia,UG,209
Japan,PK,209
Ukraine,UA,209
Ethiopia,CN,208
China,CH,208
USA,CD,208
Somalia,US,208
Canada,ZW,208
Malaysia,ZA,208
Luxembourg,NO,208
Peru,KR,207
Spain,IS,207
South Korea,CY,207
Qatar,NL,207
Australia,BG,207
Malaysia,AT,207
Barbados,GB,206
Hungary,ES,206
Lithuania,CA,205
India,SG,205
India,DK,205
Brazil,ET,205
Philippines,ID,205
IGO,GP,204
Philippines,MY,204
New Zealand,TH,204
Brazil,SI,204
Estonia,LT,204
Iceland,DK,204
Kazakhstan,US,204
Indonesia,NZ,204
Portugal,IR,204
Thailand,KR,203
Canada,PR,203
Vietnam,US,203
EU,UY,203
Malaysia,IE,203
Norway,HR,202
Mauritius,DE,202
Latvia,NZ,202
Colombia,HK,202
Tanzania,KE,202
UK,EC,202
France,BO,202
UK,BW,202
Brazil,LK,202
Namibia,CA,202
Jordan,GB,201
Serbia,BE,201
Botswana,DE,201
Qatar,IT,201
Cambodia,CA,201
Israel,FR,200
Bulgaria,GR,200
Colombia,IR,200
Canada,LU,200
Slovakia,DK,200
South Korea,PK,200
El Salvador,SV,200
USA,LA,200
Latvia,GR,199
Norway,CY,199
North Macedonia,DK,199
Finland,EG,199
Turkey,ID,199
Egypt,IN,199
South Africa,MX,199
Uganda,FI,199
Morocco,FR,198
North Macedonia,BE,198
Cyprus,DE,198
Trinidad and Tobago,AU,198
UK,KZ,198
Singapore,BR,198
South Africa,SG,197
Philippines,KE,197
Italy,TH,197
Australia,PG,197
Costa Rica,FR,196
Tanzania,IT,196
Indonesia,ZA,196
Finland,BD,196
Fiji,AU,196
Benin,,196
Spain,VN,195
Cape Verde,US,195
Finland,PH,195
Nepal,NO,195
Poland,LT,195
Estonia,TR,194
Uganda,TZ,194
Rwanda,CH,194
Sri Lanka,CN,194
Peru,PT,194
Egypt,JP,193
Bulgaria,CZ,193
Czech Republic,CH,193
Argentina,FI,193
Norway,RO,193
Slovenia,PL,193
Turkey,EG,193
China,SG,193
USA,VI,193
France,JM,193
Qatar,FR,193
Chile,SG,192
USA,TT,192
New Zealand,MY,191
Norway,QA,191
USA,GE,191
Colombia,RU,191
Turkey,PK,191
Russia,SE,191
Peru,JM,191
Rwanda,IT,191
Portugal,HU,191
Costa Rica,IT,191
Turkey,TH,191
Iceland,FR,191
Belgium,LU,191
Nigeria,IN,191
Finland,PK,190
Slovakia,FI,190
Serbia,IN,190
Morocco,GB,190
Poland,PA,190
India,TW,189
Croatia,SE,189
Germany,NP,189
Taiwan,IN,189
Italy,SA,189
Switzerland,LU,189
Canada,CR,189
Taiwan,HK,189
Australia,CM,189
Egypt,DK,188
Brazil,SK,188
Indonesia,SG,188
Argentina,ZA,188
Uruguay,NO,188
Brazil,MA,188
Turkey,CZ,188
Poland,ML,187
Bolivia,MX,187
Serbia,BR,187
Sweden,CY,187
Saudi Arabia,IT,187
Romania,CH,187
Japan,HR,186
Germany,JO,186
USA,MK,186
South Africa,CL,186
Peru,RU,186
Denmark,MX,186
Switzerland,BG,186
USA,CW,186
Costa Rica,DE,186
Finland,SA,186
Moldova,NL,186
Italy,CY,186
Sweden,QA,185
Argentina,IL,185
Greece,TR,185
USA,BM,185
Denmark,CL,185
Egypt,NO,184
France,CD,184
Indonesia,NO,184
Finland,ID,184
Indonesia,DK,184
Australia,MA,184
Nepal,SE,184
IGO,KG,184
South Africa,IR,184
Israel,ES,184
Bulgaria,RU,184
Qatar,CN,184
Latvia,PT,183
Netherlands,RO,183
India,AT,183
Canada,UA,183
El Salvador,IT,183
Paraguay,SE,183
Malaysia,PL,183
IGO,RE,183
Russia,JP,182
Brazil,AM,182
Poland,UG,182
USA,BB,182
France,LT,182
Spain,ET,182
Italy,CO,182
Canada,MW,182
Spain,PR,181
France,GM,181
Saudi Arabia,DE,181
United Arab Emirates,AU,181
Sweden,BG,181
Ireland,TH,181
Kuwait,CN,181
UK,RW,180
Thailand,BR,180
Kiribati,US,180
USA,SY,180
Spain,JO,180
Switzerland,MA,180
Sri Lanka,FR,179
Belgium,CO,179
Sweden,LU,179
IGO,HT,179
Latvia,RU,178
Iran,NL,178
Moldova,BE,178
Portugal,AR,178
Iran,IR,178
Algeria,,178
Tanzania,ES,177
Peru,IE,177
Philippines,TR,177
France,UY,177
Cambodia,JP,177
IGO,BM,177
Ethiopia,IN,177
USA,GW,177
Croatia,CH,176
Tanzania,BR,176
Germany,EC,176
Thailand,ES,176
Canada,DZ,176
Ireland,SA,175
EU,CU,175
Nepal,JP,175
Russia,ES,175
Italy,TN,175
Lithuania,NL,175
Poland,SK,175
Algeria,DZ,175
Greece,CA,174
Norway,SK,174
El Salvador,CA,174
New Zealand,HU,174
North Macedonia,CH,174
Tajikistan,US,174
Rwanda,BE,174
Indonesia,TH,173
Poland,CM,173
Romania,SE,173
UK,PR,173
Taiwan,FI,173
Croatia,NO,173
Russia,CH,173
Brazil,CU,172
Mauritius,FR,172
Estonia,TW,172
Argentina,AT,172
UK,IQ,172
South Africa,AR,172
Nicaragua,ES,172
El Salvador,AU,171
Moldova,AU,171
Serbia,NO,171
Nigeria,IT,171
Brazil,GH,171
Georgia,SE,171
Sweden,TZ,171
USA,IM,171
Australia,JO,171
Bhutan,AU,170
Andorra,,170
Bolivia,CL,170
Costa Rica,MX,170
Fiji,GB,170
Hungary,IT,170
India,IE,170
Switzerland,CY,170
Poland,CY,170
Czech Republic,CN,170
Germany,JM,170
Brazil,PA,169
Lithuania,AU,169
Poland,DZ,169
Nigeria,CH,169
Germany,CR,169
Kenya,CM,169
Lebanon,FR,168
Austria,TW,168
Philippines,TH,168
South Korea,EE,168
Nepal,IT,168
EU,MV,168
China,SE,168
Norway,CU,168
Estonia,LV,168
Senegal,FR,168
Singapore,RU,167
Australia,FJ,167
Latvia,HU,167
Sri Lanka,NO,167
Australia,MW,167
Portugal,RU,167
Sri Lanka,SE,167
Luxembourg,FI,167
France,QA,167
Poland,EC,166
EU,KW,166
Colombia,SG,166
Bulgaria,FI,166
EU,SS,166
Ecuador,CA,166
Netherlands,GH,166
Mozambique,BR,165
Lebanon,CA,165
New Zealand,ID,165
Turkey,CL,165
Italy,ID,165
Slovenia,AT,165
Belgium,BG,165
South Korea,ET,165
USA,FJ,164
IGO,GF,164
Netherlands,SK,164
Kenya,LK,164
Ethiopia,FR,164
South Africa,BW,164
Brazil,EC,164
Poland,FJ,164
Costa Rica,CN,164
Indonesia,GR,164
Ecuador,DE,163
Switzerland,LK,163
Serbia,IL,163
Cambodia,DE,163
Belgium,SK,163
Kyrgyzstan,GB,163
Bulgaria,AT,163
Lithuania,DE,163
Indonesia,IL,163
Poland,EG,162
Slovenia,JP,162
Canada,LT,162
Netherlands,CY,162
New Zealand,EG,162
Sri Lanka,CH,162
Moldova,CH,162
Norway,ET,162
UK,MZ,162
Poland,RO,162
Finland,ET,162
Dominican Republic,CN,162
Thailand,SE,161
Italy,NG,161
Myanmar,GB,161
Austria,MX,161
Peru,TR,161
UK,AZ,161
UK,VE,161
UK,CD,161
Switzerland,PH,161
Paraguay,BE,161
Georgia,FR,161
Luxembourg,CN,160
Serbia,TR,160
Uganda,GH,160
South Africa,PK,160
Panama,PA,160
Iran,IT,160
Serbia,AT,160
Serbia,GR,160
Uruguay,IE,160
UK,CI,160
Paraguay,PT,159
South Africa,ZW,159
Poland,BF,159
United Arab Emirates,AE,159
Sweden,RS,159
Czech Republic,JP,159
Ecuador,FR,159
South Africa,BD,159
Paraguay,KR,159
Uruguay,AT,159
EU,MK,158
Hungary,AU,158
Chile,IR,158
Pakistan,CA,158
Japan,VN,158
Canada,ZM,158
Serbia,FI,158
India,NZ,158
Norway,PH,158
Nigeria,ES,158
Germany,KZ,158
South Africa,TZ,158
Bhutan,IN,158
Japan,SA,158
Kosovo,AU,158
Spain,DZ,158
Nigeria,DK,158
Finland,VN,158
Austria,SI,157
Australia,RS,157
EU,KZ,157
Poland,TN,157
Belgium,RO,157
Egypt,TN,157
India,HK,157
France,CU,157
Ireland,PK,157
Slovenia,BR,157
Australia,EC,157
Laos,,157
Argentina,KR,156
Finland,SK,156
Russia,KR,156
Costa Rica,IN,156
Netherlands,RS,156
Ethiopia,ZA,156
Taiwan,BR,156
Sweden,LB,156
Netherlands,BG,156
Finland,LT,156
Czech Republic,NO,156
Finland,RO,156
Estonia,HU,156
Mexico,NZ,156
Iran,DE,156
EU,NP,155
Latvia,HK,155
Luxembourg,DK,155
UK,FJ,155
Maldives,NZ,155
Canada,BF,154
India,BD,154
UK,MV,154
Iran,ES,154
North Macedonia,NO,154
Colombia,EC,154
Mauritius,CA,154
Slovakia,BR,154
Italy,EE,154
UK,BF,154
Venezuela,BE,153
Canada,BJ,153
Indonesia,PL,153
Belgium,EG,153
Pakistan,IN,153
Saudi Arabia,NL,153
Japan,LK,153
Australia,NC,153
India,FI,153
Peru,TW,153
Ireland,EG,153
EU,CR,153
Norway,LB,152
Sri Lanka,IT,152
Australia,PE,152
El Salvador,BR,152
South Korea,CO,152
Uganda,PK,152
Cyprus,AU,151
Cyprus,CA,151
Czech Republic,BE,151
Australia,CR,151
Singapore,AT,151
Poland,ZW,151
Brazil,RS,151
South Korea,RO,151
Senegal,CA,151
Austria,AR,150
Rwanda,IN,150
Uruguay,FI,150
Malawi,US,150
Sweden,VN,150
Ireland,EE,149
USA,DO,149
Sweden,UG,149
Myanmar,IN,149
France,TT,149
Mexico,DK,149
Moldova,CN,149
Belgium,HR,148
Canada,LV,148
Croatia,AT,148
Oman,OM,148
Belgium,CY,148
Italy,PK,148
El Salvador,DE,148
Moldova,KR,148
Finland,AE,148
India,IL,148
Spain,GH,147
Uruguay,ZA,147
Slovenia,IE,147
IGO,JE,147
Cambodia,NL,146
Chile,RU,146
Denmark,TH,146
Brazil,AE,146
Cambodia,KH,146
Kenya,UG,146
France,RE,146
Honduras,,146
Denmark,MY,146
Philippines,AR,146
Norway,GH,145
Iceland,IT,145
Botswana,CA,145
Paraguay,PE,145
Venezuela,DK,145
Indonesia,EG,145
Norway,AZ,145
Ukraine,DE,145
Indonesia,IE,144
Sweden,LV,144
Kuwait,AU,144
Germany,KW,144
Guatemala,GB,144
Croatia,JP,144
China,IN,144
Ireland,HR,143
Australia,PR,143
Serbia,KR,143
Canada,SN,143
Kosovo,CA,143
Malaysia,SA,143
Kuwait,CA,143
Turkey,CY,143
UK,MO,143
USA,KY,142
Lithuania,FR,142
Brazil,RO,142
Peru,SG,142
Finland,CY,142
Netherlands,AE,142
IGO,LR,142
Uruguay,KR,142
Switzerland,JO,142
Finland,TZ,142
Indonesia,HK,141
Ghana,SE,141
India,TH,141
Switzerland,UG,141
Argentina,NZ,141
Finland,HR,141
Turkey,NG,141
Rwanda,SE,141
Portugal,CL,141
South Africa,PL,141
Canada,UY,140
EU,IQ,140
Japan,BD,140
Denmark,AR,140
Italy,HR,140
Lithuania,LT,140
Indonesia,RU,140
China,TW,140
France,KH,140
Indonesia,PT,140
Costa Rica,CO,140
Singapore,FI,140
Netherlands,MA,140
Saudi Arabia,FR,139
Romania,PT,139
Bolivia,AR,139
South Africa,CZ,139
Zimbabwe,US,139
Turkey,SI,139
Bulgaria,PT,139
Greece,SE,139
Latvia,ZA,139
Peru,GR,139
Nepal,ES,139
Paraguay,AT,139
Singapore,IL,139
UK,OM,139
Uganda,IL,139
USA,AL,139
Sweden,NP,138
Finland,BG,138
Indonesia,FI,138
Colombia,MY,138
Sweden,MA,138
USA,NI,138
IGO,LS,138
Nepal,AT,138
Kiribati,GB,138
Tanzania,ET,138
Germany,SS,138
Mexico,NP,138
Canada,VE,138
Azerbaijan,US,137
Canada,CU,137
Brunei,AU,137
Democratic Republic Of The Congo,US,137
Tajikistan,,137
South Korea,NG,137
Indonesia,PK,137
Paraguay,DK,137
Kenya,IL,137
Denmark,HU,137
UK,BY,137
Czech Republic,DK,137
Egypt,IL,137
Canada,KW,136
France,MZ,136
Ghana,AU,136
Botswana,NL,136
Jamaica,JM,136
Italy,DZ,136
Taiwan,NO,136
India,IR,136
Slovakia,AT,136
Latvia,TR,136
Nigeria,NL,136
Israel,SE,136
Ethiopia,BE,136
Kenya,MW,135
Germany,ZW,135
Colombia,TH,135
Ghana,FR,135
Slovenia,NZ,135
Norway,LT,135
Canada,BW,135
Taiwan,IL,135
South Africa,EG,135
Romania,BE,135
Austria,SK,135
South Korea,LV,134
Dominican Republic,NL,134
Iceland,FI,134
Seychelles,US,134
Sri Lanka,IL,134
Russia,HK,134
South Korea,LU,134
Ethiopia,IT,134
Ecuador,AU,134
IGO,VI,134
Ecuador,NL,133
Taiwan,DK,133
Austria,EE,133
Norway,RS,133
UK,PS,133
Brazil,HR,133
Italy,MA,133
Slovenia,CZ,133
Uganda,HK,133
Venezuela,NO,133
Ireland,SK,133
Paraguay,TR,133
IGO,BZ,133
Nigeria,TR,133
Thailand,IR,133
Denmark,EE,133
Belgium,SA,132
Oman,CA,132
Slovenia,PT,132
Qatar,SA,132
Italy,RO,132
South Africa,SA,132
UK,SL,132
Egypt,BR,132
Switzerland,GH,132
Latvia,SI,132
Rwanda,ET,132
Switzerland,LT,131
Sri Lanka,DK,131
Spain,TZ,131
Poland,MA,131
EU,PF,131
Estonia,IR,131
Qatar,CH,131
Ethiopia,CH,131
Netherlands,QA,131
Pakistan,CN,131
Thailand,TW,131
Kiribati,,131
Italy,BD,131
Malaysia,EG,130
EU,AL,130
Ghana,NL,130
Seychelles,,130
Colombia,CZ,130
South Korea,BG,130
South Korea,AE,130
Paraguay,IR,129
Italy,ET,129
Poland,EE,129
Kenya,RU,129
Brunei,CA,129
Switzerland,LB,129
Ecuador,BR,129
Australia,LV,129
Brazil,CY,129
Spain,UA,129
Indonesia,MX,129
Denmark,GH,129
Guinea,US,129
Kosovo,DE,128
Tanzania,NG,128
UK,SS,128
South Korea,HR,128
United Arab Emirates,CA,128
EU,CM,128
Oman,CN,128
Montenegro,IT,128
Switzerland,VN,128
Georgia,CH,128
Philippines,IR,128
South Africa,ID,128
Brazil,UG,127
EU,PR,127
Bulgaria,IN,127
Australia,NP,127
India,NP,127
Netherlands,LB,127
Spain,CM,127
Egypt,ZA,127
Belize,GB,127
Slovenia,IL,127
Austria,CL,126
France,GT,126
Kenya,FI,126
Singapore,IE,126
Norway,AE,126
Ireland,BD,126
Brazil,VN,126
Argentina,PT,126
Slovenia,HR,125
Malawi,,125
Maldives,DE,125
Portugal,TH,125
Egypt,RU,125
Norway,VN,125
El Salvador,FR,125
China,BE,125
Thailand,DK,125
Philippines,CL,125
France,LV,125
Moldova,ES,125
Greece,CH,125
Belgium,PK,125
Australia,LU,125
Australia,LT,125
Kuwait,IN,125
Ireland,CO,124
Canada,GM,124
Iran,TW,124
Belgium,ID,124
Italy,SK,124
Uganda,AT,124
IGO,ME,124
Iran,IN,124
Russia,IN,124
Brazil,EE,124
Russia,BE,124
New Zealand,KE,124
Dominican Republic,DE,124
Sierra Leone,US,124
Cambodia,FR,124
Germany,ZM,124
France,GA,124
Germany,DZ,124
South Korea,EG,123
France,FJ,123
Malta,GB,123
Switzerland,AE,123
Ecuador,EC,123
Chile,PL,123
Czech Republic,AT,123
Mozambique,ZA,122
EU,BA,122
Kenya,BD,122
Hungary,DK,122
Czech Republic,FI,122
Austria,IR,122
Kenya,TZ,122
Brazil,JO,122
Czech Republic,PL,122
Netherlands,IS,122
Ivory Coast,GB,122
Netherlands,LK,122
Switzerland,UA,122
EU,CI,122
Iran,FR,122
Belgium,MA,122
Austria,HR,122
Iceland,ES,121
Botswana,ES,121
Brazil,BG,121
Egypt,KR,121
Laos,US,121
Maldives,FR,121
Finland,LV,121
New Zealand,SA,121
Estonia,SG,121
Samoa,US,121
Kosovo,IT,121
Qatar,SE,121
France,UA,120
Iceland,CH,120
Croatia,GR,120
Singapore,PH,120
Bulgaria,NZ,120
Philippines,EE,120
UK,CU,120
Mexico,ZW,120
New Zealand,PK,120
New Zealand,HR,120
IGO,GU,120
Maldives,CA,120
Honduras,US,120
Ireland,RO,120
Argentina,UY,120
Kuwait,EG,119
Poland,JM,119
Ukraine,CN,119
Paraguay,TH,119
Uruguay,GR,118
Turkey,SA,118
Brazil,PR,118
Hungary,CH,118
Japan,SK,118
USA,PF,118
Mexico,AT,118
Canada,PA,118
Chile,TH,118
IGO,SC,118
Uruguay,PL,118
Australia,JM,117
Turkey,AR,117
Poland,MW,117
Croatia,IL,117
UK,TT,117
Poland,IS,117
Sri Lanka,BE,117
IGO,SO,117
Tanzania,NO,117
Singapore,TR,117
Cambodia,IN,117
USA,GA,117
Tanzania,SE,117
Romania,NO,117
Egypt,AT,117
Dominican Republic,FR,117
Rwanda,NG,117
UK,SD,117
Japan,CO,116
Rwanda,GH,116
France,OM,116
USA,CG,116
UK,BO,116
Spain,UG,116
Mexico,IR,116
Sri Lanka,JP,116
Slovakia,PL,116
Botswana,CN,115
Japan,SI,115
Turkey,BD,115
Bolivia,EC,115
Thailand,ZA,115
Thailand,BE,115
Philippines,HU,115
Poland,TT,115
Kenya,IE,115
Uganda,IE,115
Denmark,FO,115
Belgium,BD,114
United Arab Emirates,DE,114
Portugal,EG,114
Finland,LU,114
Indonesia,AT,114
Moldova,RO,114
Eswatini,CH,114
Thailand,MY,114
Argentina,IE,113
Bolivia,FR,113
USA,PY,113
Costa Rica,SE,113
Denmark,EG,113
Argentina,RU,113
Netherlands,VN,113
USA,BN,113
Andorra,ES,113
Serbia,HR,113
New Zealand,IS,112
Nigeria,MY,112
Bangladesh,GB,112
Kosovo,NL,112
Portugal,SA,112
Belarus,,112
Japan,BG,112
Tunisia,US,112
Denmark,KE,112
France,NC,112
Kenya,PK,112
EU,MO,112
Singapore,ZA,112
Panama,FR,112
Belgium,NG,112
Cyprus,CH,112
India,GR,112
Romania,AT,112
Lebanon,CN,112
Mexico,PK,111
Poland,BJ,111
Thailand,SG,111
Montenegro,GB,111
Italy,PH,111
Brazil,LB,111
France,IQ,111
UK,KH,111
Brunei,CN,111
Moldova,IN,111
Finland,LB,111
Netherlands,LT,111
Ghana,CH,111
El Salvador,IN,111
Italy,AE,110
Kenya,MX,110
India,MY,110
Bahrain,,110
Egypt,TW,110
Norway,TZ,110
Sweden,CR,110
Italy,LU,110
Sweden,UA,110
Slovenia,KR,110
Ethiopia,SE,110
Qatar,ES,110
Argentina,PE,110
Denmark,PK,110
Uganda,KR,110
China,NZ,109
Poland,UY,109
Nepal,DK,109
Trinidad and Tobago,TT,109
EU,VE,109
Paraguay,TW,109
China,DK,109
Argentina,PL,109
Moldova,RU,109
IGO,SZ,109
Netherlands,LV,109
USA,NE,109
New Zealand,NG,109
Haiti,,109
Denmark,SI,109
UK,SN,109
UK,DZ,109
Australia,MK,109
Costa Rica,JP,109
Ghana,NO,108
Greece,DK,108
New Zealand,SI,108
Turkey,RS,108
Luxembourg,AT,108
South Korea,SK,108
Germany,PS,108
Uruguay,HK,108
Israel,CH,108
Poland,BB,108
Oman,AU,108
Cameroon,GB,108
Australia,TN,108
Trinidad and Tobago,CA,108
USA,NC,107
Venezuela,AT,107
Sri Lanka,ZA,107
Japan,KE,107
Egypt,HK,107
Germany,CI,107
Cyprus,NL,107
Kenya,AT,107
El Salvador,JP,107
Ireland,ID,107
Brazil,CM,107
Hungary,AT,107
Albania,GB,107
India,PK,107
Indonesia,AR,107
North Macedonia,GR,107
Canada,FJ,107
Uganda,BD,107
Sweden,AZ,106
France,LA,106
Mauritius,CN,106
Slovenia,IN,106
South Africa,CO,106
Denmark,BD,106
Austria,CY,106
Uganda,TR,106
Sweden,JO,106
Bolivia,BR,106
Ukraine,CA,105
IGO,FK,105
Netherlands,PE,105
Panama,NL,105
UK,GT,105
Panama,DE,105
Malaysia,PT,105
Canada,JM,105
Tanzania,JP,105
Ireland,LU,105
Saudi Arabia,IN,105
Australia,UA,105
Peru,CR,105
Poland,PR,105
Kiribati,CA,105
France,AM,105
UK,BJ,105
Cuba,GB,104
Egypt,LB,104
Botswana,NG,104
Cambodia,SE,104
China,NO,104
EU,AZ,104
Uganda,MX,104
Italy,RS,104
Turkey,TN,104
Bolivia,DE,104
Croatia,DK,104
Canada,EC,104
Argentina,HK,104
Latvia,TW,104
Uganda,TW,103
Venezuela,PE,103
Mexico,KR,103
Spain,LV,103
Brazil,TZ,103
Venezuela,UY,103
UK,BH,103
Malaysia,PK,103
Germany,MW,103
Japan,GH,103
Guatemala,FR,103
Croatia,SI,103
Egypt,MY,102
IGO,XK,102
Ecuador,IT,102
Taiwan,NZ,102
Cambodia,IT,102
Belgium,RS,102
USA,MU,102
Paraguay,IL,102
Qatar,IL,102
Kiribati,AU,102
USA,MV,102
Colombia,HU,102
Philippines,PE,102
Kenya,NZ,101
Cambodia,CN,101
Canada,SD,101
Nicaragua,CA,101
Greece,AT,101
Egypt,AE,101
Barbados,BB,101
Afghanistan,CN,101
Japan,NG,101
Poland,RS,100
New Zealand,ZM,100
IGO,CW,100
USA,LY,100
USA,BZ,100
EU,SN,100
Malaysia,ID,100
Mongolia,GB,100
Lebanon,DE,100
France,PG,100
Iran,SE,100
Ireland,KE,100
Indonesia,NG,100
Pakistan,FR,100
Switzerland,TN,100
Israel,BE,100
Panama,ES,100
IGO,GN,100
India,LK,100
Bhutan,BT,100
Turkey,HR,99
Mauritius,NL,99
Morocco,MA,99
Tanzania,BE,99
Austria,BG,99
Qatar,BR,99
Moldova,BR,99
USA,VG,99
South Africa,ZM,99
Myanmar,CN,99
Jamaica,CA,98
Peru,PK,98
Andorra,US,98
Singapore,GR,98
Venezuela,IN,98
Brazil,TN,98
Belgium,LT,98
Taiwan,AT,98
Portugal,MY,98
Uruguay,PH,98
Brunei,IN,98
Slovakia,IE,98
Slovenia,GR,98
Saudi Arabia,ES,98
Lithuania,SE,98
Canada,GT,98
South Korea,MA,97
Romania,DK,97
Kenya,TR,97
IGO,MD,97
Turkey,JO,97
Australia,MO,97
Guyana,GB,97
South Africa,MW,97
Pakistan,NL,97
USA,UZ,97
Australia,ZW,97
Ghana,BE,97
EU,BJ,96
Norway,MA,96
El Salvador,CO,96
Belgium,LV,96
Morocco,CA,96
El Salvador,MX,96
Paraguay,MY,96
Spain,MT,96
China,BR,96
Netherlands,TZ,96
Kazakhstan,GB,96
Madagascar,US,96
Germany,BO,96
Norway,LV,95
Greece,NO,95
India,SA,95
Maldives,IT,95
North Macedonia,AT,95
Paraguay,GR,95
Singapore,VN,95
Trinidad and Tobago,CN,95
Mauritius,SE,95
Sierra Leone,GB,95
Chile,PE,95
Italy,QA,95
Brazil,BO,95
Kenya,PT,95
Brazil,LU,95
Botswana,FR,95
USA,MG,95
Denmark,GL,95
Denmark,BG,95
Hungary,JP,95
France,PF,94
Uruguay,PT,94
Serbia,IE,94
Jamaica,AU,94
Nicaragua,FR,94
Slovakia,IL,94
Nigeria,JP,94
Mexico,SY,94
Slovakia,KR,94
Ukraine,FR,94
EU,GW,94
Ireland,BG,94
Nigeria,SE,94
Philippines,CO,94
Greece,IE,94
Austria,TH,94
Nepal,ZA,94
Sudan,,94
Venezuela,JP,94
Russia,NO,94
Colombia,VE,94
Spain,PF,94
Chile,CZ,94
Myanmar,AU,94
Peru,KE,94
Singapore,MX,94
Switzerland,CM,94
Germany,PR,94
Panama,CN,93
Belgium,IS,93
Sweden,NI,93
Argentina,TR,93
Norway,LU,93
Ireland,CY,93
Guinea,,93
Singapore,PT,93
UK,BA,93
Tunisia,FR,93
Georgia,ES,93
Eswatini,DE,93
Estonia,MY,93
New Zealand,CO,92
South Korea,IS,92
Senegal,DE,92
Canada,KZ,92
Paraguay,PL,92
Bhutan,CN,92
Philippines,SI,92
Sudan,US,92
Pakistan,IT,92
Estonia,SI,92
Canada,SY,92
Luxembourg,JP,92
EU,OM,92
Poland,HR,92
Romania,HU,92
EU,BY,92
Finland,UG,91
Spain,KW,91
Ecuador,CN,91
Ireland,IS,91
South Korea,GH,91
Australia,KW,91
Dominican Republic,ES,91
Nicaragua,IT,91
UK,GM,91
Uruguay,TR,91
Romania,IN,91
Norway,JO,91
India,CZ,91
Lebanon,NL,91
Nicaragua,DE,91
Rwanda,ES,91
Kenya,CO,91
Croatia,PL,90
New Zealand,EE,90
Slovakia,GR,90
UK,MK,90
Romania,TR,90
Finland,MA,90
Iran,TR,90
North Macedonia,JP,90
IGO,ER,90
France,KZ,90
Poland,LU,90
Bolivia,CA,89
Mexico,FI,89
Bulgaria,IL,89
Vanuatu,US,89
Israel,NO,89
USA,SL,89
Myanmar,JP,89
Netherlands,TN,89
Slovakia,IN,89
Greece,PT,89
France,JE,89
Ireland,NG,89
Egypt,IE,89
Brunei,DE,89
Poland,BW,89
Ghana,NG,89
Turkey,RO,89
Brunei,NL,89
Senegal,AU,89
Finland,LK,89
Denmark,SA,89
Moldova,SE,89
Egypt,FI,89
Mexico,CZ,88
Ethiopia,NO,88
Kuwait,IR,88
Philippines,NG,88
Slovakia,TR,88
Bosnia and Herzegovina,AU,88
Kenya,MY,88
Vanuatu,,88
Israel,DK,88
Italy,BG,88
Australia,RE,88
Kenya,CL,88
India,MX,88
Italy,GH,88
Turkey,KE,88
Suriname,,88
UK,ML,88
Peru,BD,88
Malaysia,CZ,88
USA,NA,88
Paraguay,NZ,88
Uruguay,TW,88
Ecuador,CO,88
Bolivia,NL,88
Ireland,AE,88
USA,GD,88
Ethiopia,KE,88
Canada,OM,88
Nepal,BD,87
Paraguay,NO,87
Saudi Arabia,CH,87
Brunei,IT,87
Argentina,TW,87
Sweden,TN,87
Lebanon,ES,87
Democratic Republic Of The Congo,,87
North Macedonia,IN,87
Belarus,US,87
India,PT,87
Germany,BF,87
Ukraine,IT,87
Canada,SS,87
Spain,PA,87
Colombia,ID,87
Philippines,VN,87
Sweden,ZW,87
Australia,KH,86
Egypt,GR,86
Panama,IT,86
Netherlands,JO,86
Tanzania,DK,86
Serbia,TW,86
Romania,BR,86
Seychelles,GB,86
Paraguay,ZA,86
Portugal,SI,86
Norway,UA,86
Indonesia,SA,86
Germany,VE,86
Germany,MT,86
Australia,KZ,86
Australia,OM,86
Denmark,CO,86
Sweden,MT,86
Ireland,LT,86
Kenya,KR,86
Myanmar,CA,86
Iceland,NZ,86
Switzerland,BH,85
Bulgaria,BR,85
Indonesia,PH,85
Rwanda,JP,85
Georgia,JP,85
Germany,AM,85
Thailand,NO,85
Dominican Republic,MX,85
Spain,MO,85
India,AE,85
Luxembourg,IE,85
Saudi Arabia,SE,85
Poland,ZM,85
USA,RE,85
Cyprus,SE,85
IGO,TL,85
Italy,LV,85
Indonesia,CZ,85
IGO,GY,85
Costa Rica,CH,85
Ethiopia,JP,84
IGO,MQ,84
Peru,NG,84
Uganda,RU,84
Kenya,ID,84
Uganda,MY,84
Austria,MY,84
Cape Verde,GB,84
South Korea,RS,84
Maldives,IN,84
New Zealand,BD,84
Kosovo,FR,84
Austria,RO,84
Qatar,AE,84
Ethiopia,NG,84
Panama,JP,84
Ireland,RS,84
Brazil,LT,84
Germany,IQ,84
China,FI,84
France,MG,84
Czech Republic,IL,84
Nepal,MY,84
Bangladesh,BD,83
Latvia,IR,83
Brunei,FR,83
Tanzania,UG,83
Mexico,IE,83
Thailand,HK,83
Kenya,CI,83
EU,GP,83
New Zealand,SK,83
Estonia,HR,83
Colombia,EG,83
Sri Lanka,IE,83
Australia,SD,83
UK,CG,83
Georgia,GE,83
Papua New Guinea,CA,83
India,KE,83
Slovakia,MY,83
Moldova,IL,83
Sri Lanka,ES,83
Uganda,EG,82
Malaysia,MX,82
IGO,FM,82
Germany,BA,82
Slovenia,HK,82
Barbados,AU,82
Canada,MV,82
Botswana,IN,82
Somalia,GB,82
Ukraine,AU,82
IGO,KY,82
Argentina,GR,82
Ecuador,MX,82
Croatia,BR,82
Barbados,CA,82
Estonia,RO,82
Germany,OM,82
Portugal,SK,81
Ghana,DK,81
USA,GI,81
Australia,UY,81
UK,BB,81
UK,AM,81
North Macedonia,HK,81
Canada,IQ,81
IGO,ST,81
Finland,PE,81
Mexico,MW,81
Finland,RS,81
Finland,QA,81
Samoa,,81
Taiwan,IE,81
Nepal,BR,81
Germany,MK,81
Cyprus,TR,81
Cyprus,CN,81
San Marino,US,81
Canada,MO,81
Russia,DK,81
USA,GP,81
Israel,JP,81
Sri Lanka,SG,81
Iran,JP,80
Senegal,ZA,80
Qatar,IR,80
Germany,MO,80
Thailand,FI,80
Brunei,JP,80
Bulgaria,RO,80
Finland,UA,80
Finland,AM,80
Zambia,GB,80
Afghanistan,AU,80
Netherlands,UG,80
Myanmar,DE,80
Timor Leste,US,80
Romania,PL,80
Belgium,PH,80
Estonia,MX,80
South Africa,HU,80
Austria,KE,80
Estonia,CL,80
Italy,IS,80
Dominican Republic,AU,80
Finland,CM,80
Portugal,HR,80
Georgia,BE,80
France,TG,80
South Africa,PH,80
Mauritius,CH,80
Colombia,CR,80
Germany,BY,80
Luxembourg,RU,80
Japan,MA,79
Poland,BO,79
South Korea,LT,79
UK,BN,79
North Macedonia,TR,79
Colombia,SA,79
Qatar,ZA,79
Taiwan,SG,79
Mexico,GH,79
Dominican Republic,CA,79
Nigeria,BR,79
EU,CD,79
Thailand,NZ,79
Guatemala,ES,79
Malaysia,VN,79
Poland,CI,79
Qatar,PK,79
Slovenia,TR,79
Colombia,PK,79
Australia,BB,79
New Zealand,FJ,79
EU,GA,79
Liberia,CH,79
Lithuania,ES,79
IGO,AS,79
Rwanda,BR,79
El Salvador,CL,78
Portugal,NG,78
Norway,LK,78
Luxembourg,BR,78
Mexico,TH,78
Tanzania,FI,78
Uganda,IR,78
Denmark,SK,78
Peru,CZ,78
Spain,BY,78
Hungary,BE,78
Brazil,LV,78
Switzerland,PE,78
Cameroon,FR,78
Sweden,CM,78
EU,AM,78
Iran,MY,78
Netherlands,UA,78
Georgia,DK,78
Panama,CA,78
Indonesia,BD,78
Sweden,PE,78
Costa Rica,BE,78
Japan,RO,78
Philippines,BD,78
Senegal,NL,78
Sri Lanka,TH,78
Slovakia,NZ,78
USA,AF,78
Croatia,PT,78
United Arab Emirates,NL,78
Egypt,PT,78
Serbia,PL,77
Turkey,KZ,77
Philippines,ET,77
Uganda,GR,77
Cameroon,CM,77
Ecuador,CL,77
Peru,MY,77
Colombia,BD,77
Belgium,AE,77
El Salvador,NL,77
Iraq,CN,77
Romania,JP,77
Kenya,SG,77
Sri Lanka,BR,77
EU,GE,77
USA,YE,77
Netherlands,NP,77
Norway,PR,76
Sri Lanka,NZ,76
Slovenia,TW,76
Montenegro,HR,76
Poland,MN,76
Malawi,GB,76
UK,SY,76
Sri Lanka,RU,76
Spain,KZ,76
Brazil,MZ,76
Romania,FI,76
Mexico,PT,76
Nigeria,KR,76
Lithuania,IT,76
Oman,DE,76
Ireland,QA,76
Kenya,TW,76
Costa Rica,NL,76
Mauritius,JP,76
India,PL,76
Chile,CR,76
Ireland,MA,75
Norway,KZ,75
Ecuador,SE,75
France,CG,75
Kuwait,SA,75
Uganda,MW,75
Croatia,IE,75
Lebanon,CH,75
Pakistan,CH,75
Slovakia,TW,75
Austria,PK,75
UK,MM,75
Liberia,AU,75
Portugal,EE,75
Peru,EC,75
Portugal,PK,75
Germany,RW,74
Switzerland,CI,74
Japan,EE,74
Bosnia and Herzegovina,CA,74
Switzerland,LV,74
Hungary,NO,74
Kenya,CZ,74
Ukraine,NL,74
Denmark,ID,74
Canada,MU,74
Nigeria,BE,74
China,AT,74
Bulgaria,ZA,74
Croatia,FI,74
Poland,JO,74
Slovakia,PT,74
Colombia,NG,73
Malaysia,LB,73
Dominican Republic,CH,73
IGO,AO,73
UK,PA,73
Paraguay,EG,73
Jordan,AU,73
Uganda,ID,73
Paraguay,RU,73
Luxembourg,IN,73
Poland,KZ,73
Austria,EG,73
India,ID,73
Zimbabwe,GB,73
Hungary,PL,73
Italy,VN,73
Latvia,SK,73
Singapore,CZ,73
Sweden,IQ,73
Uganda,VN,73
Morocco,ES,73
Costa Rica,CL,73
Trinidad and Tobago,ES,73
EU,BF,73
Mexico,RU,73
Chile,UY,73
Georgia,FI,73
Switzerland,PS,72
Angola,US,72
Australia,VE,72
Germany,AL,72
Canada,BY,72
France,BT,72
Bulgaria,KR,72
Turkey,LB,72
Russia,IR,72
Belgium,UA,72
Japan,LU,72
France,SL,72
EU,ZW,72
Austria,UA,72
Germany,BH,72
Netherlands,KW,72
Canada,AM,72
Japan,AE,72
Russia,TR,72
El Salvador,SE,72
France,UZ,72
Saudi Arabia,QA,72
Mauritius,IT,72
IGO,SR,72
Czech Republic,IE,71
Australia,ZM,71
Spain,NP,71
Spain,PY,71
Bhutan,JP,71
Belize,AU,71
Qatar,NO,71
Serbia,HK,71
Mauritius,MU,71
Panama,CH,71
India,EG,71
IGO,TD,71
Greece,PL,71
Palau,US,71
Turkey,BG,71
Nigeria,PK,71
Canada,RW,71
Turkey,MA,71
Georgia,IL,71
Croatia,IN,71
Oman,IT,71
Montenegro,ME,71
Mexico,PL,70
Greece,RU,70
Chile,SA,70
Japan,KH,70
Mauritius,IN,70
Thailand,TR,70
Denmark,NG,70
Mauritius,AT,70
Saudi Arabia,BR,70
Nepal,BE,70
Greece,CN,70
Nepal,TH,70
Kenya,PH,70
Germany,BW,70
Egypt,CL,70
USA,GF,70
Peru,TH,70
Sri Lanka,MY,70
New Zealand,PH,70
Mexico,TZ,70
Egypt,SA,70
Venezuela,RU,70
Israel,IE,70
Ethiopia,BR,70
Portugal,RO,69
Latvia,MY,69
Egypt,SG,69
Japan,PE,69
Uganda,SG,69
Croatia,HU,69
Rwanda,DK,69
Serbia,CZ,69
Brazil,CI,69
Taiwan,TR,69
El Salvador,CH,69
Guyana,AU,69
Thailand,ID,69
France,MT,69
Rwanda,UG,69
Yemen,,68
Slovakia,ZA,68
Trinidad and Tobago,DE,68
Luxembourg,PL,68
Chile,MY,68
Estonia,PK,68
Belgium,QA,68
Luxembourg,KR,68
Kuwait,DE,68
South Korea,UA,68
Turkey,AE,68
Pakistan,ES,68
Jamaica,DE,68
Eswatini,NL,68
Norway,DZ,68
South Korea,CM,68
Colombia,UY,68
Iran,KR,68
Trinidad and Tobago,FR,68
Ghana,IT,68
Georgia,CN,68
Nicaragua,BR,68
Iran,FI,68
Switzerland,EC,67
Bhutan,CA,67
Romania,GR,67
Japan,RS,67
New Zealand,GH,67
Maldives,MV,67
Bangladesh,AU,67
Jordan,IN,67
Italy,LT,67
Netherlands,IQ,67
Lebanon,IT,67
IGO,CF,67
Denmark,LT,67
Netherlands,MK,67
Thailand,AT,67
Finland,TN,67
Venezuela,SG,67
Nicaragua,CN,67
Ireland,ET,67
Botswana,IT,67
Dominican Republic,CO,67
Germany,DO,66
Mauritania,,66
France,GW,66
Brazil,TT,66
Canada,BO,66
Bolivia,AU,66
Benin,GB,66
Slovenia,IR,66
Eswatini,CA,66
Malaysia,AR,66
Singapore,IR,66
Spain,IQ,66
Turkey,DZ,66
Qatar,TR,66
Sudan,GB,66
Paraguay,FI,66
Spain,AM,66
Guyana,CA,66
Malaysia,AE,66
Taiwan,PL,66
South Sudan,,66
USA,BI,66
Canada,KH,66
Indonesia,HU,66
Canada,MT,66
Kenya,HK,66
Ukraine,ES,66
Czech Republic,GR,66
Nepal,KR,66
Qatar,EG,66
Philippines,EG,66
Ireland,PH,66
Iran,NO,65
Namibia,NA,65
Guyana,BR,65
Venezuela,IE,65
Nigeria,GH,65
North Macedonia,IL,65
Bolivia,BO,65
Romania,RU,65
Cambodia,BE,65
Peru,PL,65
IGO,GD,65
Netherlands,ZW,65
Saint Kitts and Nevis,GB,65
Romania,IL,65
Bulgaria,EE,65
Norway,PE,65
Norway,CM,65
Portugal,RS,65
USA,FO,65
Spain,MV,65
Peru,ID,65
Australia,DZ,65
Ukraine,JP,65
Argentina,IR,65
Hungary,FI,65
Slovakia,HK,64
Venezuela,ZA,64
UK,GE,64
China,MY,64
Poland,NA,64
IGO,LI,64
Venezuela,KR,64
Nicaragua,AU,64
Chile,EG,64
Kosovo,SE,64
Qatar,BE,64
Venezuela,PT,64
Indonesia,CL,64
Pakistan,SE,64
India,ET,64
Venezuela,VE,64
Serbia,NZ,64
Suriname,US,64
Sri Lanka,HK,64
Slovakia,HU,64
France,NA,64
Norway,MT,64
UK,FO,64
Saudi Arabia,ZA,64
Uganda,CM,64
South Korea,JO,64
Sweden,MW,64
Nepal,NZ,63
New Zealand,MA,63
Poland,QA,63
Netherlands,DZ,63
Cyprus,DK,63
Nigeria,GR,63
Philippines,PK,63
Netherlands,CM,63
Japan,NP,63
Maldives,CN,63
Afghanistan,JP,63
Ecuador,DK,63
Malaysia,NG,63
Ghana,CN,63
Netherlands,JM,63
EU,LA,63
Singapore,PL,63
Poland,BS,63
Spain,OM,63
Rwanda,NO,63
Turkey,SK,63
South Korea,MO,63
Latvia,RO,63
New Zealand,NC,63
South Africa,NP,63
Vietnam,GB,63
USA,HN,63
Brazil,DZ,63
Peru,BO,63
North Macedonia,NZ,63
Australia,PF,63
Bolivia,PE,63
Kenya,BJ,62
Malaysia,CL,62
Malta,MT,62
Austria,QA,62
Botswana,TR,62
Trinidad and Tobago,NL,62
Cyprus,BE,62
Slovakia,IR,62
Morocco,DE,62
Kuwait,TR,62
Venezuela,GR,62
Germany,SN,62
Denmark,HR,62
Israel,KR,62
Poland,SY,62
Italy,LK,62
Iran,BE,62
Laos,TH,62
Canada,AZ,62
Tanzania,GH,62
Brazil,JM,62
Spain,SS,62
France,BZ,62
Russia,IL,62
Ethiopia,GH,62
Slovenia,ZA,62
Switzerland,OM,62
Egypt,IR,62
Denmark,LU,62
Saudi Arabia,EG,61
Kenya,GR,61
Dominican Republic,IT,61
Poland,GL,61
Moldova,PT,61
Mexico,HK,61
Brazil,MO,61
Latvia,HR,61
Qatar,DK,61
Mauritius,ES,61
Germany,CD,61
Nepal,TR,61
Estonia,EG,61
Portugal,CO,61
Austria,LU,61
Burkina Faso,,61
Greece,IN,61
Brazil,BJ,61
EU,PS,61
Bulgaria,IE,61
Paraguay,SG,61
Serbia,IR,61
Kuwait,MY,61
Morocco,AU,61
Afghanistan,IN,61
Norway,TN,61
Serbia,HU,61
Belgium,ET,61
Uruguay,TH,61
USA,SV,61
Canada,ML,60
Paraguay,CR,60
Ireland,LV,60
Latvia,CL,60
Norway,NP,60
Belgium,GH,60
Bhutan,FR,60
Iceland,BE,60
Egypt,NZ,60
Malaysia,PH,60
Nepal,PK,60
USA,HT,60
Russia,AT,60
Oman,IN,60
EU,XK,60
Norway,FO,60
Ireland,UG,60
Uganda,CL,60
Croatia,HK,60
Canada,MZ,60
Switzerland,BN,60
Turkey,ET,60
Brunei,KR,60
Seychelles,AU,60
Moldova,NO,60
Serbia,PT,60
Canada,MN,60
Norway,UG,60
South Africa,CM,60
Germany,FJ,60
Afghanistan,CA,60
Australia,GU,60
South Korea,LK,59
Malaysia,RU,59
USA,SO,59
Israel,NZ,59
Croatia,CZ,59
Kosovo,XK,59
Mexico,PE,59
Uganda,AR,59
Kosovo,CN,59
Brazil,ZW,59
Argentina,CZ,59
Denmark,CY,59
Jamaica,FR,59
Spain,BF,59
Oman,NL,59
EU,PA,59
Philippines,HR,59
Micronesia,US,59
Netherlands,UY,59
Thailand,GR,59
USA,LR,59
Fiji,FJ,59
Czech Republic,BR,59
Paraguay,CZ,59
Australia,SS,59
Cambodia,TH,59
Costa Rica,AR,59
Philippines,LK,59
Bosnia and Herzegovina,BA,58
Switzerland,UY,58
Austria,SA,58
Turkey,LT,58
Singapore,CL,58
Portugal,LU,58
Argentina,SG,58
Croatia,ZA,58
Switzerland,TZ,58
Finland,MO,58
Solomon Islands,,58
Bahrain,GB,58
Saudi Arabia,JP,58
USA,TG,58
Paraguay,VE,58
Chile,NG,58
Ghana,ES,58
Poland,KG,58
Russia,FI,58
Norway,SJ,58
Germany,CU,58
Hungary,CN,58
Madagascar,,58
Argentina,TH,58
Austria,LT,58
Russia,BR,58
Belize,AT,58
Greece,ZA,58
Venezuela,IL,58
Czech Republic,ZA,58
Croatia,NZ,58
Palestine,US,58
Portugal,CY,58
Russia,IE,58
Italy,UG,58
Turkey,EE,57
Israel,GR,57
France,MU,57
Colombia,KE,57
Brunei,MY,57
Azerbaijan,AZ,57
Denmark,RO,57
Maldives,NL,57
Poland,LB,57
Fiji,DE,57
Vietnam,AU,57
EU,ME,57
Afghanistan,DE,57
Sao Tome and Principe,US,57
Bhutan,DE,57
Tanzania,IR,57
Iran,HK,57
Saudi Arabia,KR,57
Cambodia,ES,57
Sweden,MO,57
China,IE,57
Bolivia,IT,57
Canada,TT,57
Colombia,CU,57
Sweden,ZM,56
Bolivia,DK,56
Kosovo,CH,56
Cambodia,SG,56
Qatar,JP,56
France,BN,56
South Korea,MK,56
Iceland,IL,56
Colombia,ET,56
Poland,AZ,56
Austria,NG,56
Rwanda,IE,56
Colombia,SI,56
Israel,HK,56
UK,NA,56
Argentina,CR,56
Syria,US,56
Portugal,ID,56
Guatemala,MX,56
Kenya,AR,56
Japan,MN,56
Paraguay,HK,56
Tanzania,PT,56
Ukraine,PL,56
Bulgaria,HU,56
Bosnia and Herzegovina,NL,56
South Korea,KZ,55
Uganda,CO,55
Thailand,IL,55
EU,KH,55
Ecuador,CH,55
Canada,MM,55
Indonesia,KE,55
Cyprus,FI,55
San Marino,,55
Bulgaria,AR,55
Sri Lanka,TR,55
Moldova,PL,55
Ethiopia,KR,55
Switzerland,AG,55
Nicaragua,NL,55
Iran,BR,55
Sweden,KZ,55
Belize,CA,55
UK,AL,55
Ecuador,IN,55
Georgia,IN,55
Taiwan,ZA,55
Namibia,CN,55
Romania,CZ,55
Mexico,TW,55
Japan,IS,54
Latvia,MX,54
Germany,PA,54
Chile,HU,54
Bulgaria,TR,54
Tunisia,TN,54
Malaysia,LK,54
Estonia,SK,54
EU,ZM,54
Uganda,PT,54
Austria,RS,54
UK,NE,54
UK,LA,54
South Korea,QA,54
Namibia,ES,54
UK,GL,54
Brazil,SD,54
Chile,PK,54
Nicaragua,IN,54
Brunei,SG,54
New Zealand,AE,54
EU,SY,54
Israel,IN,54
Malaysia,ET,54
Australia,MT,54
Mauritius,NO,54
Iceland,AT,54
Brazil,AO,54
Qatar,NZ,54
Paraguay,IE,54
Argentina,EC,54
Turkey,PH,54
USA,KG,54
Germany,KH,54
Bosnia and Herzegovina,DE,54
Canada,PS,54
Czech Republic,NZ,54
Indonesia,GH,54
United Arab Emirates,FR,54
Saudi Arabia,TR,54
Chile,SI,53
Austria,IS,53
Kazakhstan,DE,53
Cambodia,KR,53
Australia,AZ,53
Oman,FR,53
Germany,GE,53
Czech Republic,HK,53
Cambodia,CH,53
USA,XK,53
India,NG,53
Panama,AU,53
Israel,BR,53
Haiti,FR,53
Australia,TT,53
UK,PG,53
Peru,VE,53
Greece,BR,53
Uganda,ZW,53
Brazil,PY,53
Singapore,BD,53
EU,NE,53
Latvia,SG,53
Montenegro,DE,53
Ethiopia,DK,53
Austria,ID,53
Botswana,DK,53
Thailand,PL,53
South Korea,TN,53
Egypt,JO,53
Romania,LT,52
Canada,PG,52
Paraguay,EC,52
Iran,DK,52
Iran,GR,52
Lebanon,JP,52
Uruguay,RU,52
Nicaragua,CO,52
Guatemala,DE,52
Spain,SN,52
Bahamas,CO,52
Mexico,GR,52
Estonia,AR,52
Mexico,ID,52
Cambodia,TW,52
USA,BS,52
Iran,SG,52
South Korea,MT,52
Spain,GT,52
Peru,IR,52
Dominican Republic,DO,52
Brunei,SE,52
Qatar,HK,52
Nepal,SG,52
Netherlands,KZ,52
Israel,FI,52
Saudi Arabia,IR,52
Spain,DO,52
Micronesia,,52
South Korea,PE,52
Sri Lanka,FI,52
Kenya,ZM,52
Sweden,BY,51
Belgium,LB,51
Thailand,IE,51
Switzerland,NP,51
Norway,SD,51
Belgium,LK,51
South Korea,TZ,51
Czech Republic,SK,51
Spain,MW,51
Indonesia,ET,51
New Zealand,VN,51
Norway,GL,51
Tanzania,PK,51
Egypt,AR,51
South Korea,NP,51
Nicaragua,CL,51
Timor Leste,GB,51
Portugal,MA,51
Georgia,BR,51
Cambodia,DK,51
Poland,MC,51
Papua New Guinea,PG,51
Croatia,RS,51
Samoa,AU,51
Poland,UA,51
Costa Rica,CZ,51
IGO,KN,51
Egypt,PK,51
Portugal,BG,51
Uganda,LK,51
South Africa,SK,51
Uzbekistan,,51
Venezuela,FI,51
Brazil,GW,51
Nepal,FI,51
Japan,UA,51
Kuwait,IT,51
Ghana,IN,51
Nepal,RU,51
Singapore,PK,51
Kuwait,ES,51
South Africa,VN,51
France,BY,51
Lesotho,US,51
Venezuela,HK,50
EU,MW,50
Nigeria,TW,50
Bahrain,BH,50
Kuwait,FR,50
Dominican Republic,IN,50
Russia,GR,50
Kenya,SN,50
Norway,EC,50
South Korea,KW,50
USA,AS,50
Rwanda,NZ,50
Kosovo,ES,50
Norway,MW,50
France,MQ,50
United Arab Emirates,NO,50
Guatemala,CA,50
Cuba,SE,50
Finland,UY,50
Germany,BJ,50
South Africa,MA,50
Belgium,PE,50
Ethiopia,ES,50
Kenya,PL,50
Botswana,JP,50
Finland,MW,50
Bolivia,AT,50
IGO,MR,50
South Africa,PE,50
Kyrgyzstan,DE,50
Mongolia,CA,50
Iraq,CA,50
Indonesia,VN,50
Romania,NZ,50
USA,BT,50
France,MM,50
Peru,PH,49
Australia,CU,49
Czech Republic,IN,49
Austria,CO,49
Brazil,UA,49
Iceland,CN,49
Papua New Guinea,DE,49
India,CL,49
Bhutan,TW,49
UK,AF,49
Australia,BF,49
Denmark,ET,49
New Zealand,RS,49
Guatemala,CH,49
Angola,,49
South Africa,AE,49
EU,SD,49
Tanzania,TR,49
Kuwait,TW,49
UK,MU,49
France,MV,49
Pakistan,BE,49
Ecuador,JP,49
Kenya,ZW,49
New Zealand,CY,49
India,PH,49
South Africa,LK,49
Lebanon,TR,49
Denmark,MW,49
Australia,SY,49
USA,SC,49
Kuwait,KR,49
Belgium,PF,49
New Zealand,AZ,49
Kenya,VN,49
Egypt,KW,49
Cambodia,FI,49
France,MO,49
IGO,TJ,49
IGO,VU,49
Ukraine,CH,49
Tanzania,NZ,49
Brazil,KW,49
Cambodia,MY,49
Saudi Arabia,DK,49
South Korea,LB,49
Cyprus,JP,49
Greece,FI,49
Kenya,BF,49
Israel,IR,48
Finland,MZ,48
Uganda,GM,48
Taiwan,IR,48
Turkey,IS,48
Chile,EC,48
Switzerland,CU,48
Italy,PE,48
Poland,SI,48
Paraguay,CU,48
India,AR,48
Australia,AM,48
Lithuania,FI,48
Russia,SG,48
France,GL,48
Lesotho,,48
Burundi,US,48
Spain,SV,48
Canada,PF,48
Taiwan,TH,48
Nepal,HK,48
Luxembourg,PT,48
France,MN,48
Albania,ES,48
EU,BW,48
Czech Republic,PT,48
Netherlands,EC,48
Morocco,CN,48
Sao Tome and Principe,,48
Argentina,BO,48
Sweden,DZ,48
Mexico,ZM,48
Latvia,TH,48
Brazil,NP,48
Indonesia,RO,48
Venezuela,CR,48
Denmark,PH,48
USA,MQ,48
Belgium,DZ,48
Finland,ZM,48
Estonia,MA,48
Germany,NE,48
Sweden,EC,48
Fiji,CA,48
Chile,AE,48
Turkey,CO,48
Serbia,BA,48
North Macedonia,PT,48
Ireland,MV,48
Botswana,MX,48
Philippines,RO,47
Iceland,IE,47
Kenya,EG,47
New Zealand,LK,47
EU,MN,47
Botswana,SG,47
Italy,JO,47
Myanmar,ID,47
Maldives,SE,47
Poland,LV,47
El Salvador,IR,47
EU,MG,47
Togo,,47
Mozambique,PT,47
Saudi Arabia,AE,47
New Zealand,RO,47
France,NI,47
Philippines,SA,47
Mexico,EG,47
Netherlands,PR,47
Botswana,NO,47
Finland,CI,47
Kenya,TH,47
Italy,AZ,47
Barbados,DK,47
South Africa,CR,47
Japan,ET,47
Germany,ML,47
Mauritius,NZ,47
UK,IM,47
Nepal,IL,47
UK,LS,47
Nicaragua,JP,47
Jordan,FR,47
Uganda,CZ,47
Bulgaria,TW,47
Romania,IE,47
Singapore,PE,47
Slovenia,HU,47
New Zealand,SD,46
IGO,AG,46
South Africa,CY,46
Russia,SA,46
Singapore,SI,46
Botswana,RO,46
Montenegro,CA,46
Uganda,ZM,46
Singapore,SA,46
Switzerland,BJ,46
North Macedonia,ZA,46
Bolivia,CR,46
France,BB,46
Switzerland,IQ,46
Liberia,FR,46
Poland,UZ,46
Indonesia,AE,46
Germany,MU,46
Saudi Arabia,JO,46
Nepal,KE,46
Montenegro,ES,46
Lebanon,BR,46
Estonia,ID,46
Lebanon,IL,46
Paraguay,PK,46
Kyrgyzstan,IT,46
Afghanistan,CH,46
China,IL,46
Bhutan,NL,46
Portugal,IS,46
North Macedonia,TW,46
Australia,FK,46
Afghanistan,AF,46
Sri Lanka,KR,46
Liberia,ZA,46
Pakistan,AT,46
Jordan,DE,46
Mozambique,AU,46
Canada,SL,46
Russia,TW,46
UK,MC,46
Senegal,BE,46
Cambodia,TR,46
Finland,CR,46
Lebanon,IN,46
Pakistan,JP,46
Japan,TN,46
Japan,UG,46
EU,TT,46
Mexico,MY,46
Vanuatu,GB,46
Estonia,SA,46
Rwanda,TZ,46
Australia,AL,46
France,HN,45
Saudi Arabia,GR,45
UK,CW,45
EU,BO,45
Tanzania,KR,45
Italy,UA,45
Taiwan,PT,45
Malaysia,BD,45
Australia,ML,45
Armenia,GB,45
South Korea,BA,45
Australia,VI,45
EU,JM,45
Singapore,EG,45
Portugal,LB,45
Tanzania,MY,45
Jamaica,NL,45
Venezuela,NZ,45
Thailand,MX,45
Mexico,LK,45
Guinea,GB,45
Uruguay,NG,45
China,PT,45
Latvia,EG,45
Mongolia,CN,45
Iraq,IN,45
Iran,PT,45
Austria,VN,45
Iran,NZ,45
Lebanon,SE,45
Kuwait,JP,45
Poland,NE,45
Switzerland,MO,45
Portugal,VN,45
France,AZ,45
Afghanistan,NL,45
Iran,ZA,45
Hungary,GR,45
Haiti,GB,45
Bolivia,BE,45
UK,GI,45
Egypt,NG,45
Cape Verde,PT,44
Kyrgyzstan,FR,44
Ireland,LK,44
Kenya,TG,44
Nigeria,NO,44
Costa Rica,LK,44
Spain,KH,44
Netherlands,SS,44
Estonia,BG,44
Georgia,NO,44
Switzerland,PR,44
Moldova,DK,44
Lebanon,DK,44
Tanzania,IL,44
China,RU,44
Argentina,PK,44
Croatia,SK,44
Moldova,FI,44
Cuba,NL,44
Guyana,FR,44
Georgia,TR,44
New Zealand,FK,44
Switzerland,FO,44
Hungary,CZ,44
Kazakhstan,FR,44
Austria,AE,44
Oman,BR,44
Bhutan,IT,44
Qatar,KR,44
UK,MG,44
Thailand,PT,44
Qatar,IE,44
Romania,SK,44
Australia,BY,44
Switzerland,KW,44
EU,RE,44
Ireland,VN,44
Barbados,FR,44
Sweden,KW,44
Tanzania,ID,44
Portugal,ET,44
Tunisia,GB,44
Portugal,AE,44
Papua New Guinea,FR,44
Nigeria,SG,44
EU,GT,44
Tanzania,GR,44
Australia,IQ,43
Kuwait,ID,43
North Macedonia,KR,43
India,CO,43
Barbados,NL,43
Trinidad and Tobago,IN,43
Paraguay,SA,43
Malawi,CA,43
Egypt,MX,43
Senegal,ES,43
Turkey,LK,43
EU,DO,43
Moldova,TR,43
Morocco,IT,43
EU,LI,43
Netherlands,AZ,43
Uganda,PH,43
Brunei,TR,43
Sweden,OM,43
Costa Rica,KR,43
Argentina,MY,43
Indonesia,CO,43
Mozambique,FR,43
El Salvador,PE,43
France,PS,43
EU,MZ,43
Canada,CD,43
Finland,KZ,43
Latvia,UA,43
Thailand,BD,43
Denmark,MA,43
Brunei,BN,43
Georgia,NZ,43
Jordan,CA,43
Pakistan,DK,43
North Macedonia,AR,43
Mexico,MA,43
New Zealand,ET,43
Trinidad and Tobago,IT,43
Ireland,NP,43
Sweden,UY,43
Venezuela,BO,43
Nigeria,UG,43
Estonia,LU,43
Cambodia,BR,43
Australia,BW,43
Malaysia,JO,43
Bahamas,GB,43
Ireland,MT,43
Uganda,PL,43
New Zealand,BG,43
Nigeria,ET,43
Malaysia,KE,43
Brunei,CH,43
Uganda,NP,43
Israel,AT,43
Germany,MN,43
Nigeria,IL,43
Malaysia,HU,42
Spain,PS,42
Luxembourg,ZA,42
Mozambique,IT,42
Sweden,PR,42
El Salvador,DK,42
Cyprus,NO,42
Estonia,CY,42
Thailand,PK,42
Seychelles,CH,42
Germany,GT,42
Senegal,SE,42
South Korea,EC,42
Sri Lanka,KE,42
Czech Republic,RU,42
China,ZA,42
Brunei,BR,42
Peru,LK,42
Laos,JP,42
Ghana,KE,42
Ivory Coast,FR,42
Portugal,QA,42
Fiji,NZ,42
Jamaica,CH,42
Samoa,GB,42
Spain,ZW,42
North Macedonia,RS,42
Montenegro,FR,42
Oman,ES,42
Switzerland,ZW,42
Uruguay,KE,42
UK,BS,42
Finland,KW,42
UK,GA,42
Oman,SA,42
Greece,IL,42
UK,SO,42
Turkey,UA,42
Tanzania,MX,42
New Zealand,UG,42
Iran,IL,42
Denmark,AE,41
North Macedonia,TH,41
Brazil,GF,41
Qatar,KW,41
Costa Rica,TW,41
Finland,MT,41
Bulgaria,HK,41
Brazil,SY,41
Slovenia,RU,41
New Zealand,LB,41
Colombia,PH,41
Moldova,GR,41
UK,FK,41
Qatar,LB,41
Cameroon,DE,41
Mozambique,CN,41
Belgium,NP,41
Switzerland,KZ,41
Costa Rica,PT,41
Maldives,KR,41
Iceland,BR,41
New Zealand,NP,41
Colombia,PR,41
Brazil,IQ,41
Nigeria,IE,41
Brazil,BF,41
North Macedonia,HU,41
Rwanda,AT,41
Malaysia,RO,41
Kiribati,FR,41
Guatemala,AU,41
Mexico,CR,41
El Salvador,PL,41
Canada,BA,41
Finland,SS,41
Finland,JO,41
Liberia,CA,41
Kyrgyzstan,CA,41
Canada,FO,41
North Macedonia,SI,41
Argentina,CU,41
Germany,UZ,41
Georgia,KR,41
Spain,JM,41
Bangladesh,IN,41
Palau,,41
Canada,BI,41
Japan,CY,41
Botswana,GH,41
Austria,GH,41
Ireland,JO,41
Iran,CH,41
Kosovo,DK,41
Estonia,TH,41
Tanzania,BD,41
Montenegro,AU,40
Nepal,GR,40
Norway,IQ,40
Kosovo,BE,40
Bosnia and Herzegovina,FR,40
Taiwan,RU,40
Turkey,GH,40
Kenya,IR,40
Costa Rica,NO,40
Ireland,LB,40
Philippines,BG,40
UK,GW,40
Mozambique,CH,40
Lithuania,NO,40
Montenegro,GR,40
Taiwan,GR,40
South Africa,MZ,40
Poland,BM,40
Guyana,NL,40
Netherlands,MT,40
Taiwan,MX,40
Iraq,AU,40
North Macedonia,PL,40
Poland,CU,40
Ireland,GH,40
Germany,KG,40
Luxembourg,AR,40
Saudi Arabia,FI,40
Nigeria,AT,40
Bolivia,CN,40
Saudi Arabia,HK,40
Singapore,BN,40
Iraq,DE,40
Singapore,NG,40
Mauritius,DK,40
Uruguay,PE,40
Ghana,FI,40
Nepal,NG,40
Portugal,BD,40
Belize,DE,40
Germany,GA,40
Namibia,CH,40
Senegal,CH,40
France,MC,40
Cambodia,ID,40
Rwanda,MX,40
Peru,HU,40
Mongolia,AU,40
Uruguay,CZ,40
Japan,JO,40
Eswatini,ZA,40
Austria,PH,40
Croatia,SG,40
Finland,NP,40
Portugal,TN,40
Sweden,RW,40
Peru,ET,40
Egypt,PL,40
Slovakia,RU,40
Croatia,KR,40
Taiwan,MY,39
Spain,NI,39
Rwanda,MY,39
Philippines,SK,39
Colombia,SK,39
Canada,BH,39
Paraguay,BO,39
Finland,ZW,39
EU,FJ,39
Russia,NZ,39
Austria,BD,39
Belgium,VN,39
Mexico,SG,39
New Zealand,QA,39
Switzerland,BY,39
Spain,SD,39
Brazil,IS,39
Slovenia,RO,39
Saudi Arabia,BE,39
China,TR,39
New Zealand,LU,39
Norway,AM,39
Serbia,RU,39
El Salvador,KR,39
Bhutan,CH,39
Egypt,CZ,39
Vietnam,CN,39
Ecuador,AR,39
Brunei,ES,39
Rwanda,FI,39
North Macedonia,IE,39
EU,NC,39
Switzerland,CR,39
Uruguay,IR,39
Japan,LB,39
Uganda,SA,39
Australia,SN,39
Philippines,AE,39
Cuba,ES,39
Slovenia,SG,39
Namibia,IT,39
Kyrgyzstan,CN,39
Australia,BJ,39
Costa Rica,IL,39
Croatia,RU,39
New Zealand,JO,39
Thailand,PH,39
Switzerland,GE,39
Saudi Arabia,OM,39
Norway,PS,39
Ghana,IL,39
Canada,BN,39
Nigeria,HK,39
Netherlands,BY,39
Azerbaijan,GB,39
UK,NI,39
Colombia,GT,38
Turkey,QA,38
Egypt,MA,38
Guyana,DE,38
Belgium,TZ,38
United Arab Emirates,IL,38
Bangladesh,DK,38
Saudi Arabia,MY,38
Norway,KW,38
Hungary,ZA,38
Switzerland,AL,38
Panama,DK,38
Namibia,NL,38
Lithuania,IL,38
Italy,EC,38
Cyprus,BR,38
Sao Tome and Principe,GB,38
Cameroon,CA,38
Poland,MZ,38
Colombia,LB,38
Hungary,IL,38
Australia,MU,38
Nigeria,KE,38
Kenya,CY,38
Canada,RE,38
Malaysia,HR,38
Philippines,UG,38
Moldova,UA,38
Germany,MV,38
Botswana,PK,38
Taiwan,CZ,38
Venezuela,EC,38
Cambodia,NO,38
Romania,BG,38
Mali,,38
Denmark,LK,38
Chile,ID,38
Uruguay,HU,38
Canada,MK,38
Czech Republic,TR,38
Benin,CA,38
Maldives,JP,38
Qatar,FI,38
South Africa,RO,37
Togo,US,37
Serbia,BG,37
Australia,MM,37
Singapore,CO,37
Sri Lanka,IR,37
Czech Republic,KR,37
Canada,NC,37
Brazil,OM,37
Brazil,GT,37
South Korea,PR,37
Mexico,UG,37
Trinidad and Tobago,CH,37
Bosnia and Herzegovina,HR,37
Algeria,FR,37
Oman,IR,37
Botswana,IL,37
United Arab Emirates,BE,37
Argentina,KE,37
Italy,OM,37
Norway,CR,37
Italy,NE,37
Botswana,PL,37
Eswatini,NO,37
Costa Rica,EC,37
Serbia,ZA,37
Singapore,AR,37
Papua New Guinea,NL,37
Switzerland,AZ,37
Italy,AM,37
Vietnam,JP,37
Lithuania,BE,37
Mexico,UY,37
Moldova,CZ,37
Maldives,RS,37
Sri Lanka,PK,37
Saudi Arabia,IL,37
China,PL,37
Estonia,QA,37
Myanmar,BR,37
EU,RW,37
Jamaica,ES,37
Nigeria,FI,37
Rwanda,CM,37
Kuwait,NL,37
Ireland,CM,37
Poland,BG,37
Sri Lanka,AT,37
Jordan,CH,37
Ukraine,BE,37
South Korea,AZ,37
Botswana,PH,37
Poland,KW,37
UK,DO,37
Benin,FR,37
Italy,CM,37
Germany,MZ,37
Venezuela,TR,37
Austria,MA,37
Latvia,AR,37
Tajikistan,GB,37
Finland,BY,37
Finland,GM,37
Philippines,GH,37
Luxembourg,NZ,37
USA,JE,37
Indonesia,LT,37
Liberia,DE,37
Pakistan,SG,37
Georgia,AT,37
Romania,KR,37
Luxembourg,CZ,37
China,GR,36
Austria,LV,36
Australia,CI,36
Lebanon,GR,36
Venezuela,PK,36
Barbados,DE,36
Spain,RE,36
Peru,CY,36
Netherlands,OM,36
Paraguay,MA,36
EU,NA,36
Bahamas,CA,36
Cambodia,HK,36
Costa Rica,NZ,36
Slovakia,SG,36
Georgia,ZA,36
Peru,CU,36
South Africa,CI,36
South Korea,OM,36
Palestine,GB,36
Japan,MO,36
Jordan,CN,36
Spain,MZ,36
Chile,CY,36
USA,TO,36
Botswana,MY,36
Switzerland,MT,36
Peru,UY,36
EU,MU,36
Poland,OM,36
Kosovo,NO,36
Botswana,NZ,36
Norway,ZW,36
Spain,BA,36
Poland,BH,36
USA,MD,36
USA,ER,36
Myanmar,NL,36
Thailand,SA,36
Singapore,KE,36
France,GU,36
Albania,DE,36
Venezuela,LK,36
EU,MC,36
Russia,PL,36
Cambodia,PH,36
Brazil,KZ,36
Albania,IT,36
South Korea,UG,36
Morocco,NL,36
Mozambique,NL,36
Luxembourg,GR,36
Greece,HU,35
Sri Lanka,ID,35
UK,LR,35
Italy,MT,35
France,AL,35
Switzerland,BO,35
Switzerland,BA,35
Georgia,GR,35
Tanzania,IE,35
Sri Lanka,GR,35
Panama,BE,35
Ecuador,FI,35
Brazil,BW,35
Hungary,RU,35
Japan,EC,35
Australia,BH,35
Sweden,BO,35
Malaysia,KW,35
Nigeria,NZ,35
Eswatini,AU,35
Iceland,PL,35
Senegal,IN,35
Qatar,MY,35
Lithuania,CH,35
South Africa,JM,35
Guatemala,CO,35
Uganda,PE,35
EU,FO,35
Cambodia,LK,35
Syria,,35
Finland,BO,35
Kenya,AE,35
Bosnia and Herzegovina,IT,35
IGO,CV,35
Georgia,HK,35
Denmark,RS,35
Portugal,LV,35
Serbia,SI,35
Canada,NE,35
Colombia,QA,35
Rwanda,TR,35
Cambodia,NZ,35
El Salvador,IL,35
Uruguay,SG,35
Malawi,MW,35
China,IR,35
EU,BH,35
Spain,BH,35
Indonesia,CY,35
Maldives,ZA,35
IGO,PW,35
Israel,SG,35
Croatia,RO,35
Cuba,DE,35
Dominican Republic,CR,35
Moldova,AT,35
New Zealand,PA,35
UK,YE,35
Finland,RW,35
Ireland,TN,35
South Korea,DZ,35
Germany,SY,35
Ivory Coast,DE,35
Denmark,QA,35
Botswana,AR,35
Nicaragua,CH,35
New Zealand,TN,35
EU,BI,35
Israel,RU,35
Bulgaria,CL,35
USA,AG,35
Netherlands,CR,35
Madagascar,FR,34
USA,TJ,34
Vietnam,VN,34
Indonesia,SK,34
Senegal,ZW,34
Colombia,RO,34
Vanuatu,AU,34
Namibia,JP,34
New Zealand,PR,34
Serbia,TH,34
Fiji,IN,34
Sweden,JM,34
EU,ML,34
Switzerland,VE,34
Qatar,SD,34
Papua New Guinea,SE,34
Belgium,UY,34
Japan,QA,34
El Salvador,NI,34
South Africa,TN,34
Rwanda,AR,34
France,BA,34
Canada,DO,34
Jamaica,CN,34
Australia,LA,34
Panama,CO,34
Argentina,VE,34
Netherlands,ZM,34
Tanzania,TW,34
Peru,VN,34
El Salvador,BE,34
Eswatini,SE,34
EU,GF,34
Vietnam,NL,34
Belgium,SS,34
IGO,WS,34
Greece,JP,34
Japan,CU,34
Malaysia,CO,34
Norway,ZM,34
Cameroon,CH,34
Costa Rica,FI,34
Russia,PK,34
Afghanistan,IT,34
Kenya,TN,34
Ecuador,BE,34
Kuwait,HK,34
Chile,BO,34
Chile,RO,34
Botswana,AT,34
Spain,CI,34
Latvia,ID,34
Paraguay,NG,34
Sri Lanka,PT,34
Saudi Arabia,IE,34
Ukraine,IL,34
Senegal,NG,34
Australia,MZ,34
Qatar,JO,34
Ecuador,IL,34
Pakistan,BR,34
Spain,MK,34
South Africa,NA,34
Colombia,GH,34
Sweden,VE,33
Guatemala,NL,33
Russia,MY,33
USA,LS,33
Israel,PT,33
Norway,UY,33
Bahrain,US,33
Panama,BR,33
Papua New Guinea,CN,33
El Salvador,AR,33
Cape Verde,CA,33
Iraq,NO,33
Cambodia,IL,33
Portugal,MZ,33
UK,BI,33
Portugal,KE,33
India,VN,33
Germany,BI,33
Peru,SI,33
New Zealand,PE,33
Jordan,NL,33
Israel,TR,33
USA,MP,33
Jordan,ES,33
Albania,NL,33
Malaysia,SK,33
Lebanon,BE,33
Egypt,CY,33
Afghanistan,PK,33
Dominican Republic,CL,33
Canada,CG,33
Senegal,NO,33
Colombia,VN,33
Mozambique,DE,33
India,HU,33
Luxembourg,HK,33
Estonia,KE,33
Timor Leste,AU,33
Belgium,CM,33
Ukraine,SE,33
Jamaica,IT,33
Turkey,LU,33
Italy,TZ,33
Chile,KE,33
Belgium,MT,33
Iraq,IT,33
Mauritius,BR,32
Egypt,CO,32
Nepal,GH,32
Philippines,LU,32
Colombia,BG,32
Guinea,CH,32
Hungary,NZ,32
Norway,JM,32
Denmark,UA,32
Cuba,FR,32
Malaysia,QA,32
Rwanda,EG,32
Andorra,GB,32
Iraq,IQ,32
Barbados,ES,32
Nigeria,IR,32
Brunei,TW,32
Egypt,ID,32
Qatar,TW,32
Rwanda,BD,32
EU,UZ,32
Mexico,ML,32
Benin,DE,32
Uruguay,PK,32
Romania,ZA,32
Tanzania,RU,32
South Africa,LB,32
Czech Republic,HU,32
UK,JE,32
Canada,AL,32
South Africa,BF,32
Qatar,SG,32
Croatia,SA,32
UK,UZ,32
Latvia,BG,32
Finland,JM,32
Netherlands,MW,32
Kyrgyzstan,ES,32
Argentina,NG,32
Armenia,FR,32
Cyprus,NZ,32
Papua New Guinea,ZA,32
Italy,CI,32
Ukraine,FI,32
Germany,SD,32
Bosnia and Herzegovina,CN,32
Tajikistan,CA,32
USA,LI,32
Ivory Coast,CI,32
Bhutan,ES,32
Brazil,MW,32
Albania,CH,32
Germany,TT,32
India,GH,32
Bosnia and Herzegovina,SE,32
Armenia,DE,32
India,PA,32
UK,MN,32
Tanzania,AT,31
Mozambique,BE,31
Cape Verde,FR,31
France,SC,31
Philippines,CY,31
Brazil,GP,31
Bulgaria,SK,31
Indonesia,JO,31
Finland,OM,31
United Arab Emirates,IT,31
Moldova,KZ,31
Brunei,DK,31
Cambodia,ZA,31
Germany,BN,31
Uruguay,VE,31
Democratic Republic Of The Congo,GB,31
Uruguay,MY,31
Norway,BA,31
Myanmar,MY,31
Ghana,AT,31
France,BH,31
Thailand,CL,31
Ecuador,NO,31
Bhutan,TH,31
New Zealand,MO,31
Australia,CD,31
Vietnam,DE,31
Myanmar,BE,31
Chile,PH,31
Mexico,BJ,31
Italy,PS,31
Croatia,BA,31
Ethiopia,AT,31
Slovakia,EG,31
Nicaragua,BE,31
UK,NC,31
Latvia,NG,31
Denmark,LB,31
Benin,NL,31
Canada,BB,31
Venezuela,KE,31
Moldova,NZ,31
Kosovo,FI,31
Kosovo,TR,31
North Macedonia,BR,31
Peru,EG,31
USA,PW,31
Sweden,BH,31
Netherlands,GW,31
Italy,JM,31
Iran,IE,31
Romania,IR,31
UK,KG,31
Panama,IN,31
Chile,HR,31
Germany,YE,31
Pakistan,TR,31
Namibia,BR,31
Jordan,IL,31
El Salvador,TW,31
Nepal,IE,31
USA,FK,31
Paraguay,ID,31
Thailand,EG,31
Cyprus,IN,31
EU,BN,31
Latvia,PK,31
Italy,CR,31
Argentina,EG,31
Rwanda,CO,30
Cuba,CA,30
Belgium,AZ,30
Slovenia,MY,30
Cyprus,PT,30
Malta,DE,30
Uganda,HU,30
Gambia,,30
Sweden,KH,30
Chile,CU,30
Rwanda,LK,30
Bahamas,FR,30
Kuwait,NZ,30
Switzerland,MW,30
Latvia,CO,30
Nigeria,PT,30
Saudi Arabia,NO,30
Bosnia and Herzegovina,NO,30
Greece,NZ,30
Saudi Arabia,TW,30
Spain,AZ,30
Maldives,ES,30
Trinidad and Tobago,SE,30
Papua New Guinea,IN,30
Portugal,MT,30
Belgium,EC,30
Philippines,TN,30
El Salvador,SG,30
India,CY,30
Costa Rica,PE,30
Iraq,CH,30
South Africa,HR,30
Czech Republic,TW,30
Sweden,AM,30
Estonia,IS,30
Canada,GE,30
Mexico,CU,30
South Africa,UY,30
Malta,AU,30
Palau,AU,30
Albania,AL,30
Thailand,NG,30
Afghanistan,FR,30
Taiwan,CO,30
Switzerland,GM,30
Brunei,IR,30
Barbados,IT,30
Malta,CA,30
Israel,TW,30
Spain,AL,30
Dominican Republic,BR,30
Brunei,IE,30
Jordan,SE,30
Senegal,IT,30
Indonesia,MA,30
Norway,LA,30
Ethiopia,PK,30
Australia,BZ,30
Sri Lanka,CZ,30
Sweden,BW,30
Australia,MV,30
Morocco,CH,30
Egypt,KE,30
Lebanon,SA,30
France,MR,30
Germany,MM,30
Sweden,SD,30
Finland,AZ,30
Hungary,IN,30
Uganda,BW,30
Mozambique,CA,30
Togo,ZA,30
Brazil,SN,30
Ukraine,IN,30
Estonia,CO,30
Zimbabwe,ZA,30
Nigeria,AR,30
Bhutan,NP,30
Bhutan,MY,30
Mexico,TN,30
Morocco,TR,30
Uruguay,CR,29
Tonga,,29
Canada,IM,29
France,SS,29
Australia,BM,29
Ukraine,RU,29
Finland,BW,29
Qatar,BD,29
Tanzania,TH,29
Singapore,HU,29
Serbia,SG,29
Egypt,IS,29
Uganda,BF,29
Venezuela,CZ,29
Botswana,SE,29
Trinidad and Tobago,BR,29
Denmark,UG,29
Germany,LI,29
Austria,KZ,29
Suriname,NL,29
Germany,XK,29
Tanzania,PL,29
South Korea,CR,29
Estonia,UA,29
Sweden,MK,29
Egypt,GH,29
Costa Rica,IR,29
New Zealand,EC,29
South Korea,PS,29
Botswana,BR,29
Lebanon,HK,29
Jamaica,IN,29
Bosnia and Herzegovina,IL,29
Ireland,MO,29
Poland,RW,29
Greece,CY,29
Indonesia,HR,29
Moldova,HK,29
Germany,GM,29
North Macedonia,RU,29
Oman,SE,29
Japan,MV,29
Cape Verde,BR,29
Brazil,AZ,29
Philippines,MA,29
South Korea,BN,29
Belarus,GB,29
Jordan,IT,29
Georgia,IE,29
Belgium,GP,29
Iraq,ES,29
Portugal,LT,29
Thailand,AR,29
El Salvador,TR,29
Panama,MX,29
Liberia,IT,29
Venezuela,JM,29
Germany,PF,29
Germany,MC,29
Papua New Guinea,CH,29
Brazil,NI,29
Mongolia,JP,29
China,TH,29
Fiji,FR,29
Uganda,RW,29
Iran,AT,29
Senegal,DK,29
Austria,ET,29
Nigeria,PL,29
Somalia,ZA,29
EU,BB,29
Bulgaria,SI,29
Italy,SS,29
Kosovo,BR,29
Luxembourg,HU,29
Cape Verde,DE,29
Laos,NL,29
Peru,UG,29
Australia,UZ,28
Belgium,PR,28
South Korea,KH,28
Albania,AU,28
Belgium,ZM,28
Nepal,PT,28
Poland,SL,28
Serbia,RO,28
Nicaragua,MX,28
Finland,DZ,28
Malaysia,SI,28
Cameroon,ES,28
Finland,AL,28
Lithuania,NZ,28
Qatar,ID,28
Japan,BY,28
Myanmar,FR,28
Pakistan,NP,28
Netherlands,PA,28
Saudi Arabia,LB,28
UK,XK,28
Fiji,CH,28
Portugal,JO,28
Australia,GM,28
Spain,FJ,28
Botswana,KE,28
Bangladesh,CA,28
Canada,MG,28
Luxembourg,SG,28
Colombia,UG,28
Iceland,ZA,28
UK,LY,28
Indonesia,LK,28
South Korea,AM,28
Spain,HN,28
Brazil,ZM,28
Ivory Coast,CA,28
Cuba,CN,28
Paraguay,KE,28
India,RO,28
Bolivia,SE,28
Guinea,FR,28
Brazil,KH,28
Lebanon,ZA,28
Liberia,NL,28
Switzerland,DO,28
France,PY,28
Saudi Arabia,SG,28
Sweden,SS,28
Serbia,MX,28
Portugal,KW,28
Australia,MC,28
Peru,GH,28
Nigeria,TN,28
Kazakhstan,CA,28
Costa Rica,PL,28
Tanzania,EG,28
Burkina Faso,US,28
Guatemala,AR,28
Austria,LB,28
Nigeria,RU,28
Argentina,HU,28
Mexico,VN,28
Belarus,CN,28
North Macedonia,BD,28
Seychelles,CA,28
Spain,CD,28
Laos,GB,28
Saudi Arabia,PK,28
Ethiopia,HU,28
Belgium,MO,28
Italy,KW,28
Kuwait,SE,28
Norway,MZ,28
Azerbaijan,PL,28
Qatar,OM,28
Guatemala,CL,28
Austria,TN,28
New Zealand,VE,28
Norway,VE,28
Panama,SE,27
Poland,MK,27
China,KW,27
Estonia,AE,27
Ghana,RU,27
USA,FM,27
Nepal,MX,27
Lebanon,EG,27
Nepal,ID,27
Moldova,IR,27
Oman,JP,27
Jordan,JP,27
United Arab Emirates,CN,27
Rwanda,TW,27
Portugal,PE,27
Nepal,AR,27
El Salvador,NO,27
Costa Rica,DK,27
UK,AG,27
Turkey,LV,27
Qatar,RU,27
Germany,BB,27
India,RS,27
Taiwan,AR,27
India,QA,27
Ivory Coast,BE,27
Pakistan,SA,27
Switzerland,JM,27
Tajikistan,CN,27
Sri Lanka,TW,27
Pakistan,NO,27
Kenya,LB,27
Nepal,TW,27
Jordan,IR,27
Kenya,MA,27
South Korea,UY,27
Venezuela,LU,27
Thailand,RU,27
Azerbaijan,IL,27
Canada,MC,27
Cyprus,ZA,27
France,MK,27
Estonia,VN,27
Sri Lanka,PL,27
Australia,BN,27
Sweden,BN,27
Philippines,LT,27
Belgium,TN,27
Kosovo,JP,27
Ethiopia,UG,27
Norway,BW,27
Belgium,UG,27
Iraq,SE,27
Argentina,BD,27
South Korea,SS,27
Maldives,NO,27
Kosovo,TW,27
Finland,VE,27
Greece,CZ,27
Cyprus,AT,27
Philippines,RS,27
Ghana,JP,27
Guatemala,CN,27
Croatia,TR,27
Paraguay,VN,27
Maldives,BE,27
Indonesia,TN,27
South Africa,CG,27
Colombia,MA,27
Paraguay,HU,27
Montenegro,CN,27
UK,RE,27
Norway,SS,27
Kuwait,BE,27
Cape Verde,NL,27
Nepal,PH,27
Indonesia,LB,27
Switzerland,MV,27
Costa Rica,ZA,27
Sweden,PA,27
Costa Rica,TR,27
Brazil,PG,27
Bhutan,ET,27
Ethiopia,IE,27
Egypt,BD,27
France,SZ,27
Ethiopia,FI,27
New Zealand,KZ,27
Italy,DO,26
Dominican Republic,PK,26
Egypt,SD,26
Slovenia,CL,26
Mozambique,FI,26
Eswatini,FR,26
USA,SZ,26
Netherlands,MO,26
Denmark,TN,26
Nepal,EG,26
Estonia,NG,26
Australia,BO,26
Sweden,PS,26
Uruguay,MA,26
Brazil,MT,26
Nigeria,ID,26
Thailand,CZ,26
New Zealand,BO,26
Colombia,HN,26
Albania,FR,26
Nicaragua,DK,26
Canada,NA,26
Mozambique,ES,26
Japan,KW,26
Kosovo,IN,26
Indonesia,SI,26
Netherlands,CI,26
Morocco,BE,26
Thailand,CO,26
Cyprus,PL,26
Estonia,RS,26
Turkey,UG,26
Ghana,KR,26
Myanmar,TR,26
Malta,FR,26
Morocco,ZA,26
Kenya,JO,26
Italy,UY,26
Croatia,MX,26
Canada,LA,26
Spain,SY,26
Netherlands,MN,26
Kazakhstan,RU,26
Kenya,PE,26
Myanmar,TH,26
Ethiopia,HK,26
Japan,PA,26
Denmark,LV,26
Lebanon,KR,26
Oman,BE,26
Pakistan,IE,26
Tunisia,CA,26
Mongolia,FR,26
Mozambique,DK,26
Singapore,HR,26
Portugal,PH,26
Fiji,NL,26
Uganda,CG,26
Kiribati,NZ,26
Latvia,KE,26
France,CF,26
Australia,SC,26
Brazil,SR,26
Latvia,SA,26
Cameroon,ZA,26
Somalia,CA,26
Bolivia,CH,26
Germany,NC,26
Thailand,VN,26
Israel,PL,26
Canada,GW,26
Mauritius,MX,26
Belgium,MZ,26
Japan,CM,26
Ghana,HK,26
Moldova,BG,26
Indonesia,IQ,26
Bosnia and Herzegovina,BE,26
Uganda,MZ,26
Brazil,MK,26
Afghanistan,IR,25
Taiwan,SI,25
Sri Lanka,BD,25
Portugal,UA,25
Spain,NC,25
United Arab Emirates,SE,25
France,AF,25
EU,GM,25
Russia,CO,25
Japan,LV,25
Poland,VI,25
Colombia,LU,25
Kyrgyzstan,AU,25
Cuba,AR,25
Spain,MM,25
Netherlands,CW,25
Taiwan,EG,25
Chile,QA,25
Tanzania,BW,25
EU,MM,25
Kenya,SA,25
Slovenia,MX,25
Guatemala,BR,25
Bosnia and Herzegovina,SI,25
Botswana,CZ,25
Nigeria,MX,25
Ghana,IE,25
Kuwait,PL,25
Estonia,BD,25
South Africa,SI,25
Nepal,AE,25
Georgia,CZ,25
Switzerland,BW,25
Poland,FO,25
Liberia,IN,25
Peru,SA,25
Saudi Arabia,ET,25
Bhutan,KR,25
Colombia,LK,25
Colombia,HR,25
Switzerland,LI,25
El Salvador,AT,25
Slovenia,TH,25
Italy,KZ,25
Hungary,IE,25
Russia,ZA,25
Ghana,UG,25
Qatar,NG,25
Sri Lanka,NG,25
Nigeria,CZ,25
Qatar,AT,25
San Marino,GB,25
Indonesia,RS,25
Singapore,AE,25
Iceland,GR,25
Canada,PY,25
Nigeria,SA,25
Uruguay,EC,25
Panama,KR,25
Malta,IT,25
Botswana,HK,25
France,BS,25
Philippines,LV,25
Vietnam,CA,25
Serbia,PK,25
Poland,VE,25
Brunei,HK,25
Kuwait,BR,25
Mexico,RS,25
Somalia,KE,25
IGO,GI,25
Philippines,TZ,25
Portugal,PR,25
Portugal,GH,25
Honduras,GB,25
Croatia,TW,25
Latvia,CY,25
Colombia,EE,25
China,ID,25
Croatia,IR,25
Jamaica,SE,25
Cape Verde,ES,25
Rwanda,CZ,25
Costa Rica,GR,25
South Africa,QA,25
Nepal,CO,25
Ghana,ET,25
Serbia,SA,25
Cameroon,NL,24
Chile,IS,24
Qatar,GR,24
Ireland,TZ,24
North Macedonia,SG,24
Zambia,FR,24
Venezuela,ET,24
New Zealand,LV,24
Iraq,IR,24
Spain,BJ,24
Iceland,KR,24
Germany,AF,24
Lebanon,NZ,24
South Africa,LU,24
Portugal,CM,24
Austria,NP,24
Nepal,LK,24
Rwanda,GR,24
Iran,ID,24
Rwanda,PT,24
Nigeria,BD,24
South Korea,MN,24
Seychelles,DE,24
Sweden,BJ,24
Estonia,PH,24
Japan,UY,24
Egypt,PS,24
Gambia,US,24
Guatemala,IT,24
Kuwait,CH,24
Peru,TZ,24
Iraq,BR,24
Uganda,GT,24
Laos,AU,24
Malaysia,OM,24
Bolivia,IN,24
Thailand,GA,24
Iraq,TR,24
Egypt,PH,24
USA,GN,24
Kenya,RW,24
Paraguay,TN,24
Saudi Arabia,PL,24
Slovakia,MX,24
Netherlands,VE,24
Jordan,NG,24
Bulgaria,MX,24
Lebanon,AT,24
France,FM,24
Trinidad and Tobago,JM,24
Egypt,ET,24
Kyrgyzstan,NL,24
Mozambique,JP,24
Spain,GE,24
Nicaragua,KR,24
Turkey,SY,24
Slovakia,SA,24
Costa Rica,KE,24
Austria,PA,24
Oman,HK,24
Kazakhstan,KZ,24
Oman,TR,24
Mauritius,BE,24
Latvia,RS,24
Nigeria,CL,24
Japan,PR,24
Brazil,MU,24
Moldova,TW,24
Colombia,CM,24
Yemen,US,24
Turkey,ZW,24
Sri Lanka,CO,24
Maldives,BD,24
Botswana,IR,24
Iraq,FR,24
Romania,PK,24
Belgium,AM,24
Lithuania,CN,24
Turkey,NP,24
Papua New Guinea,NZ,24
IGO,IM,24
Slovakia,SI,24
Oman,CH,24
Senegal,SN,24
Bulgaria,HR,24
Bhutan,BD,24
Pakistan,BD,24
Latvia,PH,24
EU,CG,24
Venezuela,PH,24
Poland,SN,24
Bhutan,BR,24
Panama,FI,24
Turkey,VN,24
Portugal,UG,24
El Salvador,PK,24
Belgium,JO,24
Finland,PR,24
Moldova,MX,23
Malaysia,CU,23
Sri Lanka,MX,23
Papua New Guinea,HK,23
Norway,BY,23
Cuba,CU,23
USA,ME,23
Myanmar,NZ,23
North Macedonia,NG,23
Ethiopia,TZ,23
Iran,SI,23
South Korea,JM,23
Philippines,UA,23
Saudi Arabia,BH,23
Laos,IN,23
Chile,VE,23
Mauritania,FR,23
Taiwan,HU,23
South Korea,UZ,23
Mauritius,IL,23
Georgia,TW,23
Peru,CM,23
Sweden,BA,23
Australia,PS,23
Ethiopia,MX,23
Tonga,AU,23
EU,MD,23
Zimbabwe,CA,23
Myanmar,MM,23
Ireland,KW,23
Romania,MY,23
Belgium,BJ,23
Bosnia and Herzegovina,CH,23
Portugal,CU,23
Spain,RW,23
Colombia,KZ,23
Malaysia,CY,23
Ethiopia,TH,23
New Zealand,AM,23
Spain,GP,23
Norway,CD,23
UK,TG,23
Iran,TH,23
Jordan,BE,23
Serbia,AR,23
Lithuania,AT,23
Rwanda,HK,23
Namibia,KE,23
Rwanda,IL,23
Cambodia,GR,23
Australia,CW,23
Singapore,LK,23
Switzerland,MN,23
Vietnam,FR,23
Indonesia,BG,23
Myanmar,BD,23
Ireland,VE,23
EU,NI,23
Belgium,BY,23
South Korea,TT,23
Vietnam,KR,23
Venezuela,HU,23
Kenya,BW,23
South Africa,EE,23
Montenegro,BE,23
Tanzania,CM,23
Turkey,PE,23
Nigeria,CY,23
South Africa,BG,23
Italy,BY,23
Burundi,,23
Spain,MN,23
Argentina,NP,23
Ghana,MW,23
Georgia,RU,23
Belgium,GW,23
Lithuania,HK,23
Cape Verde,CH,23
Sweden,BB,23
Peru,IS,23
Eswatini,CN,23
Kuwait,JO,23
Ethiopia,CZ,23
Bhutan,BE,23
Egypt,HU,22
Fiji,SE,22
China,AR,22
Andorra,FR,22
Belgium,CI,22
Belgium,KZ,22
North Macedonia,BG,22
Germany,CW,22
Angola,GB,22
China,MX,22
Ivory Coast,NL,22
Indonesia,OM,22
Slovenia,SA,22
Ethiopia,IR,22
USA,KN,22
Philippines,ZW,22
Philippines,JO,22
Chile,BD,22
USA,DM,22
Egypt,QA,22
Spain,ZM,22
Fiji,IT,22
Colombia,AE,22
Rwanda,ID,22
El Salvador,GR,22
Tanzania,ZW,22
Latvia,BY,22
Norway,BO,22
Maldives,SG,22
Turkey,KH,22
Oman,NZ,22
Bahamas,AU,22
Ivory Coast,CH,22
New Zealand,UY,22
Lebanon,TW,22
Seychelles,SC,22
France,WS,22
Denmark,VN,22
Albania,SE,22
Venezuela,BD,22
Eswatini,IT,22
South Africa,SZ,22
Norway,BN,22
Australia,GF,22
El Salvador,IE,22
IGO,DJ,22
Norway,KG,22
Nepal,JO,22
Thailand,LK,22
Latvia,TN,22
UK,PY,22
Dominican Republic,AR,22
Australia,BI,22
Morocco,BR,22
Ecuador,TW,22
Kosovo,GR,22
Rwanda,KR,22
Bhutan,SE,22
Tanzania,SA,22
Botswana,TW,22
Moldova,PK,22
Philippines,FJ,22
Saint Kitts and Nevis,AU,22
Romania,SG,22
Mexico,VE,22
Nicaragua,SE,22
Luxembourg,TW,22
Costa Rica,HK,22
Mexico,CI,22
Costa Rica,SV,22
Mexico,SI,22
Switzerland,AM,22
Sweden,CW,22
Chile,LB,22
Albania,CA,22
Nepal,IR,22
El Salvador,SA,22
Uganda,SI,22
Japan,TZ,22
Taiwan,HR,22
Ethiopia,MY,22
Austria,MK,22
Ethiopia,BD,22
Bangladesh,FR,22
Argentina,PA,22
Norway,BH,22
Guyana,ES,22
Spain,BB,22
Uruguay,SI,22
Turkey,CM,22
Philippines,IS,22
France,BM,22
Switzerland,DZ,22
Ireland,UA,22
Italy,NP,22
South Africa,BH,22
Maldives,TH,22
Slovenia,SK,22
Turkey,IQ,22
Jamaica,BR,22
Rwanda,ZW,22
Finland,MM,22
Bosnia and Herzegovina,ES,22
South Africa,BJ,22
Ireland,CR,22
Norway,OM,22
Colombia,PA,22
Sweden,LI,22
Montenegro,CH,22
Barbados,CH,22
Bolivia,TR,22
Papua New Guinea,IT,22
Dominican Republic,JP,22
Luxembourg,CL,22
Turkey,TZ,22
Denmark,TZ,22
Austria,KW,22
EU,AG,22
Israel,ZA,22
Sweden,MV,22
Slovakia,CL,22
Saudi Arabia,NG,22
Qatar,BH,22
Germany,ME,22
Ireland,PE,22
Kosovo,IE,22
Venezuela,CU,22
Qatar,TH,22
Panama,IR,22
Mozambique,SE,22
IGO,LC,22
Democratic Republic Of The Congo,FR,21
Romania,EG,21
Saudi Arabia,KW,21
Rwanda,MA,21
UK,GP,21
Nigeria,ZM,21
Guatemala,IN,21
Ukraine,TW,21
Fiji,ES,21
Peru,SK,21
France,GD,21
Turkey,KW,21
Mexico,DZ,21
Costa Rica,CU,21
EU,LY,21
Greece,HR,21
Sri Lanka,VN,21
Uganda,SD,21
Brazil,AL,21
Germany,GF,21
Iran,MX,21
Cape Verde,AU,21
Greece,AR,21
Paraguay,SI,21
USA,SR,21
Afghanistan,NO,21
United Arab Emirates,FI,21
Ethiopia,NZ,21
Nigeria,VN,21
Brunei,SA,21
Iraq,MY,21
Rwanda,IR,21
Oman,GR,21
Morocco,NO,21
Iceland,CZ,21
Canada,BM,21
New Zealand,LT,21
Italy,SY,21
Cameroon,AU,21
Norway,MV,21
Dominican Republic,GR,21
Argentina,SA,21
Croatia,EE,21
Poland,DO,21
El Salvador,TH,21
Nicaragua,TR,21
Slovakia,ID,21
China,CZ,21
Zambia,DE,21
Georgia,PL,21
Costa Rica,IE,21
Portugal,LK,21
Ecuador,RU,21
Finland,MK,21
Azerbaijan,DE,21
Cambodia,RU,21
Egypt,LU,21
Cape Verde,IT,21
Burkina Faso,GB,21
Panama,CR,21
Papua New Guinea,DK,21
Kenya,LU,21
Portugal,UY,21
Maldives,LK,21
EU,TO,21
Ecuador,CR,21
El Salvador,ZA,21
Netherlands,BO,21
Afghanistan,TH,21
Venezuela,TW,21
Netherlands,PS,21
South Africa,PG,21
Jamaica,BE,21
El Salvador,FI,21
Poland,RE,21
Uganda,KH,21
South Sudan,GB,21
Panama,AT,21
France,CW,21
Costa Rica,MY,21
EU,BZ,21
Montenegro,DK,21
South Korea,IQ,21
Bolivia,JP,21
Cuba,AU,21
Greece,SI,21
Canada,SO,21
Lithuania,DK,21
Malaysia,RS,21
Brunei,IL,21
Myanmar,IT,21
Rwanda,PK,21
Philippines,LB,21
Ecuador,BO,21
Iraq,NL,21
Switzerland,CD,21
Zimbabwe,DE,21
Afghanistan,MY,21
Malaysia,UG,21
Tanzania,CO,21
Yemen,CN,21
Syria,GB,21
Austria,PR,21
Saudi Arabia,AT,21
IGO,SJ,21
Ecuador,NZ,21
Cambodia,PK,21
France,VI,21
Ukraine,BR,21
Uganda,CD,21
Norway,KH,21
Australia,BA,21
Senegal,NZ,21
Kenya,KW,21
Austria,BA,21
China,PK,21
Slovakia,AR,21
Finland,GL,21
South Sudan,US,20
North Macedonia,RO,20
Turkey,PS,20
Trinidad and Tobago,CZ,20
Qatar,MX,20
Kosovo,ZA,20
Kuwait,PT,20
Hungary,MX,20
Barbados,BR,20
India,TZ,20
IGO,TO,20
IGO,MP,20
Guatemala,SE,20
Ghana,TZ,20
Ecuador,KR,20
Nicaragua,GR,20
China,CL,20
Sweden,MN,20
Iceland,HK,20
Lithuania,RU,20
Honduras,ES,20
Philippines,PA,20
Papua New Guinea,NG,20
Malaysia,GH,20
Latvia,LB,20
Estonia,AM,20
Tanzania,CZ,20
UK,BT,20
Thailand,ET,20
Andorra,CA,20
Poland,GA,20
Mongolia,DE,20
Thailand,KE,20
New Zealand,CR,20
Latvia,IS,20
Lithuania,JP,20
Norway,MK,20
India,SK,20
Spain,MC,20
Chile,LU,20
Malawi,CH,20
Saint Kitts and Nevis,CA,20
Lithuania,PL,20
Czech Republic,HR,20
Poland,SJ,20
Senegal,GH,20
New Zealand,LA,20
Canada,GP,20
Zambia,ZA,20
Ukraine,AT,20
Netherlands,KH,20
Slovenia,CY,20
Peru,LB,20
Kuwait,AE,20
Poland,PF,20
Montenegro,NL,20
UK,KY,20
Norway,RW,20
Belgium,ZW,20
Indonesia,QA,20
UK,SZ,20
Jamaica,TR,20
Costa Rica,PK,20
UK,MD,20
Spain,BN,20
Kuwait,SG,20
Zimbabwe,CN,20
Denmark,AZ,20
France,GI,20
Nicaragua,PE,20
Moldova,IE,20
Ukraine,CZ,20
Brazil,RE,20
Taiwan,PK,20
Indonesia,NP,20
Colombia,CY,20
Belgium,VE,20
Venezuela,PL,20
Austria,TZ,20
Poland,NC,20
Ireland,KZ,20
Ecuador,AT,20
Brazil,FM,20
Jordan,EG,20
Denmark,PE,20
Czech Republic,SI,20
Nepal,PL,20
Tanzania,LK,20
Honduras,MX,20
Latvia,CM,20
Poland,FK,20
Kenya,HU,20
Serbia,MY,20
Kazakhstan,AU,20
Myanmar,NG,20
Iceland,PT,20
Brazil,CG,20
Colombia,JM,20
Bangladesh,DE,20
Japan,LA,20
South Korea,ZM,20
Guatemala,TT,20
Switzerland,TD,20
Cape Verde,ZA,20
Bhutan,NG,20
Switzerland,CG,20
Canada,BZ,20
EU,FK,20
United Arab Emirates,ES,20
Estonia,ET,20
Brazil,MN,20
Poland,MG,20
Pakistan,MY,20
Myanmar,KR,20
Maldives,AT,20
France,LS,20
Japan,AM,20
Chile,SK,20
Papua New Guinea,MY,20
Kuwait,MX,19
Iran,SA,19
Fiji,CN,19
Venezuela,AE,19
Uganda,LB,19
Spain,BZ,19
New Zealand,TZ,19
Saudi Arabia,ID,19
UK,HN,19
Trinidad and Tobago,BE,19
EU,KN,19
Peru,RO,19
Denmark,JO,19
Japan,JM,19
Malta,NL,19
Kenya,JM,19
Singapore,QA,19
El Salvador,CR,19
Kuwait,IQ,19
Nicaragua,TW,19
Israel,SA,19
Peru,PA,19
Ivory Coast,ZA,19
Ghana,MX,19
Indonesia,CM,19
Peru,AE,19
Venezuela,TT,19
Brazil,DO,19
Ireland,UY,19
Turkey,JM,19
Peru,JO,19
Indonesia,UG,19
Argentina,SI,19
Brazil,FJ,19
Brunei,BE,19
Liberia,NG,19
Luxembourg,MX,19
Egypt,TH,19
Brunei,PL,19
Pakistan,IL,19
Singapore,RO,19
Croatia,ID,19
Israel,CZ,19
Honduras,CR,19
United Arab Emirates,DK,19
Netherlands,BF,19
Iceland,JP,19
Costa Rica,AT,19
Croatia,AR,19
Greece,SG,19
Norway,MO,19
Albania,CN,19
Liberia,CN,19
UK,BZ,19
Iceland,RU,19
Mexico,EC,19
Canada,HN,19
Bhutan,PK,19
Colombia,LT,19
Myanmar,ES,19
Nigeria,JO,19
Denmark,VE,19
EU,KG,19
India,JO,19
Myanmar,SG,19
Spain,TT,19
Australia,GP,19
Serbia,BD,19
Czech Republic,MX,19
Australia,RW,19
USA,ST,19
Somalia,DK,19
Spain,MU,19
Cuba,IT,19
Mongolia,MN,19
Denmark,CM,19
Cuba,NO,19
Cuba,DK,19
Maldives,BR,19
Uganda,CI,19
Sao Tome and Principe,ES,19
Ecuador,PE,19
Kosovo,IL,19
Kuwait,IL,19
Sao Tome and Principe,DE,19
Iraq,DK,19
Greece,BG,19
Colombia,TN,19
Pakistan,RU,19
Jamaica,NG,19
Sierra Leone,CN,19
Suriname,GB,19
Ghana,BR,19
Czech Republic,IR,19
Finland,CU,19
Mauritius,ZA,19
Peru,PR,19
Japan,LT,19
Egypt,VN,19
Ukraine,TR,19
Italy,AL,19
Japan,OM,19
Norway,MM,19
Greece,KR,19
Netherlands,GT,19
Finland,MU,19
Tanzania,AR,19
Romania,RS,19
Portugal,EC,19
Japan,CR,19
Ukraine,KR,19
Lebanon,IE,19
Hungary,HK,19
Luxembourg,PH,19
Trinidad and Tobago,CL,19
Cuba,MX,19
Malaysia,IQ,18
Trinidad and Tobago,TR,18
Bolivia,CU,18
Mexico,CM,18
Luxembourg,TR,18
UK,GD,18
France,DO,18
Latvia,BD,18
Ethiopia,RU,18
Cambodia,NG,18
South Africa,UA,18
Oman,RU,18
South Africa,OM,18
Barbados,FI,18
Estonia,UG,18
Hungary,PT,18
Iceland,IN,18
Ireland,KH,18
Austria,LK,18
Uruguay,BO,18
Lebanon,NO,18
Rwanda,MW,18
Nigeria,EG,18
Italy,MO,18
Mongolia,CH,18
Switzerland,MM,18
Moldova,HU,18
North Macedonia,CZ,18
United Arab Emirates,CH,18
Germany,BS,18
Switzerland,BF,18
Laos,DE,18
Australia,PW,18
Uganda,CR,18
Iceland,TR,18
Kosovo,AT,18
Belgium,CR,18
Ethiopia,AR,18
Saint Kitts and Nevis,DE,18
Nepal,CL,18
Belgium,GM,18
Rwanda,BJ,18
Cyprus,SI,18
Sierra Leone,CA,18
Philippines,DZ,18
South Africa,JO,18
Slovenia,RS,18
Chile,RS,18
Dominican Republic,KR,18
Slovenia,EE,18
Malaysia,BG,18
Turkey,MT,18
Lebanon,FI,18
New Zealand,TT,18
Kuwait,FI,18
France,LY,18
Pakistan,ZA,18
Sweden,LA,18
Maldives,VI,18
Colombia,LV,18
Greece,RO,18
Maldives,NC,18
Ireland,AM,18
Slovenia,BG,18
Argentina,LK,18
Trinidad and Tobago,MX,18
Bahrain,MC,18
Namibia,IN,18
Maldives,GU,18
Nicaragua,ZA,18
Finland,EC,18
Canada,VG,18
South Africa,LT,18
Trinidad and Tobago,JP,18
Bangladesh,CN,18
Dominican Republic,DK,18
Ghana,CM,18
Cambodia,BD,18
Singapore,ET,18
Switzerland,GT,18
Malaysia,TN,18
Croatia,MY,18
Namibia,BE,18
Lebanon,TH,18
Belarus,AU,18
Maldives,TW,18
Spain,AD,18
Haiti,CA,18
Slovenia,PK,18
EU,SL,18
Uganda,SN,18
Saudi Arabia,PT,18
Belarus,DE,18
Netherlands,TT,18
Costa Rica,NG,18
Japan,DZ,18
Greece,AL,18
Kazakhstan,JP,18
Armenia,CA,18
Kyrgyzstan,SE,18
Belgium,CU,18
USA,VU,18
Eswatini,SZ,18
Mexico,SK,18
Mozambique,TZ,18
Spain,FO,18
New Zealand,CM,18
New Zealand,PF,18
Mozambique,NO,18
Colombia,PY,18
Oman,KR,18
Ireland,DZ,18
Belize,BZ,18
India,UG,18
Germany,LR,18
Spain,BW,18
Ireland,JM,18
Peru,MW,18
Netherlands,MM,18
San Marino,IT,18
Morocco,IN,18
Spain,LI,18
Netherlands,SD,18
Guatemala,RU,18
Sierra Leone,AU,18
Germany,MG,18
Mauritius,RU,18
Vietnam,MY,18
Paraguay,BD,18
Kuwait,PK,18
Palau,PW,18
Spain,LA,18
Kuwait,GR,18
Uganda,AE,18
Papua New Guinea,KE,18
Guinea,CA,18
Argentina,ID,18
Hungary,RS,17
Switzerland,NI,17
Austria,BY,17
Canada,GU,17
Egypt,LK,17
Pakistan,NZ,17
Kenya,ML,17
Brazil,BN,17
Solomon Islands,US,17
Spain,ML,17
Dominican Republic,BE,17
El Salvador,LK,17
Oman,MY,17
Namibia,DK,17
Bosnia and Herzegovina,PT,17
Ethiopia,CO,17
Canada,NI,17
Czech Republic,PK,17
Botswana,BE,17
Switzerland,FJ,17
Ireland,EC,17
Tanzania,HK,17
Iraq,JP,17
Spain,MG,17
Mozambique,NG,17
Slovenia,ID,17
Spain,ME,17
Kosovo,KR,17
Nicaragua,NO,17
Australia,MN,17
Morocco,JP,17
Papua New Guinea,ES,17
Italy,BB,17
Singapore,GH,17
Canada,MD,17
Mauritius,IE,17
Panama,IL,17
Ecuador,HK,17
Finland,BB,17
New Zealand,KW,17
Ukraine,NZ,17
Zambia,CA,17
United Arab Emirates,HK,17
Taiwan,ID,17
Germany,LA,17
Latvia,ET,17
Oman,SG,17
Panama,TW,17
Guatemala,JP,17
Iran,CY,17
Sweden,MU,17
Latvia,MT,17
Netherlands,SN,17
Nepal,ET,17
Thailand,TZ,17
Democratic Republic Of The Congo,BE,17
Hungary,TR,17
Romania,HK,17
Rwanda,CD,17
Italy,YE,17
Italy,IQ,17
Uruguay,RO,17
Seychelles,FR,17
Brazil,AS,17
New Zealand,ZW,17
Greece,HK,17
Netherlands,GM,17
Ghana,BW,17
Mexico,SA,17
Luxembourg,CO,17
Belgium,PA,17
South Korea,AL,17
Saint Kitts and Nevis,FR,17
France,SO,17
Ukraine,HK,17
Ireland,SS,17
Romania,UA,17
Maldives,DK,17
Finland,SN,17
Austria,JO,17
Peru,QA,17
Bhutan,FI,17
Turkey,OM,17
Slovakia,HR,17
Kosovo,HK,17
Maldives,CH,17
Tanzania,SG,17
Argentina,RO,17
Sweden,BF,17
Rwanda,ZM,17
Cambodia,AT,17
Spain,GM,17
Barbados,HK,17
Solomon Islands,AU,17
Uruguay,PR,17
Canada,CW,17
Ireland,MW,17
Myanmar,HK,17
Dominican Republic,SE,17
Bangladesh,MY,17
El Salvador,RO,17
Jamaica,IE,17
Maldives,GR,17
Malaysia,MO,17
Switzerland,TT,17
Cuba,BR,17
Mexico,HR,17
Switzerland,ZM,17
Portugal,TZ,17
Argentina,MA,17
Somalia,SO,17
Albania,TR,17
Canada,PW,17
Sweden,AL,17
Colombia,NI,17
France,GN,17
Sweden,MZ,17
Serbia,EG,17
India,MT,17
Germany,SV,17
Sweden,FJ,17
Namibia,CZ,17
Tanzania,PH,17
Uganda,CU,17
Denmark,ZM,17
Venezuela,MY,17
Sweden,BI,17
France,TD,17
Poland,MT,17
Finland,BF,17
Russia,ID,17
Croatia,KE,17
Canada,TG,17
Greece,TN,17
Costa Rica,TH,17
Bhutan,AT,17
Turkey,MO,17
Panama,RU,17
Poland,AM,17
El Salvador,NZ,17
Austria,ME,17
Russia,PT,17
Paraguay,AE,17
Sweden,CU,16
Honduras,HN,16
Paraguay,RS,16
Dominican Republic,AE,16
UK,LI,16
Philippines,MO,16
China,EE,16
Poland,PG,16
Colombia,UA,16
Czech Republic,CY,16
Chile,LK,16
Venezuela,PA,16
Ukraine,NO,16
Indonesia,PE,16
Saudi Arabia,GH,16
Netherlands,AM,16
Namibia,RU,16
Cameroon,IN,16
Mexico,RW,16
Oman,NO,16
Egypt,SI,16
Morocco,PT,16
Australia,GA,16
Japan,CI,16
Philippines,PF,16
Turkey,AZ,16
Malawi,AU,16
Australia,GL,16
Switzerland,KH,16
South Africa,DZ,16
Colombia,JO,16
Germany,CG,16
Belgium,MK,16
Ethiopia,PT,16
Ecuador,CZ,16
Chile,GH,16
Ivory Coast,IT,16
Denmark,AM,16
Malta,ES,16
Belgium,KW,16
Zambia,AU,16
Uruguay,CU,16
Mauritius,KR,16
Ethiopia,EG,16
Bhutan,NZ,16
Kuwait,DK,16
Netherlands,BW,16
Bhutan,ID,16
Germany,MQ,16
Myanmar,RU,16
Israel,HU,16
Haiti,HT,16
Eswatini,DK,16
Australia,WS,16
Egypt,BH,16
Poland,FM,16
Netherlands,MZ,16
Austria,MW,16
Botswana,CH,16
Ghana,PT,16
United Arab Emirates,SA,16
Liberia,ES,16
Bahamas,IT,16
UK,GU,16
Switzerland,GW,16
Italy,BJ,16
Albania,IN,16
India,MO,16
Norway,GT,16
Pakistan,HK,16
Benin,BE,16
Qatar,PL,16
India,PE,16
South Africa,LS,16
Italy,BO,16
Nicaragua,IL,16
EU,CW,16
Argentina,PR,16
Taiwan,PH,16
Bulgaria,IR,16
South Korea,MU,16
Germany,LY,16
Italy,BA,16
Peru,LV,16
Philippines,CI,16
Hungary,BR,16
Nigeria,TH,16
Philippines,VE,16
Venezuela,ID,16
Finland,PG,16
Nigeria,ZW,16
Cambodia,MX,16
Morocco,SE,16
Hungary,KR,16
Lithuania,IE,16
Spain,BI,16
Armenia,CN,16
Latvia,LU,16
Lebanon,CY,16
Luxembourg,SI,16
Philippines,QA,16
Mauritius,TW,16
Bhutan,ZA,16
Azerbaijan,IN,16
New Zealand,MC,16
El Salvador,HK,16
Argentina,EE,16
Netherlands,ML,16
Denmark,PR,16
Bahamas,CN,16
Kuwait,NG,16
Sri Lanka,AR,16
Myanmar,EG,16
Cuba,CL,16
Guinea,ZA,16
Tanzania,PE,16
Taiwan,CL,16
Chile,PR,16
Ethiopia,CL,16
India,HR,16
Spain,GU,16
Mozambique,ET,16
United Arab Emirates,IE,16
South Korea,CU,16
Sweden,MM,16
Switzerland,XK,16
Guatemala,DK,16
Kenya,SS,16
Germany,NI,16
Bangladesh,NL,16
Nicaragua,IR,16
El Salvador,NG,16
Cambodia,PT,16
Mexico,BG,16
Australia,GT,16
Finland,IQ,16
Egypt,OM,16
Argentina,SK,16
Papua New Guinea,FJ,16
China,AE,16
Eswatini,AT,16
Germany,TO,16
Slovakia,PK,16
Egypt,DZ,16
Brazil,ML,16
Canada,AF,16
Tajikistan,RU,16
Tajikistan,AU,16
Spain,NE,16
Myanmar,ET,16
Belarus,SE,16
Switzerland,RW,16
Uruguay,EG,16
Thailand,HR,16
Vietnam,CH,16
Brazil,BH,16
Luxembourg,DZ,16
Cambodia,KE,16
Iceland,TW,16
Italy,PA,16
Montenegro,SI,16
Canada,YE,16
Croatia,ME,16
Qatar,PT,15
Argentina,CY,15
Norway,CI,15
Brazil,MQ,15
Barbados,TR,15
Bosnia and Herzegovina,NZ,15
Romania,EE,15
South Africa,MO,15
Lithuania,PT,15
Jamaica,DK,15
Germany,GP,15
Cyprus,LT,15
Ghana,MA,15
Norway,BF,15
South Korea,VE,15
Costa Rica,RU,15
Trinidad and Tobago,ZA,15
IGO,SB,15
France,LR,15
Ivory Coast,CN,15
El Salvador,MY,15
EU,PY,15
India,MA,15
Argentina,ET,15
Tanzania,RW,15
Zimbabwe,AU,15
Canada,GA,15
Russia,EG,15
Poland,LS,15
France,GE,15
Pakistan,LK,15
Switzerland,SN,15
Malaysia,NI,15
Thailand,JO,15
Rwanda,NP,15
Philippines,MT,15
Finland,MV,15
Australia,VU,15
Seychelles,ZA,15
South Africa,RW,15
Togo,GH,15
Canada,GI,15
China,HU,15
Australia,SL,15
Andorra,AU,15
Mauritania,GB,15
Mexico,RO,15
Qatar,KE,15
Nepal,UG,15
Latvia,AE,15
Thailand,LB,15
EU,GD,15
Iraq,IL,15
Benin,CH,15
Peru,HR,15
Netherlands,SZ,15
USA,SM,15
Czech Republic,MY,15
Germany,PY,15
Sweden,GT,15
Lebanon,PL,15
North Macedonia,HR,15
New Zealand,UA,15
Serbia,CL,15
Lebanon,PK,15
Tanzania,ZM,15
Italy,BH,15
Uganda,OM,15
Italy,MW,15
Israel,PK,15
Turkey,SS,15
Bangladesh,CH,15
South Africa,ML,15
Chile,ET,15
Iran,PL,15
Guyana,GY,15
Papua New Guinea,JP,15
New Zealand,DZ,15
Israel,RO,15
Venezuela,AZ,15
Argentina,RS,15
Cambodia,AR,15
Chile,JO,15
Pakistan,KR,15
Hungary,SG,15
Norway,PA,15
Andorra,NL,15
Jamaica,HK,15
Palestine,PS,15
Maldives,PR,15
Ghana,CZ,15
Belize,BR,15
Lithuania,LU,15
Chile,SS,15
France,YE,15
Cyprus,IE,15
Italy,CU,15
Vietnam,IN,15
United Arab Emirates,NZ,15
Kuwait,OM,15
Mongolia,IN,15
Saudi Arabia,BD,15
Iran,RU,15
Tunisia,DE,15
France,ER,15
Ukraine,DK,15
Jordan,LB,15
Namibia,NO,15
Mongolia,NL,15
Romania,MX,15
Finland,GW,15
Australia,NA,15
Nigeria,TZ,15
Kazakhstan,TR,15
Rwanda,CL,15
India,SI,15
Austria,AZ,15
Somalia,IT,15
Ireland,PR,15
Denmark,AL,15
Pakistan,GR,15
Sri Lanka,CL,15
Mexico,CY,15
Cameroon,IT,15
USA,AO,15
Kenya,SI,15
South Korea,MW,15
Colombia,TZ,15
Belgium,GE,15
Peru,EE,15
Namibia,IL,15
Iraq,TW,15
Sri Lanka,VE,15
Slovenia,CO,15
Paraguay,PR,15
South Africa,IS,15
Kyrgyzstan,CH,15
Spain,CG,15
Bahamas,BR,15
Uzbekistan,US,15
Germany,NA,15
North Macedonia,IR,15
Bangladesh,ES,15
Ireland,IM,15
Sweden,AG,15
Philippines,MK,15
Philippines,MW,15
Bhutan,IR,15
Japan,AL,15
Finland,PS,15
Sweden,SY,15
Liberia,DK,15
Belgium,MV,15
Jordan,BR,15
Brunei,NZ,15
Benin,AU,15
Venezuela,IR,15
Trinidad and Tobago,NO,15
Ireland,AZ,15
South Africa,MN,15
Taiwan,AE,15
Canada,VI,14
Rwanda,RU,14
Senegal,KE,14
Cyprus,IR,14
Malaysia,MA,14
Japan,KZ,14
Kuwait,QA,14
Turkey,CR,14
Rwanda,HU,14
Ethiopia,LK,14
EU,PG,14
Tajikistan,DE,14
Qatar,PS,14
Brunei,MX,14
Ghana,CL,14
India,KZ,14
Liberia,NO,14
Uganda,MM,14
Botswana,KR,14
Chile,TZ,14
Denmark,ZW,14
Greece,SA,14
Romania,AR,14
Dominican Republic,ZA,14
Japan,MM,14
Rwanda,SA,14
Ethiopia,SA,14
Belgium,IQ,14
Rwanda,SD,14
Peru,LU,14
Somalia,DE,14
Ecuador,ZA,14
Myanmar,TW,14
Senegal,CN,14
Bolivia,PT,14
Sierra Leone,JP,14
Slovakia,RO,14
Indonesia,DZ,14
Costa Rica,BD,14
Slovakia,TH,14
Nigeria,RS,14
Kuwait,NO,14
Lithuania,CL,14
Canada,ME,14
Greece,EC,14
Bulgaria,SG,14
El Salvador,EC,14
Botswana,FI,14
Qatar,CO,14
Chile,EE,14
El Salvador,EG,14
Zambia,ZM,14
Laos,HK,14
Fiji,ZA,14
Belize,FR,14
Norway,BJ,14
Brazil,HN,14
Sri Lanka,SA,14
Saudi Arabia,SD,14
UK,MQ,14
Bosnia and Herzegovina,RU,14
Uganda,SK,14
Brunei,FI,14
Mauritius,PT,14
Italy,ML,14
South Africa,SN,14
Poland,GP,14
Greece,SK,14
Kuwait,CZ,14
Austria,PE,14
Taiwan,NG,14
Japan,BN,14
Philippines,KH,14
Sierra Leone,IT,14
Qatar,ET,14
Afghanistan,ZA,14
Zambia,KE,14
Belize,NL,14
Tunisia,PT,14
Turkey,AL,14
Croatia,LT,14
Spain,GD,14
Micronesia,AU,14
Venezuela,VN,14
Ivory Coast,AU,14
Switzerland,PA,14
Czech Republic,CO,14
South Africa,LV,14
Afghanistan,HK,14
Serbia,ME,14
Costa Rica,TN,14
Argentina,GH,14
Rwanda,PL,14
Ethiopia,IL,14
South Africa,RS,14
Turkey,AM,14
Honduras,CL,14
Russia,AE,14
UK,ME,14
Switzerland,BT,14
South Sudan,DE,14
Philippines,NC,14
Cyprus,KR,14
Philippines,UY,14
Ethiopia,TR,14
Ethiopia,ZW,14
Maldives,MY,14
Italy,SD,14
Rwanda,GW,14
Dominican Republic,PR,14
Norway,AL,14
Bolivia,JO,14
Switzerland,NE,14
Bhutan,KE,14
Jamaica,ZA,14
Guatemala,PT,14
Cambodia,VN,14
South Africa,KW,14
Oman,AE,14
Zimbabwe,NL,14
France,GY,14
Italy,PR,14
Botswana,PT,14
Serbia,NG,14
USA,CF,14
Pakistan,IR,14
Italy,BW,14
Poland,SR,14
Mozambique,KE,14
Pakistan,PT,14
Bahrain,KW,14
Jamaica,MY,14
UK,PF,14
Somalia,FI,14
Greece,MY,14
Japan,FJ,14
Trinidad and Tobago,IL,14
Guinea,BE,14
Slovakia,AE,14
Netherlands,CD,14
Denmark,JM,14
Albania,GR,14
Czech Republic,SG,14
Nepal,SA,14
Senegal,HK,14
Ghana,NZ,14
Switzerland,CW,14
Ethiopia,ID,14
Denmark,NP,14
Brazil,MM,14
Netherlands,BH,14
Norway,TT,14
Spain,XK,14
France,ME,14
Sao Tome and Principe,PT,14
Botswana,RU,14
Australia,KN,14
Niger,,14
Fiji,JP,14
Somalia,AU,14
Poland,KH,14
Trinidad and Tobago,NZ,14
Brunei,NO,14
Mexico,SD,14
Lebanon,IR,14
New Zealand,BY,14
Cyprus,TW,14
Mozambique,AT,14
Netherlands,BA,14
Jamaica,NZ,14
Ireland,ZM,14
Burundi,GB,14
Montenegro,IL,14
IGO,AW,14
Peru,RS,14
Panama,AR,14
Panama,NO,14
Jordan,IE,14
Latvia,PF,14
Slovenia,AR,14
Dominican Republic,NO,14
Sweden,CD,14
Barbados,GR,14
Bolivia,ZA,14
Kenya,CD,14
Bhutan,SA,14
Taiwan,KE,14
Oman,FI,14
Oman,IL,14
Italy,UZ,14
Italy,BF,14
South Korea,ZW,14
Australia,DO,14
Paraguay,LK,14
Bangladesh,IT,14
Australia,AF,14
India,BG,14
Moldova,ZA,14
Sweden,XK,14
Latvia,QA,13
Switzerland,PG,13
Estonia,TN,13
Denmark,BW,13
Togo,GB,13
Norway,NA,13
Mauritius,FI,13
Uganda,IQ,13
Finland,DO,13
Malta,BE,13
Philippines,OM,13
Uganda,KZ,13
Saudi Arabia,MX,13
Uruguay,BD,13
Nicaragua,NI,13
Nigeria,CI,13
Bhutan,NO,13
South Korea,FJ,13
Ivory Coast,IN,13
Georgia,IR,13
Brunei,PT,13
Norway,SO,13
Belgium,ML,13
Switzerland,MG,13
Brazil,PF,13
Costa Rica,NI,13
Japan,BJ,13
Senegal,SG,13
South Korea,BO,13
Panama,ZA,13
Saudi Arabia,RU,13
Russia,MX,13
Montenegro,RS,13
Fiji,BR,13
Romania,SA,13
El Salvador,PT,13
Nigeria,EE,13
Bulgaria,TH,13
Turkey,PR,13
Indonesia,ZW,13
Venezuela,NG,13
Russia,BD,13
Canada,UZ,13
Finland,LA,13
Botswana,CM,13
Slovenia,EG,13
Oman,EG,13
Moldova,HR,13
Liechtenstein,US,13
Finland,GT,13
Paraguay,LB,13
Australia,IM,13
Ethiopia,GR,13
Sweden,GM,13
Spain,GI,13
Ghana,TH,13
Azerbaijan,CH,13
Suriname,SR,13
Azerbaijan,TR,13
Bulgaria,RS,13
EU,SC,13
Paraguay,UG,13
Iran,RO,13
South Africa,SD,13
Eswatini,BR,13
Germany,GL,13
Afghanistan,BE,13
Belize,SE,13
Andorra,DE,13
Botswana,TZ,13
Colombia,IQ,13
Kyrgyzstan,BE,13
Botswana,CO,13
Zambia,IT,13
Poland,SC,13
Germany,RE,13
Myanmar,ZA,13
Albania,KR,13
Myanmar,FI,13
Indonesia,TZ,13
Australia,CG,13
Tanzania,HU,13
Barbados,NZ,13
Kosovo,NZ,13
Brazil,BY,13
Jamaica,AT,13
Bosnia and Herzegovina,PL,13
Panama,CL,13
Croatia,NC,13
Tanzania,NP,13
Georgia,SG,13
Croatia,CL,13
Argentina,MW,13
Iceland,EE,13
Luxembourg,HR,13
Algeria,TN,13
Austria,AL,13
Peru,PS,13
Italy,ME,13
Sri Lanka,RO,13
Denmark,IQ,13
Canada,XK,13
Canada,GF,13
Liberia,BE,13
Ireland,ZW,13
Saudi Arabia,TH,13
Brunei,NG,13
Iraq,KR,13
Pakistan,TH,13
Iran,AE,13
China,OM,13
Afghanistan,SE,13
Paraguay,SK,13
Kuwait,IE,13
Rwanda,TN,13
Ecuador,PT,13
Hungary,SK,13
Argentina,VN,13
Serbia,XK,13
Netherlands,CG,13
Egypt,LV,13
Kazakhstan,IT,13
Netherlands,BN,13
Taiwan,LK,13
Malaysia,IS,13
Ireland,FJ,13
Mauritius,HK,13
Maldives,HK,13
Italy,ZW,13
Israel,MX,13
USA,TD,13
Botswana,CY,13
Mexico,HN,13
Kenya,NP,13
Timor Leste,SE,13
Sri Lanka,KW,13
Kosovo,ZW,13
Venezuela,TH,13
Argentina,LB,13
Iran,AR,13
Moldova,SI,13
Sweden,GW,13
Bangladesh,JP,13
Ecuador,TR,13
Papua New Guinea,AT,13
Mongolia,IT,13
Belize,CH,13
Russia,AR,13
Uganda,JO,13
Australia,JE,13
Nigeria,RO,13
Philippines,CR,13
Estonia,LK,13
Uzbekistan,CN,13
Bosnia and Herzegovina,AT,13
Myanmar,CH,13
Iceland,SI,13
Kenya,MZ,13
Yemen,DE,13
Finland,YE,13
New Zealand,MT,13
Kiribati,FJ,13
Kenya,HR,13
Czech Republic,RO,13
Uzbekistan,IN,13
UK,SV,13
Papua New Guinea,ID,13
Spain,UZ,13
Afghanistan,ES,13
Portugal,VE,13
Lithuania,KR,13
Azerbaijan,IT,13
Ghana,TR,13
Argentina,NI,13
Maldives,EG,13
Czech Republic,LT,13
Dominican Republic,IE,13
Kuwait,TH,13
Austria,SS,13
Estonia,BY,13
Thailand,LT,13
Brunei,TH,13
Myanmar,IR,13
Ukraine,PT,13
EU,HN,13
Peru,NI,13
UK,BM,13
Morocco,IR,13
Mauritius,TR,12
India,LB,12
France,SV,12
Ireland,MM,12
Denmark,MT,12
Mongolia,SE,12
Cameroon,SE,12
Botswana,IE,12
Argentina,GT,12
Canada,JE,12
Ireland,IQ,12
Israel,EG,12
Switzerland,PY,12
Pakistan,AR,12
Japan,IQ,12
Cambodia,IE,12
EU,JE,12
Latvia,GH,12
Morocco,GR,12
Serbia,SK,12
South Africa,MU,12
Nigeria,HR,12
Guyana,CN,12
Qatar,MA,12
Uganda,QA,12
Namibia,AR,12
Denmark,GT,12
Kuwait,RU,12
Botswana,UG,12
USA,WS,12
Sweden,ML,12
Dominican Republic,LU,12
Slovenia,LT,12
Canada,SZ,12
Botswana,JO,12
Mali,US,12
El Salvador,UY,12
Finland,BN,12
Tunisia,ES,12
Ireland,PS,12
Malta,IE,12
Algeria,QA,12
France,HT,12
Uruguay,LV,12
Australia,AS,12
Thailand,UG,12
Ukraine,IR,12
Belize,MX,12
Yemen,CA,12
United Arab Emirates,ZA,12
Netherlands,AF,12
Brazil,RW,12
Ukraine,GR,12
Barbados,IN,12
Germany,FK,12
Iran,RS,12
Botswana,AE,12
Panama,PL,12
Taiwan,BD,12
UK,GF,12
Ghana,IR,12
Luxembourg,BG,12
Ghana,SG,12
Singapore,UA,12
Paraguay,DZ,12
Tanzania,SI,12
Switzerland,MC,12
Venezuela,NP,12
Oman,AT,12
Denmark,KW,12
Malaysia,PE,12
Thailand,ZM,12
Indonesia,KZ,12
Pakistan,FI,12
Colombia,ZM,12
Ireland,OM,12
Iraq,ZA,12
North Macedonia,ME,12
Sweden,TT,12
Netherlands,FJ,12
Botswana,LS,12
Egypt,PE,12
Nepal,CZ,12
Philippines,BF,12
Egypt,RO,12
New Zealand,OM,12
Finland,BA,12
San Marino,FR,12
Australia,VG,12
Nigeria,SK,12
Ivory Coast,JP,12
Botswana,HR,12
Tanzania,CL,12
Canada,SJ,12
Afghanistan,TR,12
Botswana,KW,12
Brazil,GU,12
Kiribati,JP,12
Uganda,PA,12
Taiwan,CM,12
Switzerland,MU,12
South Africa,GM,12
Botswana,BD,12
Eswatini,ES,12
Portugal,NP,12
Austria,DZ,12
Austria,CM,12
Finland,NA,12
Finland,FJ,12
Canada,FK,12
Uruguay,BG,12
Thailand,GH,12
Montenegro,BR,12
Italy,FJ,12
Ecuador,GR,12
Uruguay,SK,12
Sweden,PF,12
Croatia,CO,12
Indonesia,KW,12
Bulgaria,CO,12
Bangladesh,KR,12
Luxembourg,MY,12
Philippines,PG,12
Serbia,EE,12
EU,BS,12
Brazil,GM,12
Sweden,AF,12
Senegal,JP,12
Costa Rica,PR,12
Brazil,LA,12
Uganda,JM,12
EU,GL,12
Ukraine,HR,12
Estonia,JO,12
Poland,BA,12
Senegal,IL,12
Jordan,HU,12
Argentina,BG,12
Philippines,BI,12
Mozambique,UG,12
Zimbabwe,FR,12
Egypt,TZ,12
Indonesia,LU,12
EU,GU,12
Estonia,CM,12
Tunisia,IT,12
China,VN,12
Dominican Republic,TR,12
Peru,GT,12
Papua New Guinea,BR,12
Cyprus,HK,12
Haiti,ZA,12
Rwanda,VN,12
Australia,NI,12
Ghana,MY,12
Ghana,GR,12
Paraguay,CY,12
Belgium,CD,12
Indonesia,LV,12
Russia,RO,12
China,SI,12
Tanzania,MA,12
Kenya,NA,12
Lebanon,JO,12
Belize,IT,12
Senegal,TZ,12
New Zealand,GM,12
Ireland,MU,12
Morocco,AT,12
New Zealand,BW,12
Myanmar,SE,12
Denmark,DZ,12
South Africa,EC,12
Morocco,RU,12
Switzerland,SY,12
Zimbabwe,NG,12
France,FO,12
Oman,PK,12
Austria,VE,12
Turkey,CI,12
South Africa,BB,12
Portugal,SN,12
Liberia,ET,12
Honduras,BR,12
Saint Kitts and Nevis,HK,12
Montenegro,SE,12
Costa Rica,VE,12
Belgium,DO,12
Bahamas,NL,12
Germany,AG,12
Poland,IQ,12
Liberia,KE,12
Liberia,SE,12
Indonesia,AZ,12
Trinidad and Tobago,PK,12
Afghanistan,SA,12
UK,VI,12
Botswana,FJ,12
Nigeria,HU,12
Saudi Arabia,NZ,12
China,SA,12
Cyprus,RU,12
Qatar,HU,12
Croatia,BM,12
Serbia,AE,12
Australia,GW,12
Finland,SD,12
Ghana,PK,12
Brazil,NE,12
Azerbaijan,NL,12
Sierra Leone,BR,12
Guinea,AU,12
Costa Rica,SG,12
United Arab Emirates,IN,12
Bolivia,FI,12
Jordan,MY,12
Portugal,BY,12
Greece,IR,12
Myanmar,PK,12
Paraguay,PH,12
Trinidad and Tobago,SG,12
Portugal,GM,12
Botswana,SA,12
Israel,AR,11
Botswana,LU,11
Belgium,FJ,11
Uganda,HR,11
Guinea,DE,11
Netherlands,BI,11
Serbia,CY,11
Guatemala,SG,11
Singapore,LB,11
Chile,MA,11
USA,GY,11
Argentina,PH,11
EU,IM,11
Spain,VU,11
Oman,TW,11
Romania,ID,11
Taiwan,PR,11
Sweden,SN,11
Peru,MO,11
Sri Lanka,EG,11
Netherlands,GE,11
Germany,GW,11
Somalia,NL,11
Hungary,HR,11
Malaysia,PY,11
Turkey,ZM,11
Singapore,LT,11
Laos,ZA,11
Myanmar,LK,11
UK,GN,11
Mauritania,US,11
Belgium,MN,11
Netherlands,DO,11
El Salvador,BO,11
Switzerland,UZ,11
Mauritius,SG,11
Serbia,CM,11
Fiji,KE,11
Israel,MY,11
Slovakia,BG,11
UK,HT,11
Liberia,GH,11
Monaco,FR,11
Malaysia,GM,11
Indonesia,BW,11
Namibia,NZ,11
Jordan,GH,11
Turkey,BY,11
Serbia,JO,11
Panama,DO,11
Sweden,SL,11
Kenya,LV,11
Costa Rica,EG,11
Turkey,CU,11
Iran,KW,11
Chile,PY,11
Bahamas,JP,11
Cameroon,BE,11
Mauritius,PE,11
Ireland,GM,11
IGO,GQ,11
Guatemala,BE,11
Uganda,ML,11
India,CR,11
Malaysia,NP,11
Bhutan,EG,11
Trinidad and Tobago,NG,11
Paraguay,HR,11
Peru,ZW,11
Hungary,MY,11
Jamaica,VN,11
Norway,MN,11
Kosovo,SG,11
Bahrain,SA,11
Haiti,ES,11
Netherlands,CU,11
Germany,SL,11
Canada,GD,11
Kuwait,TN,11
Mexico,PY,11
Bangladesh,BR,11
Nicaragua,PL,11
Uganda,LU,11
Slovakia,LT,11
Ethiopia,SG,11
Morocco,FI,11
Botswana,ME,11
New Zealand,BN,11
Trinidad and Tobago,PT,11
Finland,BH,11
Slovakia,VN,11
Benin,ZA,11
Argentina,TZ,11
Iran,NG,11
Slovakia,EE,11
Andorra,IT,11
Spain,GW,11
Benin,IT,11
Namibia,SE,11
Botswana,LB,11
Zambia,HK,11
Turkey,BW,11
Sierra Leone,ZA,11
China,KE,11
India,GT,11
Venezuela,QA,11
Namibia,AT,11
Singapore,BG,11
Spain,AF,11
Venezuela,EG,11
Colombia,IS,11
Finland,NI,11
Netherlands,ME,11
France,KN,11
New Zealand,MV,11
Netherlands,NA,11
Uganda,CY,11
South Africa,KH,11
Paraguay,HN,11
Uruguay,PA,11
Switzerland,SS,11
Bosnia and Herzegovina,CZ,11
IGO,DM,11
Panama,NZ,11
Bosnia and Herzegovina,IE,11
Canada,BS,11
Azerbaijan,CN,11
Myanmar,AT,11
Russia,ET,11
Hungary,RO,11
Philippines,EC,11
Chile,UG,11
Botswana,PY,11
Paraguay,BG,11
Iran,CZ,11
Cape Verde,SE,11
Trinidad and Tobago,MY,11
Chile,TN,11
Canada,MQ,11
Turkey,GE,11
Brazil,PS,11
Jamaica,FI,11
Australia,HN,11
Iceland,IR,11
Switzerland,LA,11
Brunei,AT,11
Moldova,SG,11
Dominican Republic,VE,11
Dominican Republic,CU,11
Trinidad and Tobago,RU,11
South Africa,BO,11
UK,ER,11
Lithuania,GR,11
Iraq,EG,11
Brunei,GR,11
Bhutan,DK,11
Kenya,QA,11
Indonesia,MO,11
Netherlands,MV,11
Nigeria,LV,11
Somalia,CH,11
Rwanda,SN,11
Ethiopia,ZM,11
Yemen,FR,11
Kenya,UY,11
Chile,LV,11
Jamaica,TW,11
Switzerland,MK,11
Bulgaria,PK,11
Haiti,DE,11
Palestine,IL,11
Japan,BA,11
Qatar,CL,11
EU,SO,11
Armenia,RU,11
Argentina,QA,11
Ethiopia,VN,11
China,PH,11
Romania,HR,11
France,KG,11
Sweden,GL,11
Tanzania,VN,11
Japan,GW,11
Ethiopia,CM,11
Argentina,TN,11
Latvia,PR,11
Switzerland,NA,11
China,EG,11
Timor Leste,DE,11
Philippines,CM,11
South Africa,CU,11
Iraq,JO,11
Mexico,GT,11
Romania,TW,11
Burkina Faso,FR,11
Paraguay,GT,11
Belarus,FR,11
Nigeria,KW,11
Sweden,DO,11
Saint Kitts and Nevis,IT,11
Afghanistan,SG,11
Honduras,CO,11
India,PR,11
Israel,CL,11
Ireland,GW,11
Rwanda,BF,11
Sierra Leone,CH,11
Taiwan,BG,11
United Arab Emirates,EG,11
Botswana,NP,11
Indonesia,EC,11
Malaysia,UA,11
Albania,BR,11
Botswana,BA,11
Malta,NO,11
Haiti,AU,11
Ecuador,IE,11
Botswana,VN,11
Botswana,KZ,11
Belgium,SN,11
North Macedonia,SK,11
Myanmar,MX,11
Georgia,EG,11
Vietnam,TW,11
Oman,NG,11
Philippines,PR,11
Croatia,TH,11
Marshall Islands,US,11
Argentina,JM,11
Tunisia,AU,11
South Africa,CD,11
Georgia,TH,11
Kenya,BI,11
Kuwait,RO,11
Germany,AS,11
Kenya,RO,11
Greece,MX,11
Sierra Leone,SL,11
Serbia,LT,11
Uganda,KW,11
Latvia,BH,11
Nicaragua,TH,11
Malaysia,CM,11
Bulgaria,UA,11
Botswana,LA,11
Chile,LT,11
Kosovo,PL,11
Denmark,PA,11
Honduras,AU,11
Lebanon,UG,11
Kyrgyzstan,JP,11
Sierra Leone,IN,11
Romania,KE,11
Brazil,NA,11
Papua New Guinea,TR,11
Ghana,AR,11
Lithuania,ZA,11
Singapore,MO,11
Philippines,SY,10
Ivory Coast,ES,10
Russia,CL,10
San Marino,DE,10
Taiwan,IS,10
Montenegro,NO,10
Uruguay,PY,10
Azerbaijan,FR,10
Guyana,BE,10
Ireland,CU,10
Switzerland,GL,10
Bolivia,NO,10
Malaysia,MM,10
Kazakhstan,CH,10
Latvia,VN,10
Switzerland,ML,10
Myanmar,VN,10
Mozambique,ZW,10
Saint Kitts and Nevis,BB,10
Egypt,HR,10
United Arab Emirates,JO,10
Saint Kitts and Nevis,CH,10
Romania,SI,10
Singapore,EC,10
Nepal,TZ,10
EU,BM,10
Spain,GA,10
Cambodia,ET,10
Kyrgyzstan,TW,10
Nigeria,NP,10
Uruguay,LK,10
Romania,LV,10
Trinidad and Tobago,CY,10
Somalia,SE,10
Egypt,EE,10
Morocco,CL,10
Iceland,CM,10
North Macedonia,AL,10
Cape Verde,NO,10
Azerbaijan,CA,10
Saudi Arabia,MM,10
Nigeria,QA,10
India,MW,10
Portugal,GP,10
Namibia,EG,10
Latvia,MA,10
Cambodia,AE,10
Tonga,US,10
Denmark,OM,10
Croatia,UA,10
Hungary,TW,10
Colombia,BW,10
Senegal,IE,10
Trinidad and Tobago,RO,10
Barbados,AT,10
Saudi Arabia,CO,10
Mali,GB,10
Lithuania,MY,10
Paraguay,TZ,10
North Macedonia,SA,10
Belgium,OM,10
Sudan,AU,10
Mexico,EE,10
Singapore,CY,10
Paraguay,ET,10
India,MV,10
Denmark,MN,10
Luxembourg,BD,10
Uzbekistan,DE,10
Somalia,FR,10
Chile,MO,10
Argentina,HR,10
Brazil,UZ,10
Democratic Republic Of The Congo,DE,10
Estonia,GH,10
India,BN,10
Namibia,NG,10
Denmark,CR,10
Armenia,CH,10
Uruguay,UG,10
Ghana,CG,10
Jamaica,SG,10
Vietnam,IT,10
France,AS,10
Uganda,BG,10
Vietnam,HK,10
Serbia,IS,10
Canada,SV,10
Portugal,IQ,10
Laos,CA,10
Honduras,AR,10
Iran,PH,10
Belgium,BN,10
Andorra,CH,10
Mongolia,RU,10
Thailand,SI,10
Bhutan,IE,10
Ireland,GT,10
Mauritius,GR,10
Serbia,CO,10
Afghanistan,BR,10
Uruguay,AE,10
Singapore,SK,10
Liechtenstein,CH,10
Bolivia,TN,10
Tanzania,BJ,10
Netherlands,PY,10
Belarus,DK,10
Kenya,NE,10
Germany,SZ,10
Denmark,KZ,10
Azerbaijan,AM,10
El Salvador,CZ,10
Ireland,DO,10
Nepal,RO,10
Moldova,TH,10
Colombia,RS,10
India,ZW,10
Ireland,PA,10
Bahamas,BS,10
Mexico,LV,10
Kenya,SK,10
Spain,AO,10
Croatia,LK,10
Spain,BT,10
China,NG,10
Austria,UG,10
Lithuania,IN,10
Jordan,ZA,10
Cyprus,TH,10
Mexico,BF,10
Ecuador,IR,10
Liberia,LR,10
Burkina Faso,BF,10
Tunisia,DK,10
Bulgaria,IS,10
Mexico,JM,10
Germany,SO,10
Afghanistan,NG,10
Hungary,UA,10
Trinidad and Tobago,DK,10
Italy,ZM,10
Chile,CM,10
Italy,SN,10
Indonesia,PS,10
Poland,CG,10
South Korea,DO,10
Finland,KH,10
Palau,GB,10
Czech Republic,EE,10
Brazil,BA,10
Benin,NG,10
Japan,PF,10
Chile,DO,10
Barbados,TW,10
Panama,BG,10
Mauritius,PL,10
Mongolia,ES,10
Senegal,BR,10
Colombia,TT,10
Turkey,PG,10
Guatemala,KR,10
China,GH,10
Turkey,BH,10
Georgia,MX,10
South Korea,MM,10
Germany,FO,10
El Salvador,CU,10
Ukraine,HU,10
New Zealand,CU,10
Malaysia,JM,10
Finland,PA,10
Senegal,BW,10
Singapore,MA,10
Bahrain,IR,10
Sudan,NL,10
Togo,CA,10
Uganda,MA,10
Lebanon,QA,10
Turkey,BA,10
Jamaica,NO,10
Israel,ID,10
South Korea,BF,10
Brazil,BB,10
Germany,HN,10
Bangladesh,TH,10
Malta,SE,10
Nigeria,LK,10
Honduras,NL,10
New Zealand,IM,10
Poland,GE,10
Venezuela,SK,10
Denmark,MO,10
EU,GI,10
Switzerland,SD,10
New Zealand,BS,10
Romania,TH,10
Fiji,DK,10
Zambia,CH,10
Azerbaijan,RU,10
Benin,DK,10
Moldova,EE,10
Latvia,TZ,10
Guinea,IN,10
Afghanistan,IL,10
Philippines,BY,10
Zimbabwe,SE,10
Eswatini,IN,10
Brazil,NC,10
Mozambique,MX,10
Iraq,NG,10
Nigeria,MW,10
Greece,MK,10
Paraguay,NI,10
Bahamas,ES,10
Chile,VN,10
Mauritius,ID,10
Rwanda,SG,10
Kyrgyzstan,NO,10
Slovakia,RS,10
Greece,TH,10
Brunei,ZA,10
Rwanda,JO,10
Thailand,QA,10
Kenya,MU,10
Singapore,PA,10
Luxembourg,KE,10
Nigeria,LT,10
Pakistan,KE,10
El Salvador,VN,10
El Salvador,ID,10
Cambodia,IR,10
India,EE,10
Venezuela,SA,10
Germany,LS,10
Greece,XK,10
Uruguay,HR,10
Sweden,ME,10
Bosnia and Herzegovina,RS,10
Kenya,OM,10
Cyprus,BG,10
Singapore,KH,10
Portugal,MW,10
Tunisia,NL,10
USA,SB,10
Kuwait,ET,10
Canada,LY,10
Oman,PL,10
Indonesia,UA,10
Tajikistan,IT,10
Germany,TD,10
Norway,MC,10
Thailand,PE,10
Uganda,LA,10
Guatemala,NZ,10
Liberia,TR,10
Jamaica,TH,10
Malaysia,UY,10
Bulgaria,MA,10
Cape Verde,UG,10
Guyana,AT,10
UK,CF,10
North Macedonia,ZW,10
Tajikistan,FR,10
Chile,ZW,10
Trinidad and Tobago,CO,10
South Africa,PR,10
Sweden,UZ,9
Cameroon,KR,9
Iran,HU,9
Brazil,GE,9
Estonia,DZ,9
Ivory Coast,SE,9
Uruguay,VN,9
Switzerland,GU,9
Norway,UZ,9
Guatemala,GT,9
Eswatini,NZ,9
Myanmar,PT,9
Australia,SO,9
Sweden,CI,9
Jordan,SN,9
Papua New Guinea,PL,9
Germany,GD,9
Saint Kitts and Nevis,NL,9
Ghana,HU,9
Mauritius,CZ,9
Mali,FR,9
United Arab Emirates,SG,9
Netherlands,SY,9
Moldova,NP,9
Laos,ES,9
Barbados,BE,9
Moldova,KW,9
Russia,HU,9
Saudi Arabia,HR,9
Chile,PS,9
Bhutan,MX,9
Uganda,SL,9
Greece,EG,9
Togo,FR,9
Portugal,PA,9
Kyrgyzstan,RU,9
Uganda,EE,9
Papua New Guinea,KR,9
Ireland,ML,9
Zimbabwe,DK,9
Bangladesh,NO,9
Colombia,ZW,9
Myanmar,DK,9
Uruguay,IS,9
Cyprus,MY,9
Kazakhstan,KG,9
Lebanon,MY,9
New Zealand,PG,9
Norway,ML,9
Trinidad and Tobago,AT,9
Greece,RS,9
Ivory Coast,BR,9
EU,YE,9
Chile,ML,9
Philippines,MZ,9
Ghana,EE,9
India,EC,9
Venezuela,CY,9
Barbados,CN,9
Jordan,NZ,9
Guatemala,IL,9
Peru,DZ,9
Costa Rica,GH,9
Ethiopia,QA,9
Bahrain,CA,9
Italy,GT,9
Belgium,PY,9
Mexico,OM,9
Tanzania,JO,9
China,CO,9
Belarus,ES,9
Syria,ES,9
Ireland,BA,9
Morocco,HU,9
Cameroon,TR,9
Latvia,LK,9
Georgia,HU,9
Trinidad and Tobago,KR,9
Norway,IM,9
Cambodia,PL,9
Kyrgyzstan,DK,9
Pakistan,CO,9
Belgium,RE,9
Tunisia,CN,9
Ireland,TT,9
Trinidad and Tobago,GR,9
Fiji,SA,9
Bulgaria,EG,9
Bahrain,IT,9
Jordan,GN,9
Bhutan,SG,9
United Arab Emirates,MY,9
Cape Verde,BE,9
Peru,ZM,9
Brunei,TN,9
North Macedonia,IS,9
South Africa,KZ,9
Eswatini,IL,9
Switzerland,SV,9
Ivory Coast,NO,9
Russia,NG,9
EU,AF,9
Croatia,EG,9
Jordan,OM,9
Bosnia and Herzegovina,BR,9
Albania,AT,9
Luxembourg,UY,9
Denmark,UY,9
Iceland,HU,9
Russia,PH,9
Sweden,NE,9
Estonia,KW,9
Austria,BN,9
Sri Lanka,UG,9
Denmark,MK,9
Estonia,GL,9
Trinidad and Tobago,AR,9
Guatemala,NO,9
UK,KN,9
Papua New Guinea,GH,9
Sierra Leone,DE,9
Nepal,CM,9
Japan,CD,9
Rwanda,NE,9
Mexico,BO,9
Maldives,IR,9
Switzerland,AF,9
Brunei,PK,9
Bahrain,AE,9
Qatar,CZ,9
Finland,MN,9
Taiwan,SK,9
Serbia,LB,9
Brazil,MG,9
France,VU,9
Jamaica,PK,9
Sierra Leone,NG,9
Turkey,LA,9
Ireland,RW,9
Kenya,GT,9
Bulgaria,MY,9
Peru,NP,9
Russia,CZ,9
Mexico,PR,9
Mexico,KZ,9
Senegal,CI,9
Morocco,NG,9
Chile,HN,9
Costa Rica,UG,9
Panama,PT,9
Netherlands,BJ,9
Chile,MT,9
Lebanon,SG,9
Nicaragua,AT,9
Colombia,MW,9
Montenegro,ZA,9
Indonesia,EE,9
Bulgaria,PR,9
New Zealand,MZ,9
Cyprus,SK,9
Germany,MD,9
Zambia,CN,9
Pakistan,NG,9
Jordan,MZ,9
Japan,MT,9
Bolivia,KE,9
Malawi,NL,9
USA,KP,9
Albania,CZ,9
Costa Rica,ET,9
Bolivia,ET,9
Armenia,NL,9
Mauritania,ES,9
Cuba,CH,9
El Salvador,ET,9
Ireland,BW,9
Venezuela,SI,9
Senegal,CL,9
Malta,CH,9
China,QA,9
Slovenia,LK,9
United Arab Emirates,AT,9
Slovenia,IS,9
Japan,AZ,9
Cameroon,CN,9
Belize,DK,9
Kuwait,BD,9
Nicaragua,NZ,9
Belize,NO,9
Iran,LV,9
Paraguay,NP,9
Canada,AS,9
Indonesia,BN,9
Uruguay,QA,9
Kosovo,AL,9
Greece,MA,9
Iraq,GR,9
Nepal,UY,9
Czech Republic,TH,9
Georgia,EE,9
Moldova,EG,9
El Salvador,HR,9
South Africa,SY,9
Moldova,LT,9
Laos,SE,9
Afghanistan,AR,9
Slovakia,CM,9
Pakistan,ID,9
Syria,DE,9
Sweden,MG,9
Latvia,UG,9
Egypt,CI,9
South Korea,PG,9
Haiti,BR,9
Colombia,DO,9
Finland,BJ,9
Portugal,BW,9
Honduras,PR,9
Somalia,SA,9
Colombia,MK,9
Australia,BT,9
Austria,ZW,9
Belgium,IM,9
Iran,BD,9
Philippines,BO,9
Vietnam,BE,9
Venezuela,BG,9
Spain,CV,9
Peru,BF,9
Philippines,CU,9
Nigeria,BF,9
Fiji,FI,9
Andorra,DK,9
Nicaragua,FI,9
Morocco,IL,9
Thailand,MM,9
Bhutan,IL,9
Japan,SV,9
Taiwan,RO,9
Kenya,LS,9
Nigeria,BJ,9
Mauritius,KE,9
Nigeria,AE,9
Paraguay,PA,9
Italy,KH,9
Norway,GW,9
Australia,MG,9
IGO,AD,9
Bosnia and Herzegovina,IN,9
Armenia,AU,9
China,PE,9
Namibia,PL,9
Lebanon,CL,9
Belgium,NC,9
Germany,TJ,9
Serbia,VN,9
Liberia,JP,9
Turkey,VE,9
New Zealand,MM,9
Belgium,XK,9
Hungary,LT,9
Brazil,LY,9
Morocco,GH,9
Bolivia,TW,9
Guatemala,AT,9
Bolivia,IL,9
Mexico,AZ,9
United Arab Emirates,IR,9
Uganda,AM,9
Spain,LY,9
Mexico,BI,9
Thailand,NP,9
Lebanon,AE,9
Fiji,NO,9
France,XK,9
Zimbabwe,NO,9
Mexico,IQ,9
Netherlands,PG,9
Fiji,NC,9
Kenya,DZ,9
Ethiopia,MW,9
Switzerland,BB,9
Vanuatu,CA,9
Bahamas,DE,9
Slovenia,KE,9
Estonia,BA,9
Argentina,UG,9
Brunei,EG,9
Austria,GM,9
Japan,UZ,9
Rwanda,TH,9
Bangladesh,AT,9
Thailand,AE,9
Brazil,CD,9
Ecuador,ID,9
Jamaica,IL,9
Laos,FR,9
USA,SX,9
Zambia,JP,9
Kenya,BG,9
Uruguay,TZ,9
Turkey,UZ,9
Bhutan,TR,9
Morocco,IE,9
Democratic Republic Of The Congo,CD,9
Netherlands,SR,9
Australia,FM,9
Venezuela,GT,9
Senegal,MX,9
Brazil,SO,9
Papua New Guinea,EG,9
South Africa,MK,9
Taiwan,NC,9
Singapore,LV,8
Ghana,BF,8
Ghana,ZM,8
Portugal,AM,8
South Korea,ME,8
Taiwan,LV,8
Venezuela,DO,8
Central African Republic,FR,8
Nepal,LT,8
Costa Rica,SI,8
Barbados,IL,8
Serbia,UA,8
Malaysia,SD,8
Burkina Faso,DE,8
Georgia,PT,8
Qatar,EC,8
Belgium,SD,8
Iraq,BD,8
Uruguay,RS,8
Norway,FJ,8
Somalia,PK,8
Senegal,UG,8
Australia,YE,8
Haiti,BE,8
Philippines,BW,8
Nepal,IS,8
Timor Leste,BR,8
Turkey,MD,8
Liberia,PT,8
Iraq,RU,8
Ghana,BD,8
Somalia,CN,8
Bahamas,PR,8
Chile,NP,8
Bahamas,CL,8
Uganda,BJ,8
Qatar,IQ,8
Brunei,MA,8
Bangladesh,RU,8
Norway,GU,8
Finland,TO,8
Bosnia and Herzegovina,JP,8
Seychelles,FI,8
Japan,MK,8
Malaysia,LT,8
Italy,MV,8
Fiji,TR,8
Luxembourg,RO,8
Brazil,GD,8
Slovenia,QA,8
Ireland,BO,8
Singapore,EE,8
Tunisia,SE,8
Oman,PT,8
Belgium,BA,8
Croatia,PH,8
Peru,MT,8
Bolivia,GR,8
Dominican Republic,AT,8
Lithuania,HU,8
Poland,SD,8
Croatia,NG,8
Japan,PS,8
Singapore,PG,8
Nepal,HU,8
Jamaica,GR,8
Cameroon,ET,8
Kazakhstan,KR,8
Poland,GY,8
Tanzania,TN,8
Malaysia,BO,8
Luxembourg,TH,8
Austria,CR,8
Guatemala,TR,8
Argentina,MZ,8
Palestine,CH,8
Netherlands,GD,8
Uganda,BO,8
Portugal,DZ,8
Poland,BY,8
Russia,EE,8
North Macedonia,JO,8
Moldova,MA,8
Kazakhstan,SE,8
Yemen,GB,8
Estonia,PE,8
Oman,KW,8
Malaysia,CR,8
IGO,TM,8
Singapore,TT,8
Philippines,KZ,8
Norway,GF,8
Bulgaria,LT,8
Latvia,AL,8
Rwanda,LU,8
Iraq,PK,8
Bosnia and Herzegovina,FI,8
Estonia,UY,8
Germany,GU,8
Suriname,FR,8
Slovenia,NG,8
Brazil,MD,8
Palestine,CA,8
Turkey,RW,8
Sweden,GE,8
Peru,KZ,8
Samoa,NZ,8
Cuba,AT,8
Portugal,JM,8
Mauritania,DE,8
Pakistan,CZ,8
Kuwait,ZA,8
Liechtenstein,DE,8
Kyrgyzstan,BR,8
Chile,MU,8
Kosovo,ID,8
Chile,BG,8
Guyana,NZ,8
Austria,BI,8
Bosnia and Herzegovina,TR,8
UK,AS,8
Liberia,IE,8
Netherlands,GA,8
Cambodia,CL,8
New Zealand,BB,8
Czech Republic,LV,8
Trinidad and Tobago,ID,8
Cuba,IE,8
Zambia,BR,8
Germany,PG,8
Sudan,SD,8
Montenegro,AT,8
Tanzania,BF,8
Portugal,KH,8
Argentina,ZM,8
Philippines,SN,8
Trinidad and Tobago,GH,8
United Arab Emirates,HU,8
Belgium,SY,8
Marshall Islands,,8
Nicaragua,HK,8
Ghana,CD,8
Australia,BS,8
Bosnia and Herzegovina,ZA,8
Micronesia,GB,8
Austria,XK,8
Malawi,ZA,8
Vietnam,TR,8
Malawi,IT,8
Rwanda,PH,8
Panama,MY,8
Thailand,MA,8
Armenia,IT,8
Armenia,ES,8
China,MO,8
China,RO,8
Honduras,CA,8
Vietnam,SE,8
Japan,DO,8
Nigeria,CM,8
Liberia,UG,8
Poland,BI,8
Oman,CZ,8
Cyprus,SG,8
Switzerland,BI,8
Bulgaria,LV,8
Rwanda,MT,8
Ethiopia,AE,8
Jordan,PL,8
Kosovo,HU,8
Bhutan,HK,8
Myanmar,IE,8
Lithuania,TH,8
Georgia,BG,8
Japan,HN,8
Malaysia,DZ,8
Bahrain,CN,8
Philippines,BJ,8
Peru,LT,8
Peru,GM,8
Philippines,NP,8
Sri Lanka,CY,8
Ireland,FO,8
Estonia,LB,8
Bangladesh,SE,8
Argentina,KW,8
Portugal,MK,8
Czech Republic,AR,8
South Korea,BW,8
Singapore,TN,8
Norway,DO,8
Philippines,BA,8
UK,TJ,8
Ghana,AE,8
Kiribati,DK,8
Uganda,TN,8
South Korea,PA,8
Vietnam,TH,8
Cuba,FI,8
Moldova,NG,8
Serbia,ID,8
Fiji,GH,8
Fiji,IR,8
Switzerland,MQ,8
Belarus,RU,8
Romania,CY,8
Iran,CO,8
Chile,AZ,8
Kosovo,CZ,8
Belarus,FI,8
Bulgaria,DZ,8
Poland,PW,8
Singapore,IQ,8
Mexico,AF,8
Philippines,BB,8
Jamaica,CO,8
India,IS,8
New Zealand,IQ,8
Estonia,DO,8
Ethiopia,TW,8
Belgium,UZ,8
Seychelles,SE,8
IGO,VG,8
Solomon Islands,GB,8
Rwanda,CI,8
Senegal,CM,8
UK,ST,8
Algeria,SN,8
Papua New Guinea,BE,8
Iran,CL,8
Philippines,GT,8
Bahrain,QA,8
Tanzania,SY,8
Croatia,PK,8
Laos,AT,8
Belgium,MM,8
South Korea,CI,8
Myanmar,AR,8
Kenya,SL,8
Australia,KY,8
Tanzania,CY,8
Nepal,VN,8
Luxembourg,AE,8
Turkey,MW,8
Brazil,BI,8
Hungary,AR,8
Jordan,SA,8
Russia,BY,8
Dominican Republic,HK,8
Sri Lanka,QA,8
Ghana,TW,8
Portugal,AL,8
Ireland,BH,8
Guyana,CH,8
Nicaragua,AR,8
Poland,KY,8
Bosnia and Herzegovina,DK,8
Moldova,BY,8
Togo,TG,8
UK,SM,8
Nigeria,MK,8
Netherlands,RE,8
EU,AO,8
Austria,MT,8
Philippines,KW,8
Nepal,CY,8
Maldives,CU,8
Slovakia,PH,8
Hungary,SI,8
Brunei,ID,8
Papua New Guinea,SG,8
Kenya,IS,8
Cambodia,HU,8
Japan,NE,8
Trinidad and Tobago,IE,8
Colombia,MM,8
Guinea,GN,8
Bahamas,IN,8
Slovenia,TN,8
Peru,MA,8
Indonesia,CU,8
Nigeria,RW,8
Dominican Republic,SG,8
New Zealand,GW,8
Oman,ZA,8
Nigeria,PH,8
Chile,KW,8
Mauritius,MY,8
Peru,TN,8
Portugal,MV,8
Trinidad and Tobago,HK,8
EU,MR,8
Qatar,GH,8
Panama,TR,8
San Marino,CA,8
New Zealand,WS,8
Japan,GT,8
United Arab Emirates,JP,8
Taiwan,CY,8
Montenegro,IN,8
Benin,CN,8
Afghanistan,PT,8
Kuwait,CO,8
Cambodia,SA,8
Iran,LB,8
Nigeria,LB,8
Georgia,AR,8
Oman,CY,8
Lebanon,ID,8
Iraq,TN,8
Sri Lanka,PE,8
Mozambique,IN,8
Nicaragua,IE,8
Zambia,SE,8
Senegal,RU,8
Vietnam,SG,8
Qatar,RO,8
UK,AO,8
India,JM,8
El Salvador,RU,8
Namibia,IE,8
Luxembourg,NG,8
Iceland,SG,8
Israel,IS,8
Timor Leste,FR,8
Uruguay,SA,8
Saudi Arabia,MT,8
Serbia,TN,8
Czech Republic,CL,8
Thailand,RO,8
Latvia,KW,8
Denmark,HT,8
Nicaragua,CZ,8
Bahamas,TT,8
Guyana,NO,8
Czech Republic,BG,8
New Zealand,TO,8
Benin,SE,8
Georgia,NG,8
Ecuador,PL,8
USA,MS,8
Guyana,DK,8
Peru,PY,8
Rwanda,NA,8
Tanzania,MW,8
Egypt,JM,8
Indonesia,JM,8
Barbados,SG,8
Sri Lanka,MZ,8
Colombia,RW,8
Uganda,RS,8
Australia,LI,8
Japan,ZW,8
Israel,TH,8
Malaysia,TZ,8
Timor Leste,RU,8
Kenya,CG,8
Greece,NG,8
Togo,NG,8
Turkey,GU,7
Benin,NZ,7
Haiti,CH,7
Canada,KN,7
El Salvador,VE,7
Indonesia,TT,7
Oman,CO,7
Jamaica,CU,7
Vietnam,BD,7
Finland,MC,7
Saint Kitts and Nevis,ES,7
Maldives,IL,7
Belgium,ME,7
Oman,MA,7
IGO,SM,7
Tajikistan,IL,7
India,VE,7
Ukraine,MY,7
Czech Republic,PH,7
Serbia,PH,7
Netherlands,VG,7
Benin,GH,7
Guinea,IT,7
Russia,LB,7
Australia,GY,7
Lesotho,IT,7
Latvia,NP,7
Trinidad and Tobago,CW,7
Costa Rica,SA,7
Slovenia,LB,7
Mozambique,CM,7
Greece,LV,7
Paraguay,QA,7
Taiwan,RS,7
India,RE,7
Japan,MW,7
Cape Verde,CV,7
Democratic Republic Of The Congo,CA,7
Denmark,BN,7
Uruguay,JM,7
EU,CF,7
Madagascar,MG,7
Italy,MU,7
Rwanda,RS,7
Romania,MD,7
Argentina,AE,7
Ethiopia,NP,7
Kuwait,MA,7
Cameroon,FI,7
Denmark,LA,7
Georgia,CL,7
Romania,CL,7
Belarus,IN,7
India,LT,7
Austria,UY,7
South Korea,GU,7
Uzbekistan,GB,7
Senegal,AT,7
Estonia,MO,7
Qatar,LK,7
Brunei,RU,7
Egypt,LT,7
Lebanon,RU,7
Kazakhstan,NL,7
Colombia,DZ,7
Oman,BD,7
South Africa,PA,7
Singapore,CR,7
Jamaica,LT,7
Bosnia and Herzegovina,HU,7
Nicaragua,HU,7
Ireland,MK,7
Colombia,MT,7
Palestine,JO,7
Malawi,JP,7
Fiji,PK,7
Mongolia,TR,7
Sao Tome and Principe,CH,7
Indonesia,MT,7
Trinidad and Tobago,BB,7
Kazakhstan,IN,7
Philippines,CW,7
Belarus,NL,7
Kazakhstan,ES,7
Zimbabwe,TZ,7
Portugal,ZW,7
Singapore,KW,7
Spain,MD,7
IGO,KP,7
Uzbekistan,UZ,7
Tanzania,MZ,7
Cyprus,HU,7
Tanzania,AE,7
Sri Lanka,SN,7
Netherlands,AL,7
Lithuania,TW,7
China,LB,7
Greece,LT,7
Brazil,SV,7
Uruguay,FJ,7
Israel,SI,7
Sao Tome and Principe,BR,7
Austria,EC,7
Brazil,LI,7
Finland,TT,7
Brazil,SS,7
Honduras,CN,7
Madagascar,CA,7
Iran,EG,7
Fiji,CZ,7
Turkey,YE,7
Rwanda,EC,7
Uganda,EC,7
Israel,CO,7
Sri Lanka,LB,7
Trinidad and Tobago,PH,7
Sweden,GU,7
Egypt,EC,7
San Marino,NL,7
Sao Tome and Principe,IT,7
India,KW,7
Jordan,PT,7
Somalia,IN,7
Moldova,CL,7
Afghanistan,DK,7
Russia,VN,7
Iran,LT,7
Singapore,RS,7
Czech Republic,KE,7
New Zealand,RE,7
Romania,DZ,7
Turkey,MZ,7
Austria,KG,7
Tanzania,SD,7
Thailand,CI,7
Brunei,JO,7
Belgium,NE,7
Liberia,AT,7
Bahamas,CH,7
Ireland,BB,7
Senegal,AR,7
Kyrgyzstan,ZA,7
Austria,GE,7
Uzbekistan,CH,7
Nepal,ZW,7
Mexico,QA,7
Malaysia,MQ,7
Lithuania,TR,7
Jamaica,KR,7
Madagascar,BE,7
Sri Lanka,AE,7
Guyana,MX,7
Democratic Republic Of The Congo,CH,7
New Zealand,MU,7
India,OM,7
Morocco,HK,7
Bangladesh,HK,7
Denmark,GM,7
Portugal,MM,7
Eswatini,BE,7
Ethiopia,HT,7
Austria,AM,7
Luxembourg,LT,7
Malawi,ET,7
Jordan,CY,7
Japan,GE,7
Bulgaria,NP,7
Sweden,KG,7
Mongolia,TW,7
Morocco,PL,7
Canada,LI,7
Ukraine,RO,7
Cuba,IN,7
Albania,RO,7
Netherlands,YE,7
Australia,MQ,7
Norway,XK,7
Argentina,LV,7
Hungary,KE,7
Tanzania,CI,7
Canada,LR,7
Peru,SN,7
North Macedonia,CL,7
Uganda,NE,7
Denmark,PS,7
Papua New Guinea,VN,7
Ethiopia,PH,7
Venezuela,GH,7
India,MU,7
Nigeria,PE,7
Germany,KN,7
Uruguay,JO,7
Guyana,AR,7
Malawi,DE,7
Dominican Republic,EC,7
Slovakia,LV,7
Barbados,JP,7
Hungary,PH,7
Armenia,SE,7
Egypt,UG,7
Rwanda,AE,7
Guatemala,CR,7
Australia,FO,7
Slovenia,MT,7
Spain,KG,7
Norway,CW,7
India,BW,7
Bahrain,SE,7
Liberia,IL,7
Austria,DO,7
Zambia,NL,7
Indonesia,UY,7
Paraguay,RO,7
Kuwait,AT,7
Indonesia,BH,7
Peru,BH,7
Rwanda,BW,7
Slovakia,CO,7
Zambia,ES,7
Azerbaijan,RO,7
Mexico,SN,7
Italy,MG,7
Iceland,EG,7
Ethiopia,PL,7
Slovakia,IS,7
Spain,AG,7
Vietnam,AT,7
Angola,BR,7
Colombia,PS,7
Myanmar,PH,7
Turkey,BN,7
EU,VG,7
Bolivia,HK,7
Peru,BJ,7
IGO,TC,7
Bhutan,PL,7
Eswatini,KR,7
Jamaica,CZ,7
Germany,FM,7
Papua New Guinea,SA,7
Montenegro,PL,7
France,KY,7
Ethiopia,RW,7
Kyrgyzstan,AT,7
Czech Republic,BD,7
United Arab Emirates,PT,7
New Zealand,GP,7
Mauritius,SA,7
Barbados,MY,7
Canada,HT,7
EU,AX,7
Albania,IL,7
Egypt,CM,7
Spain,MQ,7
Bangladesh,SG,7
Canada,AG,7
Jamaica,ET,7
Angola,DE,7
Togo,KE,7
India,TN,7
India,DZ,7
Uruguay,EE,7
Mongolia,SG,7
Chile,CI,7
Cuba,CO,7
Chile,FJ,7
Mexico,SS,7
Luxembourg,MT,7
Italy,AF,7
Montenegro,JP,7
Nigeria,CO,7
South Africa,NE,7
Somalia,ET,7
Paraguay,KW,7
Bulgaria,TN,7
Luxembourg,PK,7
Rwanda,HR,7
Austria,CU,7
Malaysia,PR,7
Austria,JM,7
Maldives,FI,7
Australia,ME,7
Chile,KZ,7
Thailand,CY,7
Iraq,PT,7
Ghana,KZ,7
Jamaica,JP,7
Spain,VI,7
Austria,ZM,7
South Korea,BY,7
Brunei,NP,7
India,IQ,7
Finland,LI,7
Iran,LK,7
Colombia,BN,7
Liechtenstein,,7
Uruguay,GH,7
Latvia,EC,7
Tanzania,OM,7
Belize,JM,7
Germany,ST,7
France,LI,7
Saudi Arabia,VN,7
Bolivia,RU,7
Croatia,AE,7
Barbados,CZ,7
Greece,TW,7
Colombia,AM,7
Australia,GI,7
Norway,SN,7
Monaco,GB,7
Algeria,US,7
New Zealand,JM,7
Switzerland,NC,7
Mongolia,KR,7
Laos,KR,7
Netherlands,LA,7
EU,AS,7
India,ZM,7
Croatia,JO,7
Lithuania,EE,7
Belarus,IT,7
Croatia,CY,7
Belize,ES,7
Cape Verde,CN,7
Samoa,IN,7
Saudi Arabia,CZ,7
Singapore,NP,7
Italy,GM,7
Mauritius,GH,7
Belgium,GT,7
EU,BT,7
Jordan,PK,7
Italy,VE,7
United Arab Emirates,KW,7
Bulgaria,BM,7
Afghanistan,IE,7
Malaysia,EC,7
Japan,ZM,7
Chile,UA,7
Cape Verde,DK,7
Sweden,CG,7
New Zealand,CW,7
Finland,ML,7
Costa Rica,VN,7
Nepal,FJ,7
Venezuela,PR,7
Papua New Guinea,IE,7
Luxembourg,CY,7
Australia,PY,7
Morocco,DK,7
Netherlands,UZ,7
Australia,SV,7
Malawi,ES,7
Mongolia,MY,7
Zimbabwe,IT,7
Morocco,PH,7
Eswatini,TH,7
Guyana,IN,7
Egypt,UA,7
Trinidad and Tobago,IR,7
Tajikistan,SE,7
Ghana,ID,7
Kazakhstan,UZ,7
Solomon Islands,NL,7
South Africa,FJ,7
Ireland,AL,7
Kazakhstan,DK,7
Netherlands,LY,7
Japan,GA,7
Romania,QA,7
Greece,CL,7
Uruguay,SY,7
Laos,BR,7
Taiwan,ET,7
Bangladesh,PK,7
Burkina Faso,AU,7
Finland,BI,7
Malta,PT,7
Argentina,JO,7
EU,MQ,7
Philippines,ZM,7
Ghana,ZW,7
Uruguay,ET,7
Malta,AT,7
Kenya,CR,7
Malaysia,VE,7
Nicaragua,SA,7
Austria,BW,7
Kenya,GM,7
Argentina,OM,7
South Africa,TT,7
Denmark,SS,7
Dominican Republic,MY,7
Colombia,NP,7
Switzerland,SR,7
Ghana,ML,7
Venezuela,HR,7
Italy,HT,7
Morocco,TW,7
Papua New Guinea,IL,7
Chile,BY,7
Bhutan,CZ,7
Trinidad and Tobago,SA,7
Pakistan,TW,7
Madagascar,GB,7
Eswatini,ET,7
Malta,NZ,7
South Africa,AL,7
Mexico,LT,7
Australia,GD,7
Samoa,CA,7
Slovenia,AE,7
Senegal,FI,7
Dominican Republic,RU,7
Fiji,PT,7
Saudi Arabia,IQ,7
Norway,MU,7
Dominican Republic,IL,7
South Africa,MG,7
Taiwan,MO,7
Zambia,SA,7
Kuwait,DZ,7
Netherlands,MU,7
Colombia,BF,7
Ireland,SY,7
Israel,PH,7
Democratic Republic Of The Congo,GA,7
Oman,BH,7
Timor Leste,PT,7
Russia,QA,7
Norway,SY,7
Saint Kitts and Nevis,SE,7
France,SR,7
Spain,CW,7
Singapore,JO,7
Ecuador,UY,7
Egypt,BG,7
India,GD,7
United Arab Emirates,MX,7
Mauritius,BD,7
Cyprus,AM,7
USA,VA,7
Jordan,BD,7
Timor Leste,IT,7
Indonesia,BA,7
Brazil,VI,7
Japan,BH,7
Lithuania,BR,7
Zimbabwe,CH,7
Sri Lanka,SI,7
Luxembourg,EE,7
Uganda,PS,7
Saudi Arabia,RO,7
USA,DJ,7
Egypt,KZ,7
Colombia,BZ,7
Bolivia,CM,7
Austria,GU,7
Ireland,SD,6
Ireland,CI,6
Slovenia,LV,6
Malta,IL,6
Barbados,MT,6
Egypt,IQ,6
Thailand,MO,6
Singapore,TZ,6
Peru,BG,6
Israel,EE,6
USA,VC,6
South Africa,GN,6
Trinidad and Tobago,AE,6
Panama,TH,6
Myanmar,NP,6
Slovenia,MA,6
Italy,RW,6
Oman,HU,6
Guinea,ET,6
Ecuador,SG,6
Burkina Faso,BE,6
UK,SC,6
Iraq,NZ,6
Uruguay,ID,6
Cyprus,MX,6
El Salvador,TZ,6
Italy,GD,6
Sao Tome and Principe,TH,6
India,MM,6
Sudan,IN,6
Belarus,CZ,6
Venezuela,GE,6
Serbia,ET,6
North Macedonia,AE,6
Finland,GE,6
Russia,RS,6
Russia,LT,6
Qatar,JM,6
Uzbekistan,CA,6
Taiwan,VN,6
Jamaica,GH,6
Paraguay,SD,6
Saudi Arabia,CL,6
Uganda,PG,6
Morocco,SI,6
Thailand,ZW,6
Kiribati,IN,6
Romania,MA,6
Cyprus,CL,6
Cameroon,KE,6
Uganda,BH,6
Brunei,HR,6
Greece,BA,6
Cuba,NZ,6
Lesotho,IN,6
Ukraine,EG,6
Egypt,UY,6
Kiribati,ES,6
Norway,PG,6
Iraq,SA,6
Ethiopia,ML,6
Samoa,NL,6
Japan,NC,6
Kosovo,LU,6
South Africa,MT,6
Panama,AE,6
Fiji,UG,6
South Africa,SS,6
Kiribati,SG,6
Colombia,MZ,6
Mozambique,IE,6
India,GU,6
El Salvador,BD,6
Georgia,SI,6
Austria,PS,6
Slovenia,VN,6
Italy,CG,6
Central African Republic,US,6
Cuba,IR,6
Australia,SR,6
Sierra Leone,NO,6
Romania,LB,6
Azerbaijan,AU,6
Iceland,UG,6
Ecuador,PA,6
Canada,TJ,6
Romania,IQ,6
EU,KY,6
Costa Rica,BO,6
Barbados,SE,6
Senegal,KR,6
IGO,MS,6
Taiwan,NI,6
Guyana,SE,6
Netherlands,GP,6
Greece,ID,6
Paraguay,LV,6
Chile,MK,6
South Korea,LY,6
Saudi Arabia,MA,6
Saudi Arabia,SI,6
Pakistan,CL,6
Kenya,SD,6
Brazil,CW,6
Belgium,MW,6
Vanuatu,NZ,6
Slovakia,AM,6
Sudan,CH,6
Greece,QA,6
Nepal,IQ,6
Malaysia,EE,6
Turkey,SD,6
Belarus,PT,6
Bahamas,PL,6
Kosovo,PT,6
Somalia,ID,6
Indonesia,BY,6
Singapore,LU,6
Morocco,JO,6
Germany,TG,6
Australia,GE,6
Dominican Republic,PT,6
Iraq,BE,6
Germany,BZ,6
Ukraine,SG,6
Russia,TH,6
Mauritius,AR,6
Fiji,IQ,6
Belgium,BB,6
Bahamas,TR,6
Philippines,JM,6
Rwanda,CG,6
Bhutan,PH,6
Rwanda,OM,6
Montenegro,IE,6
China,ET,6
Canada,ST,6
Ukraine,SK,6
Philippines,SD,6
Madagascar,DE,6
France,TC,6
Ireland,BN,6
Paraguay,CM,6
South Africa,GA,6
Cameroon,DK,6
Rwanda,BI,6
Brazil,YE,6
Morocco,TN,6
Norway,GE,6
Indonesia,IS,6
Afghanistan,FI,6
Cyprus,CZ,6
Honduras,PT,6
Pakistan,ET,6
Nepal,MT,6
Switzerland,MZ,6
Armenia,BE,6
Tanzania,SN,6
Saudi Arabia,UG,6
Israel,JO,6
Bulgaria,NC,6
Afghanistan,PL,6
Indonesia,KH,6
South Africa,IQ,6
Costa Rica,GT,6
Brazil,GY,6
Jordan,PH,6
Argentina,IQ,6
Timor Leste,CA,6
Brunei,ET,6
Latvia,SS,6
Benin,FI,6
Malta,GR,6
Liberia,GN,6
Maldives,MX,6
Laos,MY,6
Mexico,PG,6
Uganda,MO,6
UK,VU,6
Ivory Coast,RU,6
Italy,MK,6
Jordan,KR,6
Thailand,CU,6
Jamaica,LU,6
Australia,NE,6
Ecuador,MY,6
Portugal,BA,6
Senegal,BF,6
Qatar,PH,6
Czech Republic,ID,6
Slovenia,ET,6
Indonesia,MW,6
Guyana,CL,6
North Macedonia,UY,6
Haiti,PR,6
Moldova,SK,6
Japan,BW,6
Uruguay,GT,6
San Marino,AU,6
Latvia,PE,6
Cambodia,KW,6
Canada,MR,6
Belarus,JP,6
Sierra Leone,NL,6
EU,HT,6
Netherlands,BZ,6
Sierra Leone,AM,6
Papua New Guinea,NO,6
Afghanistan,AT,6
Israel,SK,6
Hungary,BG,6
Romania,NG,6
Timor Leste,ID,6
Algeria,TR,6
Nepal,OM,6
Argentina,PY,6
Costa Rica,CM,6
Bahamas,NG,6
Papua New Guinea,TW,6
North Macedonia,MX,6
Zambia,IN,6
Canada,BT,6
Iran,JO,6
Belize,BE,6
Luxembourg,IS,6
Sri Lanka,UA,6
Pakistan,RO,6
Somalia,TZ,6
Finland,SZ,6
Eswatini,LU,6
Greece,CM,6
Barbados,RU,6
Tanzania,NC,6
Singapore,DZ,6
Qatar,CY,6
Germany,BM,6
Mexico,UZ,6
Maldives,CO,6
Cambodia,EG,6
Guyana,CO,6
Estonia,TZ,6
Portugal,MN,6
Madagascar,NL,6
Paraguay,CD,6
Liberia,BR,6
Nepal,MU,6
Brazil,WS,6
Sao Tome and Principe,FR,6
Turkey,XK,6
Israel,CY,6
Portugal,CR,6
Singapore,UG,6
Germany,KY,6
Slovenia,CM,6
Netherlands,NI,6
Paraguay,TT,6
Nepal,TT,6
Spain,GN,6
Denmark,BY,6
Ethiopia,BW,6
Czech Republic,MK,6
Iraq,TH,6
Mauritius,PK,6
Uruguay,NI,6
Turkey,EC,6
Austria,FJ,6
Haiti,PK,6
Afghanistan,BD,6
Afghanistan,NZ,6
Fiji,PH,6
Uruguay,LT,6
Seychelles,NL,6
Mozambique,HK,6
Czech Republic,UA,6
Spain,GL,6
Portugal,MO,6
Turkey,BO,6
Ghana,CI,6
Cameroon,IE,6
Italy,MC,6
Vietnam,IR,6
Taiwan,SA,6
Mexico,BW,6
Seychelles,CN,6
Maldives,KE,6
Israel,LT,6
Sweden,SO,6
Guyana,ZA,6
South Korea,SN,6
Tunisia,CH,6
Switzerland,AS,6
South Korea,SD,6
Papua New Guinea,ET,6
Netherlands,FK,6
Portugal,TT,6
Jamaica,CL,6
Samoa,CH,6
Afghanistan,GR,6
Taiwan,MA,6
Moldova,BD,6
Albania,NO,6
Trinidad and Tobago,PA,6
Lebanon,MX,6
Kuwait,BH,6
Belarus,PL,6
Bhutan,TZ,6
Pakistan,MX,6
Guatemala,IE,6
United Arab Emirates,NG,6
Bhutan,LK,6
Portugal,GT,6
Oman,DK,6
Ireland,ME,6
Iceland,LU,6
Nicaragua,PT,6
Bolivia,MA,6
Georgia,VN,6
Egypt,BF,6
Qatar,AR,6
Namibia,HU,6
Jamaica,SA,6
Spain,IM,6
Italy,GW,6
Brazil,BS,6
Austria,UZ,6
Singapore,PR,6
Lebanon,KW,6
Israel,BD,6
Jamaica,TZ,6
Tanzania,LU,6
Mauritius,ET,6
Lebanon,PS,6
Lithuania,MX,6
Namibia,PT,6
Fiji,BE,6
Italy,MN,6
India,PW,6
Nepal,KZ,6
Senegal,ID,6
Portugal,SS,6
Cambodia,ZW,6
Portugal,GW,6
Netherlands,BM,6
Croatia,JM,6
Andorra,SE,6
Sweden,GD,6
Nicaragua,SG,6
Kosovo,SI,6
Israel,NG,6
Jamaica,ID,6
Gambia,GB,6
New Zealand,GU,6
Morocco,SN,6
Guinea,NG,6
Nepal,SI,6
Australia,TL,6
Azerbaijan,BE,6
Tanzania,RS,6
Nepal,ZM,6
Serbia,KW,6
Papua New Guinea,FI,6
Ireland,LA,6
Denmark,BB,6
Luxembourg,IR,6
Portugal,AO,6
New Zealand,MW,6
Denmark,BJ,6
Kyrgyzstan,HK,6
USA,TL,6
Iraq,HK,6
Haiti,CL,6
Guatemala,HU,6
Jamaica,GT,6
Albania,CY,6
Jordan,AE,6
Indonesia,SD,6
Maldives,SA,6
Mozambique,BD,6
Micronesia,NZ,6
Slovenia,UG,6
New Zealand,FO,6
Nepal,BT,6
Colombia,SV,6
Bahamas,SE,6
Colombia,SN,6
Maldives,EC,6
Dominican Republic,ID,6
Peru,KH,6
Malaysia,PF,6
EU,SM,6
Belgium,RW,6
New Zealand,MN,6
Mauritius,IR,6
Turkey,PA,6
Myanmar,IL,6
Bulgaria,BD,6
Liberia,FI,6
India,PF,6
Netherlands,LI,6
Mozambique,TW,6
Angola,CL,6
Benin,TG,6
Myanmar,CY,6
Vietnam,EG,6
Saint Kitts and Nevis,CN,6
Philippines,CG,6
Netherlands,XK,6
Ireland,NA,6
Gambia,GM,6
Greece,CO,6
Sri Lanka,GM,6
Mauritius,NG,6
Croatia,LB,6
Liberia,BD,6
EU,LS,6
Slovakia,BD,6
Mongolia,IL,6
China,BD,6
Costa Rica,SK,6
Trinidad and Tobago,LT,6
Syria,NL,6
Kenya,AF,6
Uganda,RO,6
Georgia,KG,6
Ukraine,IE,6
Colombia,BB,6
Uzbekistan,AU,6
Kosovo,HR,6
Democratic Republic Of The Congo,SE,6
Greece,GH,6
Colombia,CG,6
South Korea,BH,6
Barbados,KR,6
Afghanistan,HU,6
China,HR,6
Philippines,PS,6
Italy,TT,6
Barbados,JM,6
Cyprus,HR,6
Estonia,BN,6
Iraq,PL,6
Romania,BD,6
Brunei,AE,6
Slovakia,LB,6
India,RW,6
Sudan,SE,6
Egypt,SK,6
Russia,HR,6
Kazakhstan,CZ,6
Papua New Guinea,PT,6
Nigeria,AL,6
Ghana,DZ,6
Israel,LU,6
Tajikistan,JP,6
Timor Leste,ES,6
Cuba,KR,6
Netherlands,RW,6
Seychelles,AE,6
Afghanistan,EG,6
Bhutan,VN,6
Bangladesh,EG,6
Afghanistan,OM,6
South Korea,AF,6
Egypt,SS,6
Slovenia,BD,6
Brazil,IM,6
Greece,KE,6
Lebanon,PT,6
Austria,OM,6
Nicaragua,CR,6
Armenia,KR,6
Netherlands,SL,6
Philippines,BN,6
Papua New Guinea,CL,6
India,BT,6
Nigeria,BW,6
Argentina,AZ,6
Tonga,GB,6
Myanmar,KE,6
Uganda,PR,6
Colombia,KW,6
Iceland,MX,6
Paraguay,OM,6
Chile,NI,6
Singapore,CI,6
Albania,FI,6
Philippines,GU,6
Taiwan,TN,6
France,MD,6
Senegal,GR,6
Lebanon,VN,5
Colombia,MU,5
Jamaica,LK,5
Cameroon,CD,5
UK,AW,5
Sao Tome and Principe,IN,5
Armenia,PT,5
Nicaragua,ID,5
Denmark,MZ,5
Timor Leste,NL,5
Costa Rica,TZ,5
Germany,ER,5
Cambodia,RO,5
Croatia,TN,5
Bangladesh,GH,5
Dominican Republic,FI,5
Latvia,GL,5
Peru,GF,5
Tanzania,SK,5
Morocco,NZ,5
Liberia,TZ,5
Romania,VN,5
Turkey,NC,5
Suriname,BR,5
Croatia,AL,5
Fiji,NG,5
Papua New Guinea,PK,5
Zambia,GH,5
Mozambique,TR,5
Namibia,MA,5
El Salvador,LB,5
Turkey,MK,5
Moldova,AR,5
Cameroon,AT,5
Kenya,EE,5
Nigeria,SZ,5
Albania,SI,5
Bolivia,NZ,5
Ghana,TG,5
Sweden,BZ,5
Uganda,PY,5
United Arab Emirates,PK,5
Australia,DM,5
Albania,NZ,5
Costa Rica,RS,5
Oman,VN,5
Luxembourg,BN,5
Madagascar,IS,5
Slovakia,UA,5
Qatar,SI,5
Malaysia,LY,5
Pakistan,ZM,5
Suriname,CN,5
Argentina,CM,5
Cyprus,LK,5
Nepal,MA,5
United Arab Emirates,TR,5
Jamaica,BD,5
Guinea,CN,5
New Zealand,GL,5
Greece,VN,5
Iran,GH,5
Ukraine,EE,5
Germany,HT,5
Canada,LS,5
Cuba,EC,5
Finland,CD,5
Mauritius,PH,5
Switzerland,MD,5
Romania,CO,5
Oman,MX,5
Tajikistan,NL,5
Uruguay,LB,5
Iceland,ZW,5
Spain,BM,5
Azerbaijan,NO,5
Nigeria,BH,5
Barbados,TH,5
Japan,ML,5
Turkey,MM,5
Taiwan,KW,5
Bahrain,AU,5
Italy,BN,5
Serbia,DZ,5
Argentina,SS,5
Jamaica,MX,5
Cape Verde,RU,5
Italy,LA,5
Sudan,DE,5
Yemen,YE,5
Norway,LY,5
Spain,YE,5
United Arab Emirates,PL,5
Greece,GM,5
EU,TD,5
Bhutan,AR,5
Moldova,SA,5
Sweden,PG,5
Bahamas,TZ,5
Argentina,SV,5
Italy,XK,5
Sweden,PY,5
Ecuador,ET,5
Moldova,IQ,5
Kazakhstan,CN,5
Japan,BO,5
Ukraine,MX,5
Peru,SS,5
Finland,AX,5
Norway,KN,5
Uganda,LT,5
Ivory Coast,HK,5
Cuba,UY,5
Zambia,TW,5
USA,LC,5
Malawi,ZM,5
Norway,SL,5
Sao Tome and Principe,ZA,5
Jordan,GR,5
Canada,FM,5
Trinidad and Tobago,TH,5
Ivory Coast,KE,5
Switzerland,GA,5
Belarus,UA,5
Nepal,LB,5
Somalia,ES,5
Guatemala,HK,5
Oman,ID,5
Lithuania,SA,5
Andorra,TW,5
Timor Leste,CH,5
Denmark,MU,5
Taiwan,LT,5
Slovakia,NG,5
Uganda,TG,5
Finland,SY,5
Malaysia,NC,5
Latvia,KZ,5
Ecuador,KE,5
Dominican Republic,NG,5
Austria,RE,5
United Arab Emirates,BR,5
South Korea,BZ,5
Sri Lanka,ET,5
Australia,KG,5
Latvia,JO,5
Malawi,KE,5
Ivory Coast,CO,5
Cameroon,JP,5
Estonia,BH,5
Sudan,CA,5
France,LC,5
Thailand,IQ,5
Bolivia,NG,5
Finland,GU,5
Ethiopia,PE,5
Portugal,KZ,5
EU,SV,5
Peru,LS,5
Barbados,PT,5
Romania,CM,5
Uganda,SY,5
Denmark,BA,5
Uzbekistan,IL,5
Netherlands,MG,5
Australia,TO,5
Kazakhstan,IR,5
Nigeria,LU,5
France,IM,5
Malaysia,SY,5
Bolivia,KR,5
Belgium,MU,5
Myanmar,ZW,5
Ethiopia,CG,5
Afghanistan,KE,5
New Zealand,GT,5
Russia,MO,5
North Macedonia,MY,5
Peru,FJ,5
Slovakia,GH,5
Finland,BZ,5
Maldives,VN,5
Australia,AG,5
Marshall Islands,NZ,5
India,SY,5
Liberia,SG,5
Zimbabwe,ZW,5
Angola,ES,5
Malaysia,TT,5
Latvia,ZW,5
Kyrgyzstan,FI,5
Angola,AO,5
Zimbabwe,FI,5
Afghanistan,AE,5
Guatemala,CU,5
Uganda,BB,5
Guatemala,MY,5
Croatia,MK,5
Italy,LY,5
Democratic Republic Of The Congo,IT,5
Australia,XK,5
Vietnam,IL,5
Bangladesh,BE,5
China,UG,5
USA,MR,5
Tanzania,NA,5
Denmark,NC,5
Iceland,SA,5
Vanuatu,IN,5
Estonia,NP,5
France,PW,5
Philippines,MG,5
Saudi Arabia,TN,5
Colombia,CI,5
Chile,GT,5
Vietnam,ZA,5
Uruguay,CM,5
Saudi Arabia,BW,5
Taiwan,AM,5
Ecuador,HU,5
Taiwan,LU,5
Guatemala,SA,5
Moldova,JO,5
Paraguay,ST,5
South Korea,BB,5
Afghanistan,ZW,5
Qatar,TN,5
Costa Rica,BG,5
Togo,CN,5
Montenegro,SG,5
Thailand,KH,5
Vietnam,PL,5
Netherlands,TG,5
Myanmar,BT,5
Lithuania,RO,5
Kosovo,MY,5
Bahrain,ES,5
Belgium,AL,5
Japan,RW,5
Iceland,QA,5
Cuba,HK,5
Cuba,TR,5
Benin,ES,5
Canada,GN,5
Chile,SV,5
Panama,ID,5
El Salvador,AE,5
Azerbaijan,NG,5
Sweden,FO,5
Lesotho,GB,5
Oman,JO,5
Romania,LU,5
Jordan,KE,5
Kyrgyzstan,IN,5
Indonesia,GU,5
Cambodia,QA,5
Greece,ZW,5
Venezuela,CI,5
Romania,PH,5
Laos,PT,5
Hungary,TH,5
Uruguay,CY,5
United Arab Emirates,BH,5
Tanzania,RE,5
Egypt,PA,5
Kosovo,LV,5
Ireland,GP,5
Switzerland,SM,5
Indonesia,CR,5
Palestine,QA,5
Bolivia,CZ,5
Costa Rica,PA,5
Thailand,PG,5
Sweden,MC,5
UK,FM,5
Norway,AF,5
Japan,MC,5
El Salvador,JO,5
Belize,KE,5
Thailand,KW,5
UK,GY,5
Guatemala,GR,5
Malaysia,MT,5
Estonia,PR,5
Mongolia,GR,5
Japan,SS,5
Estonia,KZ,5
Bahrain,AT,5
Bahamas,TH,5
China,LA,5
Lithuania,UA,5
Trinidad and Tobago,TW,5
Croatia,TZ,5
Uruguay,OM,5
Serbia,MK,5
Tanzania,CR,5
Croatia,IS,5
Mauritius,CL,5
Moldova,PE,5
Trinidad and Tobago,PR,5
Bolivia,PL,5
Suriname,JP,5
Bhutan,JO,5
Luxembourg,SA,5
Iraq,RO,5
Cameroon,PT,5
China,SK,5
United Arab Emirates,GR,5
Cape Verde,AT,5
Fiji,GR,5
Spain,HT,5
Lebanon,NG,5
Uruguay,FK,5
Egypt,MG,5
Portugal,GE,5
Estonia,MT,5
El Salvador,MA,5
India,SD,5
Belgium,JM,5
Malta,CZ,5
Jordan,NO,5
Suriname,BE,5
Philippines,CD,5
Denmark,MC,5
UK,TV,5
South Korea,NA,5
Ecuador,RO,5
Cyprus,KW,5
South Africa,GT,5
Malta,FI,5
Armenia,NZ,5
Ghana,SN,5
Nicaragua,EG,5
Honduras,DE,5
Ghana,LS,5
Brunei,VN,5
Norway,ME,5
Ireland,BY,5
Bosnia and Herzegovina,GR,5
Switzerland,WS,5
Ghana,LB,5
Myanmar,GH,5
Nigeria,MA,5
Thailand,BI,5
Nicaragua,UY,5
Denmark,LI,5
Costa Rica,HR,5
Taiwan,LB,5
Montenegro,RU,5
Denmark,AF,5
Mexico,MZ,5
Greece,LB,5
Spain,JE,5
Kenya,BH,5
Saudi Arabia,AR,5
Mexico,AE,5
Cuba,RU,5
Chile,BF,5
Guinea,UG,5
Philippines,TT,5
Sweden,LS,5
Netherlands,BB,5
Spain,PG,5
Australia,MD,5
Sierra Leone,GH,5
North Macedonia,UA,5
Tajikistan,ZA,5
Nigeria,SI,5
Bulgaria,PA,5
Seychelles,ES,5
Ghana,SD,5
Ghana,CO,5
Togo,AU,5
Saudi Arabia,NP,5
Thailand,BT,5
United Arab Emirates,KR,5
Paraguay,GH,5
Croatia,ET,5
Mozambique,PK,5
Bahamas,NZ,5
Peru,MU,5
Paraguay,RE,5
Morocco,ML,5
Cameroon,TH,5
Norway,SZ,5
Seychelles,NG,5
Netherlands,NE,5
India,FJ,5
Switzerland,LY,5
Austria,SD,5
Latvia,CR,5
Paraguay,EE,5
Turkey,UY,5
Singapore,KZ,5
Lithuania,ID,5
Bahamas,RS,5
Israel,VN,5
Lebanon,MA,5
Guinea,KE,5
Vietnam,NO,5
Slovenia,ME,5
Afghanistan,SI,5
Rwanda,MG,5
Mongolia,BE,5
Saint Kitts and Nevis,TR,5
Myanmar,PL,5
Finland,TL,5
Kenya,MT,5
Greece,MT,5
Cyprus,MA,5
Suriname,SE,5
Vietnam,RU,5
Russia,KE,5
Chile,LI,5
Togo,ET,5
Bosnia and Herzegovina,CY,5
Azerbaijan,SG,5
South Korea,LI,5
Ireland,PF,5
Dominican Republic,TW,5
Netherlands,MC,5
Thailand,HU,5
Nigeria,DZ,5
Estonia,MK,5
Fiji,IL,5
Colombia,SS,5
Finland,NE,5
Eswatini,PK,5
Saudi Arabia,KZ,5
Czech Republic,GH,5
Georgia,MY,5
Timor Leste,BE,5
Vietnam,ES,5
Croatia,QA,5
Austria,BO,5
Ghana,LT,5
Zimbabwe,ET,5
Peru,PG,5
Bhutan,GR,5
Moldova,CI,5
Thailand,TN,5
Czech Republic,RS,5
Ireland,BI,5
Saudi Arabia,SK,5
Jordan,FI,5
Venezuela,MW,5
Oman,IE,5
Japan,KP,5
Suriname,AU,5
Egypt,SY,5
Colombia,PG,5
Slovenia,AL,5
Syria,CA,5
Montenegro,CZ,5
Austria,PG,5
Hungary,AM,5
Ireland,MZ,5
Bolivia,TH,5
Jamaica,PF,5
Panama,EG,5
Lesotho,LS,5
Sri Lanka,BN,5
Nepal,JM,5
Switzerland,LR,5
Colombia,AL,5
Czech Republic,SA,5
Belize,IN,5
Panama,SA,5
Saudi Arabia,HU,5
Ukraine,TH,5
Kosovo,IR,5
Brunei,LK,5
Australia,ST,5
Guatemala,EC,5
Romania,GE,5
Azerbaijan,KR,5
Estonia,VE,5
Mauritius,LK,5
Italy,SJ,5
France,TV,5
Iceland,MO,5
Jamaica,RU,5
Venezuela,CM,5
Egypt,AZ,5
New Zealand,SN,5
Nepal,PS,5
New Zealand,VI,5
Guyana,CM,5
Portugal,MQ,5
Nepal,SK,5
Turkey,TT,5
North Macedonia,LT,5
Bhutan,PT,5
Peru,DO,5
Bolivia,IR,5
Germany,MR,5
UK,TD,5
Russia,SK,5
Dominican Republic,HU,5
Indonesia,PR,5
Croatia,MT,5
Norway,BI,5
Sri Lanka,SK,5
Jordan,SG,5
Tanzania,ML,5
Ghana,VN,5
Austria,IQ,5
Japan,GI,5
New Zealand,AL,5
Sao Tome and Principe,AU,5
Kenya,RS,5
Azerbaijan,SE,5
Indonesia,YE,5
Laos,IT,5
Ireland,LI,5
Dominican Republic,NZ,5
Denmark,GU,5
Solomon Islands,NZ,5
Andorra,FI,5
Ghana,LU,5
Angola,CA,5
Rwanda,KZ,5
Jordan,AT,5
Belarus,ZA,5
Laos,TW,5
Sri Lanka,PH,5
Pakistan,LB,5
IGO,TV,5
Cape Verde,NZ,5
Malawi,SE,5
Morocco,KR,5
Turkey,AG,5
El Salvador,RS,5
Ghana,SC,5
Kosovo,AE,5
Finland,CG,5
Kosovo,SA,5
Finland,AS,5
Tonga,NC,5
Palestine,CN,5
Belgium,MG,5
Indonesia,AL,5
San Marino,JP,5
Mozambique,SZ,5
Slovakia,CY,5
India,MK,5
Malaysia,MZ,5
France,FK,5
Moldova,RS,5
Belgium,FO,5
United Arab Emirates,CM,5
Vietnam,NG,5
Kenya,TT,5
Tajikistan,CH,5
Bulgaria,BA,5
India,AZ,5
Mongolia,CL,5
Singapore,BA,5
Israel,AE,5
Australia,GN,5
Cameroon,NO,5
Ghana,HR,5
Denmark,LY,5
China,JM,5
Ukraine,ZA,5
Papua New Guinea,GR,5
Namibia,PK,5
Turkey,NE,5
Austria,CI,5
Venezuela,TZ,5
UK,VG,5
Barbados,GH,5
Honduras,FR,5
Luxembourg,QA,5
Dominican Republic,UY,5
Singapore,IS,5
Austria,FM,5
Norway,LI,5
Mexico,TT,5
Iraq,CY,5
Liberia,NZ,5
Benin,JP,5
Australia,LY,5
Bangladesh,ID,5
Turkey,SN,5
Guinea,CD,5
Brazil,JE,5
Nigeria,SL,5
Japan,BF,5
Mozambique,GR,5
Burkina Faso,CN,5
Denmark,ML,5
Sri Lanka,BG,5
China,LK,5
Paraguay,PF,5
Uruguay,PG,5
Belgium,BI,5
Japan,MG,5
Luxembourg,GH,5
Kosovo,VE,5
Cuba,BE,5
Bolivia,PK,5
Maldives,IE,5
Somalia,BE,4
Samoa,IT,4
Slovenia,IQ,4
Costa Rica,HU,4
Hungary,ID,4
Brunei,KW,4
Kuwait,PS,4
Guatemala,SK,4
New Zealand,BF,4
Singapore,AZ,4
Albania,DK,4
Ethiopia,CI,4
Panama,SG,4
Colombia,OM,4
Hungary,EE,4
United Arab Emirates,OM,4
Portugal,CD,4
Ecuador,BI,4
Oman,LB,4
Belgium,LS,4
Philippines,AM,4
Bhutan,CL,4
Malta,HK,4
Ivory Coast,IE,4
Mongolia,IE,4
Japan,VE,4
Australia,TJ,4
Suriname,DE,4
Zimbabwe,AR,4
Belarus,ET,4
EU,TG,4
Tajikistan,BR,4
India,LV,4
Norway,YE,4
Jordan,RU,4
India,GA,4
Iran,HR,4
South Korea,YE,4
Latvia,BO,4
Argentina,UA,4
Belize,CO,4
Singapore,ZM,4
Bhutan,HR,4
Kazakhstan,IL,4
Myanmar,MW,4
Monaco,AU,4
Switzerland,SL,4
Moldova,UY,4
Brunei,CL,4
Uruguay,ME,4
Germany,VG,4
Vanuatu,NC,4
Albania,GH,4
Cambodia,CZ,4
Bahrain,TW,4
Eswatini,JP,4
Bahrain,VE,4
Singapore,PS,4
Bulgaria,CY,4
Jamaica,NI,4
Luxembourg,SK,4
Samoa,CN,4
Estonia,GE,4
Iceland,KE,4
Kenya,KZ,4
El Salvador,QA,4
Bolivia,GH,4
Sri Lanka,IS,4
Albania,AR,4
Guinea,NL,4
Rwanda,BH,4
Singapore,MK,4
Jordan,MX,4
Seychelles,KE,4
Laos,CZ,4
Cyprus,LB,4
Moldova,MY,4
Denmark,CD,4
Burundi,BE,4
South Korea,SL,4
Jamaica,PT,4
Chile,MW,4
Ireland,BJ,4
Qatar,HR,4
Montenegro,AR,4
Sri Lanka,HU,4
Liberia,MW,4
Greece,EE,4
Uganda,NI,4
Croatia,PE,4
Netherlands,SV,4
Ethiopia,LY,4
Kenya,AZ,4
Cameroon,PK,4
San Marino,ES,4
Portugal,DO,4
Paraguay,ZM,4
Myanmar,CI,4
Montenegro,NZ,4
Sweden,AS,4
Namibia,UY,4
Latvia,JM,4
Sweden,LY,4
Sweden,NC,4
Malaysia,BH,4
Taiwan,EE,4
Laos,BE,4
Mexico,UA,4
Italy,KG,4
Norway,GM,4
Albania,IR,4
Iran,VN,4
South Korea,NI,4
Angola,FR,4
Kuwait,LB,4
Myanmar,SI,4
Suriname,IN,4
Israel,IQ,4
Sudan,BE,4
China,IQ,4
Kenya,KH,4
Spain,SZ,4
Burundi,DE,4
Canada,TM,4
Democratic Republic Of The Congo,RU,4
Tajikistan,AT,4
Kenya,FJ,4
Senegal,PE,4
Cyprus,CO,4
Rwanda,LT,4
Haiti,CN,4
Paraguay,AZ,4
New Zealand,BZ,4
Malawi,TZ,4
Latvia,SN,4
Costa Rica,QA,4
Belgium,PS,4
Sudan,UG,4
Hungary,MA,4
Italy,GE,4
Montenegro,IR,4
Mozambique,MU,4
Finland,XK,4
Malawi,DK,4
Israel,HR,4
Denmark,CG,4
Dominican Republic,RO,4
Mali,DK,4
Albania,PT,4
Indonesia,RW,4
Liberia,GR,4
Haiti,KR,4
Cambodia,UG,4
Armenia,JP,4
Jordan,PS,4
Mozambique,PE,4
Argentina,ST,4
Slovakia,LU,4
Romania,TZ,4
Romania,KZ,4
Slovenia,NP,4
India,BH,4
Thailand,CM,4
Peru,MZ,4
Uganda,UY,4
Mozambique,KR,4
Nepal,CI,4
Afghanistan,RU,4
Mongolia,HK,4
Azerbaijan,IS,4
Belgium,BH,4
Ukraine,LT,4
Ukraine,ID,4
Iraq,CO,4
Barbados,IE,4
Denmark,TT,4
Ghana,GM,4
Paraguay,IQ,4
Guyana,BB,4
Germany,BT,4
Spain,NA,4
Mauritius,SK,4
Spain,GY,4
Iran,CR,4
Syria,CN,4
Netherlands,CF,4
Tanzania,HR,4
Slovenia,MO,4
Cyprus,KE,4
Philippines,IQ,4
Malawi,FI,4
Barbados,MX,4
Finland,NC,4
Syria,GR,4
Luxembourg,EG,4
Kiribati,MX,4
Argentina,IS,4
Costa Rica,RO,4
Brazil,SZ,4
UK,TL,4
Serbia,CU,4
Eswatini,CZ,4
Albania,NG,4
Czech Republic,IS,4
Mexico,GU,4
Denmark,PY,4
Mongolia,NO,4
Tanzania,LV,4
North Macedonia,LK,4
Luxembourg,BJ,4
Brunei,LI,4
Ethiopia,CY,4
Tanzania,IQ,4
Ghana,RO,4
Bulgaria,BJ,4
Peru,AZ,4
Italy,TG,4
Nepal,TN,4
Liberia,BB,4
Egypt,GE,4
Ivory Coast,CL,4
Zimbabwe,BW,4
Uzbekistan,ZA,4
Nepal,DZ,4
Ireland,CD,4
Singapore,LA,4
India,AO,4
Bangladesh,ZA,4
Lithuania,AE,4
Bahamas,IL,4
Canada,ER,4
Benin,CM,4
Nigeria,NE,4
Vatican City,,4
Spain,MS,4
Singapore,BB,4
Romania,TN,4
Togo,IN,4
Egypt,BN,4
Bahamas,ZA,4
Finland,LY,4
Benin,TN,4
Luxembourg,ID,4
Ghana,BG,4
Cambodia,CO,4
Greece,PH,4
Italy,PY,4
Jamaica,BB,4
Belgium,CG,4
Belgium,AG,4
Pakistan,UG,4
Netherlands,SO,4
Qatar,DZ,4
Thailand,BF,4
Cambodia,SI,4
Bolivia,SG,4
Mozambique,EG,4
Israel,KE,4
Benin,UG,4
Ukraine,BG,4
Panama,HU,4
Portugal,AZ,4
Afghanistan,JO,4
Senegal,TG,4
Chile,CG,4
EU,ST,4
Romania,MS,4
Nigeria,MU,4
Greece,PE,4
Iraq,AE,4
Palestine,AU,4
Zambia,BE,4
Sri Lanka,JO,4
South Korea,BI,4
Malaysia,AM,4
Philippines,MM,4
Mali,DE,4
Zambia,TR,4
Azerbaijan,ZA,4
Czech Republic,LB,4
Philippines,SO,4
Cape Verde,KE,4
Mauritius,CR,4
Croatia,BH,4
Cambodia,TZ,4
Luxembourg,VN,4
Poland,AL,4
Peru,BY,4
Estonia,MN,4
Somalia,BD,4
Iceland,CL,4
Russia,CD,4
Ireland,SM,4
Slovakia,QA,4
Ghana,NE,4
Cape Verde,FI,4
Armenia,PL,4
Panama,UY,4
Malaysia,BW,4
Philippines,RE,4
Denmark,KH,4
Slovenia,JO,4
Fiji,LT,4
Netherlands,NC,4
United Arab Emirates,ID,4
Bhutan,KP,4
Cambodia,GH,4
Thailand,EE,4
Nepal,PE,4
Jamaica,BW,4
Papua New Guinea,LV,4
Netherlands,KN,4
Colombia,BJ,4
Central African Republic,ES,4
Tanzania,SL,4
Jordan,UG,4
Croatia,MA,4
Bulgaria,SA,4
Russia,JO,4
Vanuatu,IT,4
Denmark,CI,4
Namibia,AE,4
Liberia,ZW,4
Indonesia,BJ,4
Ghana,PL,4
Bosnia and Herzegovina,KR,4
Fiji,BD,4
Burkina Faso,CA,4
Lithuania,SG,4
South Africa,SL,4
Philippines,BH,4
Cyprus,PH,4
Guatemala,RE,4
Netherlands,JE,4
Venezuela,KZ,4
Somalia,RU,4
Latvia,OM,4
Turkey,KG,4
Botswana,GR,4
Iran,PK,4
Mongolia,NZ,4
Panama,EC,4
South Korea,KP,4
Albania,HK,4
Rwanda,ER,4
Malta,SI,4
Czech Republic,EG,4
Tanzania,BA,4
Serbia,UY,4
Malaysia,ZW,4
Iran,TN,4
Venezuela,MA,4
Portugal,BJ,4
Peru,GU,4
Bosnia and Herzegovina,SG,4
Ethiopia,MZ,4
Paraguay,BI,4
Sierra Leone,IE,4
Greece,AE,4
Bulgaria,IQ,4
Zimbabwe,AT,4
Ecuador,KW,4
El Salvador,CM,4
Uruguay,UA,4
Monaco,IT,4
Belarus,CA,4
Qatar,SK,4
Somalia,LB,4
Greece,DO,4
Bahrain,KR,4
Guyana,PR,4
Guatemala,NI,4
Mozambique,LK,4
Taiwan,JO,4
India,CM,4
Mozambique,ZM,4
Saudi Arabia,UA,4
India,MZ,4
Canada,AD,4
Portugal,BO,4
Guatemala,EE,4
Tanzania,BI,4
Benin,MX,4
Tunisia,BE,4
Philippines,NE,4
Ecuador,TH,4
Brazil,FK,4
Barbados,PK,4
India,ME,4
Malaysia,ZM,4
Lebanon,AR,4
Kosovo,BW,4
Kuwait,VN,4
Peru,GE,4
Zimbabwe,BD,4
Uganda,LV,4
Sao Tome and Principe,CN,4
Singapore,FJ,4
South Sudan,SD,4
Saudi Arabia,PS,4
Australia,SZ,4
Myanmar,CR,4
Vietnam,ID,4
Honduras,CH,4
Morocco,MX,4
Benin,AR,4
Togo,DK,4
Fiji,IE,4
Portugal,BB,4
Kuwait,RS,4
Suriname,ZA,4
Dominican Republic,PA,4
Australia,LS,4
Kuwait,GH,4
Syria,IT,4
India,CI,4
Slovakia,KE,4
Ukraine,KZ,4
Uganda,FJ,4
Austria,SN,4
New Zealand,UZ,4
Singapore,MM,4
Kuwait,AR,4
Brazil,SM,4
Netherlands,AG,4
Japan,YE,4
Haiti,DO,4
Portugal,OM,4
Netherlands,KG,4
Austria,MG,4
Burundi,NG,4
Ethiopia,NA,4
Argentina,MO,4
Greece,LK,4
Uruguay,KW,4
Myanmar,GR,4
Guinea-Bissau,,4
Zambia,MW,4
Albania,RU,4
Ethiopia,MA,4
Senegal,CZ,4
Tajikistan,BE,4
Mozambique,PA,4
Colombia,MO,4
Norway,BM,4
Greece,IS,4
Japan,SN,4
Uganda,LS,4
Nigeria,IQ,4
Ghana,NA,4
Burundi,ES,4
Burkina Faso,CH,4
Suriname,CH,4
Barbados,ZA,4
Ethiopia,LB,4
Malawi,PT,4
Dominican Republic,KE,4
Bolivia,HU,4
Madagascar,MX,4
Switzerland,PW,4
Switzerland,RE,4
Indonesia,KG,4
Sri Lanka,EE,4
Myanmar,PG,4
Jordan,TW,4
Lebanon,EE,4
Mexico,SC,4
Azerbaijan,IR,4
Sweden,CF,4
Rwanda,IS,4
El Salvador,PR,4
Latvia,MW,4
Togo,TZ,4
Andorra,GR,4
Brazil,BT,4
UK,MS,4
Timor Leste,AT,4
Thailand,OM,4
Eswatini,BD,4
Sweden,GI,4
Belgium,BF,4
Ivory Coast,AT,4
Israel,GH,4
Honduras,IT,4
Rwanda,GA,4
Luxembourg,TN,4
Denmark,DO,4
Croatia,DZ,4
New Zealand,GI,4
Albania,JP,4
Kenya,EC,4
Cameroon,SG,4
Switzerland,BZ,4
Venezuela,SV,4
Czech Republic,LU,4
Georgia,RS,4
Austria,BF,4
Namibia,TW,4
Thailand,CD,4
Afghanistan,QA,4
Kenya,MG,4
Turkey,NI,4
Oman,MW,4
Belarus,BE,4
Finland,AF,4
Somalia,AT,4
Italy,MD,4
China,MC,4
Ghana,NP,4
Dominican Republic,PL,4
Bulgaria,PH,4
Sweden,KN,4
Barbados,PH,4
EU,ER,4
Myanmar,NO,4
Belgium,BW,4
Democratic Republic Of The Congo,KR,4
Uruguay,GF,4
Lebanon,TN,4
Estonia,MW,4
Chile,DZ,4
Iraq,SG,4
Kuwait,BG,4
Sweden,SV,4
Costa Rica,AE,4
Bulgaria,CU,4
Malawi,TH,4
Tanzania,UY,4
Ireland,MC,4
Ivory Coast,NZ,4
Philippines,SS,4
Hungary,CU,4
Afghanistan,MA,4
Ivory Coast,DK,4
Namibia,HK,4
Barbados,BS,4
Russia,LU,4
Tajikistan,KR,4
Moldova,LV,4
Uganda,UA,4
Thailand,RS,4
New Zealand,GD,4
Bahamas,NO,4
Iraq,LB,4
Iceland,PK,4
Sierra Leone,AT,4
Andorra,ZA,4
Barbados,NO,4
Nepal,PR,4
Suriname,GF,4
Mongolia,PL,4
Rwanda,ML,4
China,MA,4
Slovenia,BA,4
Uzbekistan,ES,4
Taiwan,GH,4
Belgium,BO,4
Dominican Republic,PE,4
Romania,MT,4
Mongolia,DK,4
India,GE,4
Bhutan,CY,4
Panama,CU,4
Thailand,JM,4
Cambodia,PS,4
Senegal,TW,4
Eswatini,KE,4
New Zealand,AG,4
Norway,BB,4
Qatar,MO,4
Guyana,GR,4
Brazil,GL,4
Tanzania,EC,4
Malawi,IN,4
Trinidad and Tobago,FJ,4
Spain,TD,4
Italy,BI,4
Kyrgyzstan,PK,4
Switzerland,BS,4
Egypt,MW,4
Austria,ML,4
Fiji,PL,4
Denmark,TJ,4
Somalia,NO,4
Ghana,MU,4
El Salvador,MK,4
Paraguay,SN,4
Czech Republic,ET,4
Portugal,CI,4
Iraq,AT,4
Eswatini,HK,4
Estonia,IQ,4
Georgia,SK,4
Slovenia,LU,4
Egypt,RW,4
Latvia,MV,4
Finland,GF,4
Palau,CA,4
Pakistan,SK,4
Kosovo,EG,4
Nigeria,BG,4
Turkey,FJ,4
Philippines,ML,4
Kenya,LT,4
Kenya,BO,4
Mexico,JO,4
Saint Kitts and Nevis,KR,4
Indonesia,MU,4
Lebanon,BD,4
Italy,MZ,4
Pakistan,SI,4
Italy,CD,4
Uzbekistan,NL,4
UK,SR,4
Germany,CF,4
Belize,PA,4
Sri Lanka,BF,4
Estonia,CI,4
Nicaragua,JO,4
Venezuela,LV,4
Indonesia,FM,4
Qatar,ZW,4
Denmark,CU,4
Iraq,CZ,4
India,KH,4
China,VE,4
Cuba,PE,4
Malaysia,GT,4
Bosnia and Herzegovina,IR,4
Denmark,EC,4
Mauritania,AT,4
Poland,GD,4
Indonesia,GE,4
Albania,BE,4
Ghana,RW,4
Austria,GW,4
Singapore,OM,4
South Africa,BY,4
Indonesia,BB,4
Spain,ST,4
Benin,IN,4
Haiti,JM,4
Trinidad and Tobago,FI,4
Seychelles,GR,4
Ecuador,BD,4
Tanzania,LB,4
South Korea,BJ,4
Uganda,MR,4
Moldova,LK,4
Philippines,IM,4
Argentina,BB,4
Saudi Arabia,PH,4
Cape Verde,IN,4
Bhutan,HU,4
Bahrain,FR,4
Cameroon,IL,4
Kuwait,SK,4
Germany,GI,4
Belgium,LA,4
Taiwan,UA,4
Colombia,VI,4
Namibia,GH,4
Jamaica,RO,4
Estonia,JM,4
Paraguay,MM,4
Ethiopia,EE,4
Moldova,VE,4
Greece,JO,4
Panama,SD,4
Austria,AF,4
Botswana,CL,4
Australia,LR,4
Bosnia and Herzegovina,SK,4
Brazil,AF,4
Papua New Guinea,RU,4
Cuba,IL,4
Sierra Leone,SG,4
Turkey,GT,4
Kosovo,MK,4
Uganda,NA,4
Uruguay,KZ,4
Bosnia and Herzegovina,SA,4
Philippines,SZ,4
New Zealand,BJ,4
Canada,GY,4
Eswatini,HR,4
Tanzania,MG,4
Egypt,MO,4
Peru,SV,4
Thailand,MT,4
Latvia,SY,4
Egypt,RS,4
Canada,KG,4
Uganda,DZ,4
Costa Rica,MA,4
Peru,TT,4
Tunisia,JP,4
Kenya,SY,4
Latvia,GN,4
Saudi Arabia,BF,4
Mongolia,AT,4
Lithuania,CZ,4
Thailand,BG,4
Norway,NC,4
Senegal,BJ,4
Argentina,DZ,4
Georgia,UY,4
Australia,ER,4
Bahrain,IN,4
Sri Lanka,YE,4
Kyrgyzstan,PT,4
Czech Republic,TN,4
Myanmar,AE,4
Croatia,BG,4
Barbados,AR,4
Timor Leste,NZ,4
Liberia,CG,4
Papua New Guinea,TH,4
Montenegro,HK,4
Niger,US,4
Morocco,LB,4
Albania,LT,4
Malaysia,KH,4
Iceland,MY,4
Burkina Faso,ES,4
Georgia,AM,4
Albania,MX,4
Iraq,BG,4
Somalia,MY,4
Norway,RE,4
Argentina,KH,4
Spain,GF,4
Tanzania,GM,4
Estonia,SL,4
Rwanda,SK,4
Japan,SY,4
Seychelles,NO,4
USA,GQ,4
Indonesia,MK,4
El Salvador,BG,4
Ghana,PH,4
Serbia,KZ,4
Estonia,ZW,4
Vanuatu,ZA,4
Guyana,VE,4
Kuwait,PH,4
Liberia,PK,4
Mauritius,HU,4
Benin,IE,4
Guinea,EG,4
Nepal,HR,4
New Zealand,MK,4
Czech Republic,CM,4
Bosnia and Herzegovina,RO,4
Denmark,YE,4
Netherlands,GI,4
Iran,KE,4
Zambia,NO,4
Lesotho,ES,4
Nicaragua,SK,4
Iran,DZ,4
Brazil,GA,4
Malaysia,PS,4
Kenya,PS,3
Laos,BT,3
Belarus,CH,3
Norway,GI,3
Iran,IS,3
Kosovo,ET,3
Ghana,SI,3
Iraq,MX,3
Bahrain,GR,3
El Salvador,SI,3
Spain,AS,3
Senegal,TR,3
Oman,IQ,3
Haiti,KE,3
Morocco,AR,3
Solomon Islands,MY,3
Mauritania,PT,3
Malawi,GH,3
Maldives,AE,3
Brunei,AR,3
Russia,LV,3
Taiwan,FJ,3
Bahrain,ID,3
Nepal,MW,3
Maldives,TR,3
Bolivia,TZ,3
Iraq,KW,3
Ukraine,CL,3
Russia,IS,3
Malaysia,AZ,3
Bhutan,SD,3
Nicaragua,LT,3
Norway,MD,3
Latvia,UY,3
South Korea,TD,3
Uzbekistan,FR,3
Nigeria,KH,3
South Korea,CV,3
Slovakia,ET,3
Hungary,EG,3
Chile,JM,3
France,ST,3
Qatar,NP,3
Liechtenstein,FR,3
Netherlands,TO,3
Slovakia,MZ,3
Bhutan,CO,3
Iraq,ID,3
Belgium,NA,3
Singapore,VE,3
Panama,PE,3
New Zealand,BM,3
Afghanistan,ID,3
Colombia,BI,3
Laos,OM,3
Jamaica,HU,3
Switzerland,JE,3
Eswatini,GH,3
Iraq,RS,3
Maldives,SC,3
Pakistan,GH,3
Venezuela,UG,3
UK,AD,3
Mongolia,CZ,3
Democratic Republic Of The Congo,JP,3
Namibia,MW,3
Ireland,BZ,3
Bulgaria,PE,3
Morocco,CO,3
Lithuania,LV,3
South Korea,PY,3
Armenia,DK,3
Micronesia,IT,3
South Korea,WS,3
Switzerland,LS,3
China,IS,3
Seychelles,BR,3
Tunisia,AT,3
Latvia,SZ,3
Cape Verde,JP,3
Ethiopia,BH,3
Ethiopia,PS,3
Japan,GU,3
Bahamas,TW,3
Moldova,CO,3
Peru,GW,3
Venezuela,RO,3
Cyprus,SA,3
Rwanda,SL,3
Turkey,ME,3
Italy,GF,3
Iraq,HU,3
Honduras,IN,3
Guyana,SG,3
Maldives,GF,3
Panama,PK,3
Egypt,TG,3
Cape Verde,CI,3
Afghanistan,HR,3
Taiwan,NP,3
Malta,IN,3
Nepal,LV,3
Cambodia,JO,3
Senegal,MR,3
Brunei,HU,3
Albania,BD,3
UK,MR,3
Czech Republic,UG,3
Georgia,CO,3
Uganda,BA,3
Benin,BF,3
Slovenia,GH,3
Latvia,ME,3
Taiwan,ML,3
Japan,RE,3
New Zealand,PS,3
Rwanda,TG,3
Somalia,TH,3
Spain,TJ,3
South Africa,DO,3
Ghana,SL,3
Netherlands,HN,3
Guinea,TH,3
United Arab Emirates,DZ,3
Kyrgyzstan,KZ,3
Taiwan,UY,3
Gambia,CA,3
Lebanon,SI,3
Georgia,ZM,3
Colombia,GD,3
Sri Lanka,UZ,3
Palestine,DE,3
Mauritania,CA,3
Burundi,ZA,3
Slovenia,EC,3
Hungary,CL,3
Romania,IS,3
Sudan,KE,3
Indonesia,SC,3
Lesotho,SE,3
Croatia,XK,3
Paraguay,KH,3
Norway,BZ,3
Uganda,LY,3
Guatemala,CM,3
Canada,CF,3
Estonia,XK,3
Qatar,ME,3
Afghanistan,FJ,3
Ghana,EG,3
Belize,GR,3
New Zealand,ML,3
Nigeria,PY,3
Mexico,NE,3
Trinidad and Tobago,UA,3
Pakistan,HR,3
Oman,RS,3
Mongolia,ZA,3
Argentina,DO,3
Timor Leste,HK,3
Kuwait,HR,3
Nepal,BF,3
Myanmar,CL,3
Tunisia,IN,3
Bolivia,BD,3
Estonia,SY,3
Cyprus,NA,3
Thailand,BW,3
South Sudan,FR,3
Saudi Arabia,IS,3
Colombia,PF,3
Laos,CH,3
Serbia,MZ,3
Serbia,UG,3
Guyana,PE,3
Guinea,SE,3
Japan,KN,3
Ecuador,AL,3
Malaysia,MW,3
Turkmenistan,,3
Nepal,KH,3
Ghana,BJ,3
Saudi Arabia,SN,3
Nicaragua,HR,3
Egypt,BO,3
Ethiopia,RS,3
Zambia,DK,3
Sri Lanka,MA,3
Mauritania,MA,3
Papua New Guinea,PH,3
Liberia,MX,3
Maldives,BT,3
Italy,BS,3
Belgium,LY,3
Myanmar,HU,3
Brunei,LV,3
Democratic Republic Of The Congo,DK,3
Cuba,PT,3
Zimbabwe,MY,3
Tunisia,VA,3
Germany,AX,3
Ivory Coast,CM,3
Estonia,GT,3
Austria,MN,3
Sierra Leone,RU,3
Bhutan,RS,3
Austria,BJ,3
Bolivia,UY,3
Trinidad and Tobago,MO,3
Latvia,GA,3
Spain,LS,3
Lebanon,HR,3
Kuwait,HU,3
Kuwait,IS,3
Qatar,YE,3
Nicaragua,VE,3
New Zealand,BA,3
Vietnam,DK,3
Cameroon,BR,3
Estonia,OM,3
Tajikistan,ES,3
Denmark,BI,3
Kosovo,CY,3
Burundi,CH,3
China,TZ,3
Uzbekistan,NO,3
Lithuania,IS,3
Georgia,LB,3
South Korea,GL,3
Egypt,NP,3
Italy,SM,3
Sri Lanka,PR,3
Mexico,LU,3
Greece,UA,3
Tanzania,PR,3
South Africa,BM,3
Serbia,TZ,3
Sudan,DK,3
Chile,AM,3
Afghanistan,ET,3
Colombia,AZ,3
New Zealand,NE,3
Uganda,MU,3
Algeria,ES,3
Croatia,KW,3
Mongolia,IS,3
Switzerland,HN,3
Australia,SB,3
Thailand,PR,3
Vanuatu,SE,3
Spain,SX,3
Nepal,BW,3
Kenya,LI,3
Seychelles,JP,3
Finland,PY,3
Brazil,ME,3
Austria,CD,3
Philippines,LS,3
Costa Rica,UA,3
Uruguay,GW,3
Sweden,GF,3
Costa Rica,PH,3
China,TN,3
Belize,SG,3
UK,PW,3
Venezuela,NI,3
Croatia,BO,3
Serbia,VE,3
Cambodia,LB,3
Cuba,NG,3
Norway,NE,3
Portugal,BF,3
Zimbabwe,KE,3
India,UA,3
Indonesia,BF,3
Benin,PK,3
Uganda,TT,3
Kosovo,KW,3
Micronesia,CA,3
Malaysia,BN,3
Czech Republic,KZ,3
Georgia,AE,3
Australia,HT,3
Palestine,LB,3
Jamaica,PH,3
Nepal,AL,3
Senegal,PT,3
Cameroon,LV,3
Cuba,RO,3
Paraguay,RW,3
Georgia,UG,3
Uganda,GE,3
Togo,ES,3
Luxembourg,RS,3
Morocco,ET,3
Bahamas,CZ,3
United Arab Emirates,CL,3
Indonesia,MM,3
Norway,BS,3
Tanzania,ME,3
Moldova,ET,3
Denmark,IM,3
Lebanon,CZ,3
Hungary,MT,3
Slovenia,PE,3
Mozambique,GH,3
Brunei,KE,3
Fiji,LB,3
Denmark,BZ,3
Tanzania,KZ,3
Iran,OM,3
Bahamas,ET,3
Kiribati,EC,3
Slovenia,UA,3
South Korea,SM,3
Sierra Leone,ET,3
Ecuador,CU,3
Tanzania,IS,3
Bolivia,IE,3
Guyana,SR,3
Zimbabwe,BR,3
Brazil,CF,3
Russia,OM,3
United Arab Emirates,CO,3
Spain,LR,3
Guyana,EC,3
Taiwan,PE,3
Brazil,TJ,3
Iceland,HR,3
Indonesia,NA,3
Myanmar,TN,3
Lesotho,FR,3
Bahrain,DE,3
Estonia,EC,3
Portugal,FJ,3
Vietnam,BR,3
Belize,CN,3
Colombia,UZ,3
Bhutan,AM,3
Saudi Arabia,GP,3
Croatia,VN,3
Estonia,PS,3
Lithuania,MZ,3
Italy,RE,3
Norway,AX,3
Madagascar,PA,3
Tajikistan,AR,3
Colombia,SD,3
Papua New Guinea,IR,3
Trinidad and Tobago,BZ,3
Slovenia,AM,3
Singapore,AM,3
Papua New Guinea,NP,3
Maldives,PT,3
Andorra,BE,3
Japan,AG,3
Nicaragua,KE,3
Seychelles,DK,3
Cyprus,BW,3
Paraguay,DO,3
Germany,IM,3
Ireland,AG,3
Philippines,AZ,3
United Arab Emirates,VE,3
Indonesia,SZ,3
Peru,IQ,3
Colombia,BY,3
Cameroon,HR,3
Malawi,HK,3
Belize,BB,3
Togo,NL,3
Iran,MO,3
Iraq,DZ,3
Qatar,UG,3
Albania,PH,3
Bulgaria,GH,3
Zimbabwe,MZ,3
Qatar,RW,3
North Macedonia,MG,3
Papua New Guinea,MX,3
Sri Lanka,RW,3
Venezuela,KW,3
Vanuatu,CN,3
Afghanistan,CZ,3
Ethiopia,MU,3
Cape Verde,ET,3
Australia,MR,3
China,JO,3
Chile,OM,3
Senegal,MW,3
Papua New Guinea,MW,3
Fiji,MY,3
Eswatini,FI,3
Belize,NG,3
Austria,SY,3
Cyprus,TN,3
Bolivia,GT,3
Nicaragua,PF,3
Belize,KR,3
Madagascar,CM,3
Kyrgyzstan,TR,3
Serbia,JM,3
India,CG,3
Fiji,TW,3
Philippines,NA,3
Philippines,UZ,3
Cameroon,FJ,3
Armenia,BR,3
Laos,SA,3
Slovakia,EC,3
United Arab Emirates,TW,3
Uruguay,DZ,3
Norway,MQ,3
Thailand,KZ,3
Guyana,PT,3
Mozambique,EC,3
Tajikistan,NP,3
Bhutan,RO,3
South Africa,AZ,3
Ecuador,VE,3
Cyprus,SS,3
Chad,,3
EU,LR,3
Laos,UZ,3
Austria,MO,3
Rwanda,RO,3
Palau,GU,3
Cambodia,ME,3
Syria,TW,3
Serbia,QA,3
Paraguay,MO,3
Seychelles,PT,3
Benin,AT,3
North Macedonia,EE,3
Romania,MO,3
Maldives,JM,3
Dominican Republic,JM,3
Ecuador,QA,3
Malaysia,CW,3
Mexico,KH,3
Austria,CW,3
Greece,PK,3
Switzerland,GF,3
Somalia,JP,3
Kuwait,SY,3
Timor Leste,TL,3
Luxembourg,FJ,3
Moldova,CY,3
Brazil,TL,3
Papua New Guinea,NA,3
Slovakia,PR,3
Fiji,AR,3
Indonesia,PY,3
Guyana,JM,3
Kenya,MO,3
Trinidad and Tobago,LB,3
Bangladesh,RO,3
Botswana,MW,3
Mozambique,JM,3
Nicaragua,RO,3
Albania,ZA,3
Switzerland,VA,3
Namibia,TR,3
Vietnam,PH,3
Saint Kitts and Nevis,MW,3
Mauritania,MR,3
Belarus,BY,3
Iran,ET,3
Fiji,MX,3
Singapore,ZW,3
Kiribati,LK,3
South Korea,MC,3
Saudi Arabia,BG,3
Pakistan,PE,3
Peru,MK,3
France,TJ,3
Georgia,CY,3
Syria,AU,3
Japan,FO,3
Italy,MM,3
China,UA,3
Portugal,LY,3
Belgium,CW,3
Chile,BW,3
Gambia,CN,3
Maldives,TZ,3
Rwanda,PA,3
Uganda,GW,3
Oman,ET,3
Suriname,DK,3
Morocco,LU,3
Guyana,JP,3
Mongolia,PT,3
Myanmar,NE,3
Eswatini,IE,3
Morocco,TH,3
Sao Tome and Principe,MX,3
Suriname,CA,3
Togo,ZW,3
Lithuania,CY,3
Latvia,NE,3
Colombia,BA,3
Kazakhstan,NO,3
Hungary,SY,3
Uganda,AF,3
Tanzania,BH,3
Jamaica,MT,3
Pakistan,NE,3
Cape Verde,IE,3
Bulgaria,MD,3
Andorra,TH,3
Nicaragua,NG,3
Namibia,CM,3
Panama,GR,3
Malta,JP,3
Zimbabwe,ES,3
Portugal,BH,3
Chile,PA,3
Honduras,TW,3
Cuba,TW,3
Pakistan,EG,3
Norway,TJ,3
Cuba,JP,3
Georgia,BD,3
Russia,SI,3
Cambodia,SK,3
Sri Lanka,RS,3
Israel,NP,3
Israel,UY,3
Dominican Republic,CZ,3
Costa Rica,IQ,3
Sri Lanka,GU,3
Nepal,RS,3
Ethiopia,SD,3
Iceland,SK,3
Estonia,MZ,3
Guatemala,PH,3
Rwanda,SI,3
Afghanistan,MX,3
Slovenia,BY,3
Lithuania,AR,3
Kyrgyzstan,EG,3
Peru,MQ,3
Germany,SC,3
Ethiopia,BF,3
Bulgaria,ZW,3
Romania,MW,3
IGO,AX,3
Kenya,LY,3
Saint Kitts and Nevis,IN,3
Pakistan,PS,3
Switzerland,TG,3
Belgium,KH,3
Senegal,TN,3
Uganda,BY,3
China,VI,3
China,BO,3
Tunisia,HK,3
Benin,BJ,3
Honduras,TR,3
Slovakia,MT,3
Taiwan,VE,3
Uganda,GA,3
Palestine,IE,3
Sweden,NA,3
Belgium,BM,3
Ukraine,SI,3
Netherlands,GF,3
Lesotho,DE,3
Sri Lanka,NP,3
Serbia,PE,3
Papua New Guinea,CZ,3
Israel,MK,3
Iran,TZ,3
Trinidad and Tobago,PL,3
North Macedonia,LU,3
Malaysia,GA,3
Myanmar,BO,3
Morocco,ID,3
Uruguay,NP,3
Argentina,CG,3
Bolivia,SA,3
Venezuela,TN,3
France,AW,3
Zimbabwe,PT,3
Indonesia,XK,3
Russia,MA,3
Samoa,DE,3
Fiji,TH,3
South Africa,HT,3
Maldives,CZ,3
Bhutan,RU,3
Bahrain,EG,3
Malaysia,BF,3
Thailand,UA,3
India,BF,3
Portugal,SM,3
Finland,SV,3
Qatar,RS,3
Nepal,BH,3
Hungary,BD,3
Armenia,AR,3
Tanzania,RO,3
Uganda,IS,3
Ivory Coast,SG,3
Vietnam,GH,3
Tanzania,CD,3
India,MG,3
Cameroon,NG,3
Paraguay,PS,3
Cyprus,EE,3
Bahamas,AR,3
Israel,QA,3
Somalia,UG,3
North Macedonia,AX,3
Eswatini,IR,3
Kyrgyzstan,MX,3
North Macedonia,PH,3
Tanzania,MU,3
Syria,BE,3
Nigeria,KZ,3
Georgia,KW,3
Tunisia,DZ,3
Somalia,BR,3
Ecuador,NG,3
Brazil,MV,3
Peru,BS,3
Kyrgyzstan,GR,3
Liberia,CL,3
Norway,MG,3
Cuba,MY,3
Cameroon,PH,3
Myanmar,BJ,3
Kiribati,BE,3
Latvia,PS,3
Malaysia,UZ,3
Sri Lanka,PG,3
Ireland,GI,3
South Korea,MG,3
Colombia,GF,3
Denmark,GP,3
Uganda,VE,3
Nigeria,NA,3
Bangladesh,PT,3
Turkey,GM,3
Somalia,TR,3
Palau,BR,3
Cameroon,MU,3
Colombia,GE,3
Argentina,FK,3
North Macedonia,MO,3
Sierra Leone,FR,3
Turkey,ML,3
Indonesia,SY,3
Jordan,DK,3
Canada,DM,3
Luxembourg,ET,3
Jordan,TZ,3
Luxembourg,OM,3
Netherlands,BT,3
Nicaragua,RU,3
Micronesia,CN,3
Argentina,BW,3
Somalia,IE,3
Paraguay,SV,3
Nicaragua,LB,3
Tajikistan,TH,3
Nigeria,AZ,3
Uruguay,KH,3
Ecuador,SV,3
Luxembourg,CM,3
Poland,BN,3
Cambodia,DZ,3
Suriname,ES,3
India,ML,3
Mongolia,FI,3
India,AS,3
Saudi Arabia,LK,3
Nicaragua,PR,3
India,MC,3
Croatia,EC,3
Malaysia,TG,3
Maldives,VE,3
Slovenia,DZ,3
Cuba,PL,3
Moldova,PH,3
Portugal,RE,3
Brazil,SL,3
Syria,JP,3
Norway,SV,3
Austria,HN,3
Spain,MR,3
Lebanon,PH,3
Guyana,MA,3
Taiwan,DZ,3
Mozambique,CL,3
Laos,MU,3
Namibia,UG,3
Tunisia,CL,3
South Africa,GW,3
Finland,MG,3
Serbia,RE,3
Tonga,FJ,3
Cape Verde,ZW,3
Saudi Arabia,TZ,3
Montenegro,EE,3
Brunei,CZ,3
Slovenia,PH,3
Uganda,BZ,3
Norway,PF,3
Papua New Guinea,SI,3
Mongolia,BD,3
Kiribati,SE,3
United Arab Emirates,QA,3
Netherlands,AW,3
Oman,QA,3
Bahamas,BB,3
Israel,LB,3
Denmark,BH,3
Lithuania,HR,3
Bulgaria,LB,3
Kosovo,RO,3
Malaysia,PG,3
Bolivia,CY,3
Saudi Arabia,CY,3
Portugal,NC,3
Lithuania,CO,3
Qatar,BW,3
Malawi,NG,3
Vanuatu,AT,3
Austria,NE,3
Malaysia,GN,3
Indonesia,PA,3
United Arab Emirates,CZ,3
Afghanistan,CL,3
Kyrgyzstan,SA,3
Maldives,BO,3
China,PA,3
Mozambique,NP,3
Mauritius,TH,3
South Africa,MC,3
Nicaragua,CU,3
Philippines,RW,3
Vanuatu,PK,3
Czech Republic,SS,3
Bhutan,BG,3
Sweden,BT,3
Sierra Leone,KR,3
Ukraine,TN,3
Thailand,CF,3
Mauritius,CO,3
Luxembourg,BF,3
Rwanda,TT,3
Eswatini,PE,3
Portugal,PS,3
Afghanistan,PH,3
Singapore,MT,3
Belize,IL,3
Kyrgyzstan,PH,3
Trinidad and Tobago,MA,3
Maldives,RU,3
Rwanda,BN,3
Sri Lanka,AM,3
Pakistan,PH,3
Belarus,TW,3
Mauritius,JM,3
Mexico,LB,3
El Salvador,CY,3
Philippines,PW,3
Cameroon,CL,3
Liberia,IR,3
Hungary,CY,3
Finland,GI,3
Turkey,BF,3
Saint Kitts and Nevis,DK,3
Bulgaria,SZ,3
Bulgaria,NE,3
Guyana,BD,3
Madagascar,KE,3
Morocco,IS,3
Mozambique,CO,3
Singapore,BO,3
Cape Verde,HK,3
Tunisia,EG,3
Germany,GY,3
Kuwait,SD,3
Mongolia,MX,3
Mozambique,NA,3
Niger,ML,3
Albania,MO,3
Ecuador,VN,3
Slovenia,MW,3
El Salvador,OM,3
Ecuador,JM,3
Iraq,UG,3
Cyprus,PK,3
Kosovo,RS,3
Togo,IT,3
Argentina,MN,3
Sao Tome and Principe,NL,3
Brazil,TG,3
Norway,VG,3
Malaysia,SS,3
Thailand,CR,3
Singapore,CM,3
Brunei,QA,3
Ukraine,BY,3
Italy,NA,3
Uzbekistan,IR,3
Peru,CG,3
Mexico,PA,3
Argentina,AM,3
Ghana,JM,3
Argentina,GF,3
Saint Kitts and Nevis,AT,3
Timor Leste,CN,3
Morocco,BD,3
Turkey,LY,3
South Africa,MV,3
Samoa,KR,3
China,KZ,3
Belize,VI,3
Saudi Arabia,PE,3
Guinea,BD,3
Kuwait,UA,3
Luxembourg,MA,3
Kosovo,CL,3
Nepal,MO,3
Kiribati,AR,3
New Zealand,CD,3
South Africa,GL,3
Montenegro,KR,3
Burkina Faso,GH,3
Denmark,BO,3
Sri Lanka,IQ,3
Uganda,ER,3
Iraq,QA,3
Bhutan,AE,3
Iran,NP,3
Latvia,NI,3
Sudan,SA,3
Sweden,YE,3
Ireland,TJ,3
Switzerland,AX,3
Finland,TG,3
Sweden,GP,3
Cape Verde,PE,3
Iceland,BD,3
Laos,NZ,3
Nepal,PA,3
Namibia,DZ,3
Denmark,SJ,3
Kazakhstan,TJ,3
Paraguay,BH,3
Senegal,IR,3
Trinidad and Tobago,UY,3
Nepal,QA,3
Kyrgyzstan,PL,3
Jamaica,LB,3
Italy,LI,3
Austria,TT,3
Liberia,SN,3
Dominican Republic,IR,3
Bahrain,HK,3
Cyprus,BM,3
Mexico,DO,3
Philippines,CV,3
El Salvador,UG,3
Thailand,LA,3
Suriname,IT,3
Paraguay,BJ,3
El Salvador,HU,3
Denmark,NI,3
Mozambique,IR,3
Albania,MY,3
Angola,PE,3
Seychelles,CG,3
Latvia,HN,3
India,SR,3
San Marino,BE,3
Philippines,MC,3
EU,WS,3
Kosovo,IS,3
South Africa,RE,3
South Korea,GP,3
Jordan,TR,3
Argentina,MT,3
USA,TV,3
Cape Verde,PF,3
France,AG,3
Croatia,LV,3
Maldives,ID,3
Eswatini,NG,3
Malaysia,RW,3
United Arab Emirates,CY,3
Portugal,GF,3
France,AD,3
Cyprus,RO,3
Gambia,FR,3
Rwanda,DZ,3
Nicaragua,PH,3
EU,TJ,3
Timor Leste,JP,3
Cuba,AE,3
Taiwan,UG,3
Sri Lanka,MV,3
Qatar,TZ,3
Laos,VN,3
Mauritius,LB,3
Serbia,LK,3
Japan,MU,3
Palestine,RU,3
Turkey,MU,3
South Africa,LA,3
Latvia,AM,3
Peru,BZ,3
Taiwan,SD,3
Kyrgyzstan,IL,3
Mozambique,KZ,3
India,AL,3
Paraguay,BY,3
Philippines,PY,3
Latvia,RW,3
IGO,KI,3
Norway,LR,3
Malta,DK,3
Togo,UG,3
Denmark,FJ,3
Taiwan,BO,3
Morocco,SG,3
China,CY,3
South Korea,LA,3
Finland,CW,3
Ireland,GA,3
Guatemala,ZA,3
Morocco,KE,3
Sierra Leone,KE,3
Senegal,MY,3
South Africa,TV,3
Qatar,CM,3
Denmark,GW,3
Barbados,PR,3
Namibia,BW,3
Nepal,EE,3
Switzerland,ER,3
Montenegro,SA,3
Mauritius,EG,3
Paraguay,IS,3
Jamaica,KE,3
Norway,GD,3
Morocco,CG,3
Cyprus,AR,3
Portugal,PG,3
Cyprus,NG,3
Ivory Coast,FI,3
Cameroon,NZ,3
Argentina,LA,3
Togo,DE,3
Cameroon,MW,3
Gambia,ES,3
Croatia,GL,3
Chad,US,3
United Arab Emirates,LU,3
Bangladesh,PH,3
Iceland,LT,3
Mexico,TG,3
Moldova,ID,3
Austria,NA,3
Vanuatu,FR,3
EU,SR,3
Netherlands,GU,3
Chile,MM,3
Georgia,RO,3
Rwanda,CR,3
Saint Kitts and Nevis,MT,3
El Salvador,MQ,3
Chile,ZM,3
Slovakia,PE,3
Cameroon,AR,3
South Africa,KG,3
Fiji,AT,3
Colombia,SR,3
Romania,PS,3
Malaysia,GI,3
Canada,SX,3
Tanzania,GE,3
Venezuela,PY,3
Ethiopia,JO,3
Peru,KW,3
Colombia,LY,3
Austria,GP,3
Vanuatu,KR,3
Italy,BZ,3
Philippines,GE,3
Honduras,CU,3
Germany,CV,3
Oman,CL,3
Andorra,JP,3
Costa Rica,HN,3
Thailand,MZ,3
Bhutan,SK,3
North Macedonia,GT,3
Singapore,UY,3
Zambia,NG,3
Ethiopia,TN,3
Israel,UA,3
Ecuador,SK,3
Iraq,PS,3
Dominican Republic,TZ,3
North Macedonia,MP,3
Egypt,MK,3
Jamaica,IR,3
Tajikistan,DK,3
Nepal,BG,3
Belgium,MC,3
Nigeria,UY,3
South Africa,VE,3
Guinea,BR,3
Azerbaijan,RS,2
Bahrain,PT,2
USA,TM,2
Liberia,LK,2
Estonia,CW,2
Canada,VU,2
Uganda,YE,2
Barbados,AL,2
Netherlands,AX,2
Kenya,TL,2
San Marino,IL,2
Niger,CH,2
Thailand,MU,2
Malaysia,SN,2
Bhutan,SN,2
Papua New Guinea,DZ,2
Timor Leste,IE,2
Iraq,EE,2
Croatia,FO,2
Sierra Leone,MX,2
San Marino,HK,2
Yemen,KW,2
Malaysia,LV,2
Singapore,CU,2
South Africa,MQ,2
Jordan,VE,2
Turkey,AS,2
Iceland,PH,2
Nigeria,JM,2
Kiribati,IL,2
Ethiopia,KH,2
Andorra,NZ,2
Uruguay,BH,2
Burkina Faso,IT,2
Cape Verde,TG,2
Estonia,MC,2
Nicaragua,BO,2
Qatar,GM,2
Nicaragua,EC,2
Sri Lanka,GH,2
Chile,IQ,2
Kenya,PG,2
South Korea,SO,2
Zambia,MX,2
Moldova,AS,2
Ireland,YE,2
Indonesia,GT,2
Armenia,ID,2
Iran,JM,2
Papua New Guinea,UG,2
Portugal,BT,2
Papua New Guinea,ZW,2
Portugal,NE,2
Vanuatu,RU,2
Morocco,QA,2
Indonesia,CG,2
Turkey,BJ,2
Sweden,DJ,2
Malta,TR,2
Burundi,BI,2
Estonia,PA,2
Nigeria,ME,2
Bahamas,MX,2
Argentina,SY,2
Romania,JE,2
Zambia,BD,2
Mali,ID,2
Moldova,MN,2
Iran,PR,2
Thailand,SK,2
Guyana,CZ,2
Liberia,MY,2
Lithuania,IR,2
Bhutan,IS,2
Belize,CL,2
Israel,MN,2
Morocco,KW,2
Slovenia,SD,2
Taiwan,TZ,2
Panama,CD,2
Portugal,SY,2
Brazil,MR,2
Cambodia,MO,2
Denmark,HN,2
Brazil,MP,2
Laos,LA,2
Bulgaria,FO,2
Argentina,LU,2
Saudi Arabia,ML,2
Malaysia,SO,2
Haiti,PA,2
Nicaragua,NP,2
Namibia,MG,2
Portugal,LA,2
Morocco,EC,2
Paraguay,PG,2
Armenia,GR,2
Guinea,HK,2
USA,CV,2
Qatar,EE,2
Philippines,AD,2
Rwanda,SZ,2
Romania,MK,2
Bangladesh,AR,2
India,CU,2
North Macedonia,SY,2
El Salvador,MM,2
Ghana,KY,2
Jamaica,PR,2
Montenegro,HU,2
Trinidad and Tobago,MT,2
New Zealand,ME,2
Cape Verde,GH,2
Ivory Coast,TN,2
Bhutan,EE,2
Cambodia,BW,2
United Arab Emirates,UG,2
Namibia,ID,2
Niger,NE,2
Bosnia and Herzegovina,LV,2
Singapore,ML,2
Kazakhstan,GE,2
Latvia,IQ,2
Bahamas,SI,2
Slovenia,UY,2
Burundi,KE,2
Paraguay,CI,2
Japan,VI,2
Cape Verde,HU,2
Israel,KH,2
Estonia,FK,2
Bulgaria,XK,2
Ecuador,AE,2
Georgia,HR,2
Tanzania,ER,2
Samoa,MO,2
Liberia,SL,2
Rwanda,VU,2
Haiti,IN,2
Taiwan,GU,2
Germany,MP,2
Mongolia,PK,2
Sri Lanka,HR,2
Guyana,KR,2
Jordan,ID,2
Azerbaijan,IQ,2
Liberia,ID,2
Eswatini,TZ,2
Botswana,TN,2
Serbia,AL,2
Lithuania,LB,2
Sweden,DM,2
Tanzania,ST,2
Trinidad and Tobago,LU,2
Namibia,MN,2
Bolivia,QA,2
Jordan,MW,2
Portugal,ST,2
UK,MP,2
Tunisia,KR,2
Senegal,BI,2
Kenya,GI,2
Portugal,MS,2
Estonia,BB,2
Ghana,PG,2
Kosovo,MO,2
Ivory Coast,TR,2
Haiti,TT,2
New Zealand,LY,2
Fiji,HK,2
Uruguay,MM,2
Costa Rica,UY,2
Brunei,CO,2
Senegal,CG,2
Palestine,ET,2
Croatia,AM,2
Eswatini,RU,2
Mauritius,OM,2
Venezuela,OM,2
Bhutan,QA,2
Malaysia,MK,2
Jamaica,KW,2
Seychelles,BE,2
Ireland,NC,2
Brunei,LB,2
Nicaragua,LK,2
Ethiopia,MN,2
Switzerland,BM,2
Pakistan,SN,2
Panama,DZ,2
Guyana,NG,2
Nepal,LS,2
Denmark,GE,2
South Africa,FO,2
Nepal,AZ,2
Kenya,MD,2
Kenya,GA,2
Brunei,TZ,2
Romania,BY,2
China,KH,2
Nepal,SN,2
Chile,PG,2
Somalia,CY,2
Mexico,CD,2
Tanzania,AF,2
Burkina Faso,IN,2
USA,KI,2
Dominican Republic,CY,2
Spain,SO,2
Rwanda,UY,2
Guyana,IE,2
Ukraine,KW,2
Nigeria,PS,2
El Salvador,PY,2
Senegal,NE,2
Kenya,CU,2
Mongolia,BR,2
Togo,NZ,2
Latvia,CU,2
Turkey,MG,2
Georgia,IS,2
China,UZ,2
Latvia,VE,2
Latvia,SD,2
Barbados,MU,2
El Salvador,RE,2
Ghana,PY,2
Panama,HN,2
Democratic Republic Of The Congo,TW,2
Vietnam,HU,2
Namibia,GL,2
Myanmar,CO,2
Sierra Leone,SA,2
Tajikistan,SG,2
Zambia,RU,2
Afghanistan,SN,2
Madagascar,AU,2
Mozambique,TH,2
Italy,VA,2
Ghana,EC,2
Yemen,AU,2
Denmark,XK,2
Lebanon,SD,2
Bolivia,ID,2
Mozambique,BG,2
Israel,UZ,2
Guatemala,PK,2
Panama,HK,2
Rwanda,PY,2
Ecuador,GW,2
Norway,TG,2
Morocco,SD,2
Bhutan,LY,2
Uruguay,CI,2
Benin,TW,2
Croatia,LU,2
Cambodia,CM,2
Venezuela,MU,2
Azerbaijan,CL,2
Saudi Arabia,PR,2
Belize,IR,2
Bahrain,DK,2
Eswatini,SD,2
Austria,BZ,2
Liechtenstein,CA,2
Jamaica,AR,2
Gambia,AU,2
Palestine,CZ,2
Bangladesh,TW,2
Hungary,IQ,2
Guinea,SG,2
Dominican Republic,PH,2
Japan,GM,2
Ivory Coast,CZ,2
Slovenia,NC,2
Taiwan,QA,2
Kenya,BY,2
Malaysia,BA,2
Denmark,BS,2
Ireland,PG,2
Albania,QA,2
Democratic Republic Of The Congo,CL,2
Bangladesh,HR,2
Cyprus,MG,2
Latvia,GI,2
Seychelles,IT,2
New Zealand,BH,2
Kuwait,CL,2
Oman,TG,2
Indonesia,LI,2
Cuba,EG,2
Oman,GH,2
Chile,BA,2
Israel,MA,2
Slovenia,PY,2
Vanuatu,VU,2
New Zealand,AS,2
Kenya,PR,2
Colombia,LI,2
Ireland,MN,2
Sri Lanka,KZ,2
Morocco,JM,2
Portugal,SV,2
Malawi,CO,2
Malta,SM,2
Vanuatu,AR,2
Vietnam,LK,2
Palestine,CM,2
Benin,LK,2
Ukraine,BD,2
Peru,RW,2
Haiti,BB,2
Brunei,IQ,2
Kyrgyzstan,CO,2
Peru,BW,2
Russia,EC,2
Switzerland,GY,2
Paraguay,BF,2
Iran,PS,2
Senegal,TH,2
Malawi,NO,2
Somalia,KR,2
Sri Lanka,LV,2
Moldova,AZ,2
UK,VA,2
Israel,LV,2
Ireland,GL,2
Bahrain,LB,2
Argentina,RW,2
Senegal,CY,2
Singapore,BJ,2
Pakistan,HU,2
EU,SZ,2
Lithuania,KZ,2
Togo,GR,2
Namibia,BD,2
Azerbaijan,JP,2
Venezuela,BI,2
Barbados,NG,2
Norway,NI,2
Kenya,UZ,2
Ireland,SR,2
Kuwait,LK,2
Syria,SE,2
Uzbekistan,RU,2
Malawi,HU,2
Seychelles,IL,2
Mauritius,RO,2
Thailand,DZ,2
Croatia,MO,2
Norway,VI,2
Dominican Republic,BB,2
Kazakhstan,IE,2
Honduras,GT,2
Denmark,VG,2
Indonesia,SS,2
Venezuela,VG,2
Kuwait,SI,2
Solomon Islands,FR,2
Mali,AU,2
Costa Rica,ID,2
Jamaica,EC,2
Belgium,GL,2
Canada,VC,2
Morocco,MY,2
Cyprus,TZ,2
Switzerland,ME,2
Czech Republic,AL,2
Bahrain,MY,2
Belgium,BZ,2
India,NI,2
Colombia,KP,2
Morocco,AZ,2
Guyana,TT,2
Denmark,MV,2
Sudan,IT,2
Benin,HU,2
Malta,CN,2
Tanzania,GQ,2
Papua New Guinea,RO,2
Bolivia,KW,2
Russia,UY,2
Mozambique,TT,2
Japan,SL,2
Colombia,ER,2
Liechtenstein,AU,2
Haiti,NL,2
Switzerland,SO,2
Iran,EC,2
Belize,NZ,2
Sri Lanka,MM,2
Netherlands,TV,2
Uganda,MN,2
Poland,MD,2
Greece,BD,2
Cambodia,MZ,2
UK,TO,2
Bolivia,EG,2
Venezuela,BS,2
Morocco,CI,2
Togo,EG,2
Honduras,AT,2
Netherlands,KY,2
Burkina Faso,BJ,2
Vietnam,ET,2
Guatemala,PR,2
Myanmar,PA,2
Ethiopia,UA,2
Saudi Arabia,KE,2
Timor Leste,CI,2
Burkina Faso,NP,2
Bolivia,RO,2
United Arab Emirates,SN,2
Democratic Republic Of The Congo,ZA,2
Denmark,PG,2
Finland,VI,2
Pakistan,JO,2
Guatemala,TW,2
Nicaragua,PK,2
Andorra,BR,2
Ethiopia,CD,2
Indonesia,SN,2
Azerbaijan,HK,2
Jamaica,SK,2
Angola,AT,2
Mauritania,CH,2
Honduras,BZ,2
UK,WS,2
Costa Rica,CY,2
Indonesia,ZM,2
Guyana,ID,2
Malaysia,XK,2
Kosovo,AR,2
Papua New Guinea,LT,2
Costa Rica,SY,2
Iran,SY,2
Bolivia,PH,2
Laos,NO,2
Fiji,CO,2
Brazil,LS,2
Denmark,AS,2
Trinidad and Tobago,QA,2
Mongolia,HR,2
Paraguay,SC,2
Venezuela,ML,2
Cape Verde,MZ,2
Argentina,MM,2
Philippines,TJ,2
Belgium,TT,2
Argentina,SN,2
Vanuatu,IE,2
Indonesia,UZ,2
Venezuela,RS,2
Poland,SV,2
Greece,CD,2
Zimbabwe,GW,2
Bahamas,MZ,2
Iraq,AL,2
Palestine,IQ,2
Guatemala,TZ,2
Latvia,DZ,2
Armenia,CZ,2
Myanmar,RW,2
Zimbabwe,UG,2
EU,MS,2
Sudan,TZ,2
Guyana,CR,2
Trinidad and Tobago,BO,2
North Macedonia,BY,2
Brazil,CV,2
Cameroon,HU,2
Timor Leste,MY,2
South Africa,MD,2
Botswana,LK,2
Palau,NC,2
North Macedonia,TZ,2
Kazakhstan,PT,2
Myanmar,BW,2
Nigeria,BI,2
Iran,UA,2
Ecuador,KZ,2
Lebanon,KE,2
Japan,BB,2
Australia,MP,2
Hungary,PK,2
Papua New Guinea,MK,2
Montenegro,PE,2
Papua New Guinea,BD,2
New Zealand,BI,2
Azerbaijan,FI,2
Guatemala,LK,2
Thailand,LV,2
Mongolia,JM,2
Cambodia,HR,2
Mongolia,SI,2
Kenya,MC,2
Hungary,ET,2
Cambodia,IS,2
Cuba,SG,2
Madagascar,IT,2
South Korea,CG,2
Guatemala,CI,2
Slovakia,CR,2
Uruguay,MT,2
India,BS,2
Pakistan,AF,2
Rwanda,PE,2
Turkey,AF,2
Iceland,SD,2
Cambodia,MM,2
Burkina Faso,NZ,2
Benin,PL,2
Bulgaria,EC,2
Togo,SE,2
Turkey,HN,2
Egypt,KG,2
South Korea,NE,2
Venezuela,MK,2
Uruguay,BW,2
Sao Tome and Principe,JP,2
Democratic Republic Of The Congo,KE,2
Slovakia,BH,2
Palau,FR,2
Czech Republic,PR,2
Maldives,AR,2
Mozambique,MW,2
Ecuador,SI,2
Iran,BG,2
Yemen,IT,2
Argentina,GI,2
Denmark,RE,2
Mexico,NI,2
Namibia,TH,2
Albania,LU,2
Slovakia,UY,2
Nigeria,XK,2
Panama,HR,2
Bosnia and Herzegovina,HK,2
Ghana,CY,2
India,BB,2
Kyrgyzstan,CZ,2
Syria,AR,2
Uganda,BN,2
Guinea,BJ,2
South Korea,TO,2
Timor Leste,NO,2
Switzerland,GP,2
Bahamas,UG,2
Sweden,TO,2
Haiti,MW,2
Austria,AO,2
Iran,SK,2
Sri Lanka,BW,2
Indonesia,FJ,2
Namibia,PE,2
Japan,BI,2
Dominican Republic,VN,2
Mongolia,MA,2
South Africa,GY,2
Suriname,ID,2
Tanzania,VE,2
Palestine,FJ,2
Cameroon,CI,2
United Arab Emirates,RU,2
Haiti,EC,2
Croatia,NP,2
Uganda,AG,2
Lebanon,ET,2
Indonesia,SO,2
Malaysia,MV,2
Jordan,TH,2
Dominican Republic,EG,2
Trinidad and Tobago,LC,2
Brazil,KY,2
Iceland,LB,2
Venezuela,SR,2
Ivory Coast,HU,2
Senegal,EG,2
Panama,ZM,2
Chile,BS,2
Kenya,GD,2
Palestine,MY,2
Cyprus,ET,2
North Macedonia,LB,2
Yemen,PL,2
Vietnam,PK,2
Cameroon,GA,2
Samoa,NC,2
Vanuatu,NG,2
Somalia,PT,2
Ecuador,MA,2
Laos,RU,2
India,TT,2
Uganda,BS,2
Togo,AT,2
South Africa,KY,2
Estonia,RE,2
Malaysia,BB,2
Zimbabwe,IL,2
Cambodia,KZ,2
Sri Lanka,DO,2
Sri Lanka,SS,2
Mexico,BA,2
Morocco,PK,2
Dominican Republic,GH,2
Madagascar,CH,2
El Salvador,SK,2
Indonesia,CI,2
Slovakia,NP,2
Djibouti,,2
Malaysia,LA,2
North Macedonia,CO,2
Yemen,HK,2
Ghana,AO,2
Senegal,BD,2
Zambia,BW,2
Latvia,BW,2
Honduras,GH,2
Argentina,CI,2
USA,AD,2
Saint Kitts and Nevis,CL,2
Guyana,GL,2
Micronesia,JP,2
Senegal,PG,2
Kenya,LR,2
Ukraine,LU,2
Thailand,SN,2
Democratic Republic Of The Congo,CM,2
Mozambique,ID,2
Taiwan,OM,2
Czech Republic,CU,2
Nigeria,BN,2
Djibouti,FR,2
Estonia,NC,2
Azerbaijan,BR,2
Nigeria,BB,2
Laos,DK,2
Monaco,NL,2
Mauritius,RE,2
Guyana,GH,2
Italy,SL,2
Andorra,IL,2
Rwanda,GN,2
Trinidad and Tobago,BD,2
Democratic Republic Of The Congo,BR,2
Botswana,NA,2
Uruguay,DO,2
Luxembourg,KW,2
Bangladesh,TR,2
Eritrea,,2
Central African Republic,ET,2
EU,KP,2
South Sudan,NL,2
Indonesia,KN,2
Myanmar,BG,2
Palestine,ID,2
Paraguay,GF,2
Panama,RS,2
Eswatini,PH,2
Lebanon,SY,2
Guyana,SD,2
Lithuania,BI,2
Benin,KR,2
USA,SJ,2
Kuwait,GE,2
Kyrgyzstan,NG,2
Mozambique,CI,2
Eritrea,US,2
Saudi Arabia,MO,2
Mozambique,LB,2
Nigeria,MT,2
Haiti,DK,2
Montenegro,TR,2
Uganda,HN,2
Bolivia,UG,2
Croatia,FJ,2
Estonia,ZM,2
Barbados,FJ,2
Rwanda,AF,2
India,SC,2
Colombia,RE,2
Trinidad and Tobago,LV,2
Vanuatu,CH,2
Paraguay,MU,2
Latvia,KG,2
Tunisia,HU,2
Saudi Arabia,AM,2
Kosovo,RU,2
Iraq,OM,2
Jamaica,UG,2
Ivory Coast,GH,2
Mexico,TD,2
Dominican Republic,NA,2
USA,AW,2
Thailand,MW,2
Lithuania,CG,2
Guyana,MY,2
Rwanda,AL,2
Ivory Coast,BD,2
Czech Republic,VN,2
South Africa,TG,2
South Africa,KN,2
Benin,LU,2
Kazakhstan,HU,2
Mauritius,MA,2
Croatia,KH,2
Micronesia,NC,2
Paraguay,GE,2
Austria,MZ,2
Vietnam,IE,2
UK,CV,2
Egypt,HN,2
Thailand,UY,2
Cambodia,NP,2
Liberia,BW,2
Vanuatu,BE,2
Nigeria,AF,2
Uruguay,BB,2
Lebanon,RO,2
Denmark,SN,2
Lithuania,BG,2
Netherlands,IM,2
Denmark,MG,2
China,LU,2
Eswatini,RO,2
Zimbabwe,IE,2
Nepal,BS,2
Latvia,CD,2
United Arab Emirates,EC,2
Luxembourg,LV,2
Australia,TV,2
Bulgaria,MG,2
Spain,TO,2
Mozambique,RU,2
Senegal,CO,2
Belgium,AF,2
Democratic Republic Of The Congo,NL,2
Montenegro,KE,2
Marshall Islands,AU,2
Bhutan,UG,2
Senegal,HU,2
Philippines,WS,2
Kuwait,XK,2
Belgium,ST,2
Liberia,CZ,2
North Macedonia,BA,2
Mongolia,AR,2
Jamaica,PL,2
Mali,NL,2
Venezuela,IS,2
Belize,PK,2
South Africa,BA,2
Egypt,AL,2
Finland,UZ,2
Haiti,CO,2
Qatar,PE,2
Ivory Coast,PT,2
Ireland,SJ,2
Sao Tome and Principe,NZ,2
Argentina,TG,2
Cape Verde,SG,2
Haiti,CU,2
Ireland,GD,2
Nigeria,DO,2
Paraguay,XK,2
Kosovo,PR,2
Tunisia,LB,2
Palestine,EG,2
Nepal,BB,2
Trinidad and Tobago,HR,2
Liberia,CM,2
Luxembourg,CI,2
Algeria,IT,2
Croatia,SD,2
Japan,AF,2
Serbia,MW,2
Estonia,SD,2
Saudi Arabia,NE,2
Costa Rica,ZW,2
Pakistan,LU,2
Pakistan,OM,2
Australia,AW,2
Nicaragua,BG,2
Panama,EE,2
Panama,BA,2
Andorra,CN,2
Luxembourg,SN,2
Netherlands,AS,2
Cambodia,BA,2
San Marino,TW,2
Namibia,MY,2
Guyana,HK,2
Zimbabwe,GH,2
Honduras,BE,2
Italy,CW,2
Ghana,SO,2
Tanzania,UA,2
Bangladesh,IR,2
Honduras,IL,2
Haiti,CZ,2
Saudi Arabia,BA,2
Georgia,ID,2
Haiti,UG,2
Bangladesh,NP,2
Kuwait,EE,2
Uganda,UZ,2
Guyana,IL,2
Kosovo,MT,2
Samoa,ZA,2
Dominican Republic,HN,2
Portugal,GN,2
Mongolia,SK,2
Azerbaijan,GR,2
Cambodia,BG,2
Oman,SI,2
Iraq,MW,2
Bulgaria,KE,2
Kazakhstan,FI,2
Ireland,SN,2
Spain,KN,2
Angola,RU,2
Turkey,SL,2
Maldives,PF,2
Afghanistan,BH,2
Uganda,TD,2
Netherlands,MR,2
Vanuatu,NO,2
Mozambique,PL,2
Bolivia,UZ,2
Guinea,TN,2
Mozambique,RW,2
New Zealand,NA,2
Sri Lanka,CR,2
India,UZ,2
Kenya,MK,2
Cambodia,PE,2
Cambodia,OM,2
Ukraine,AZ,2
Cape Verde,MX,2
Malaysia,CI,2
Iceland,CY,2
Panama,RO,2
Iraq,AR,2
Estonia,BW,2
Trinidad and Tobago,JO,2
Seychelles,IN,2
Papua New Guinea,AL,2
Philippines,AO,2
Ukraine,CO,2
Nigeria,FJ,2
Ghana,SA,2
Israel,PS,2
Madagascar,NZ,2
Romania,CR,2
China,BH,2
Sri Lanka,MN,2
Japan,MD,2
Denmark,SV,2
Mozambique,AE,2
Venezuela,LI,2
Germany,KP,2
Syria,CH,2
Venezuela,GP,2
Nepal,LY,2
Albania,SA,2
Malawi,IR,2
South Africa,BS,2
Georgia,MW,2
Iraq,GH,2
Japan,SD,2
Bulgaria,AE,2
Philippines,KG,2
El Salvador,IS,2
Albania,HU,2
Spain,TG,2
Bangladesh,GR,2
Slovenia,KZ,2
Lebanon,BH,2
South Korea,TJ,2
Namibia,SA,2
Singapore,SD,2
Guatemala,PE,2
Sweden,MD,2
New Zealand,CI,2
Zambia,AR,2
Djibouti,CH,2
Sweden,KY,2
Algeria,NO,2
Ecuador,AM,2
Paraguay,GM,2
New Zealand,GA,2
Iran,UZ,2
Norway,TD,2
Myanmar,RS,2
Seychelles,AT,2
Cyprus,EG,2
Tunisia,BR,2
Senegal,ET,2
Micronesia,SE,2
Serbia,AM,2
Iraq,CR,2
Lesotho,ZA,2
Burkina Faso,TN,2
Ghana,CU,2
Eswatini,AR,2
Russia,UZ,2
Eswatini,MW,2
Moldova,QA,2
Jordan,IQ,2
Egypt,FJ,2
Panama,NG,2
Croatia,ZW,2
Nigeria,LS,2
Peru,UA,2
Guyana,PA,2
Costa Rica,BY,2
Maldives,PK,2
Denmark,RW,2
Cambodia,CG,2
Dominican Republic,JO,2
Argentina,AO,2
Kosovo,KE,2
Vietnam,NZ,2
United Arab Emirates,SK,2
Kuwait,MK,2
Trinidad and Tobago,TN,2
Pakistan,MW,2
Myanmar,QA,2
Ecuador,CG,2
Iran,ZM,2
Iceland,TH,2
Kuwait,NP,2
Ecuador,MU,2
France,SJ,2
Ireland,FM,2
Venezuela,JO,2
Brazil,TO,2
Canada,WS,2
Eswatini,MX,2
Palestine,IN,2
Peru,BN,2
Greece,AZ,2
Slovenia,MM,2
South Africa,GF,2
Peru,SY,2
Denmark,PF,2
Bangladesh,MX,2
Saudi Arabia,MW,2
Ethiopia,MG,2
Albania,TW,2
Ethiopia,SN,2
Brazil,GN,2
Finland,GD,2
Moldova,CR,2
Serbia,LA,2
Chile,MD,2
Guinea,PA,2
Democratic Republic Of The Congo,JE,2
Brazil,AG,2
Zambia,VN,2
Trinidad and Tobago,GP,2
Rwanda,LB,2
Nepal,MN,2
Solomon Islands,CA,2
Ethiopia,SI,2
Slovakia,DZ,2
Fiji,BN,2
Tuvalu,,2
Bhutan,IQ,2
Uganda,AZ,2
Ecuador,GF,2
Saudi Arabia,MK,2
Honduras,ZA,2
Peru,LA,2
Namibia,SI,2
Ivory Coast,NG,2
Latvia,BJ,2
Slovenia,CU,2
Peru,BB,2
Slovenia,CI,2
Kazakhstan,BE,2
Liberia,CI,2
Qatar,UY,2
Romania,EC,2
Azerbaijan,MX,2
Samoa,BE,2
Taiwan,CU,2
Senegal,GP,2
Guyana,KE,2
Trinidad and Tobago,HN,2
Trinidad and Tobago,ZW,2
Samoa,TR,2
Cambodia,CY,2
Bahamas,RE,2
Indonesia,SV,2
Israel,CR,2
Belize,MY,2
Dominican Republic,TH,2
Ireland,TG,2
Vanuatu,DK,2
Samoa,IE,2
Israel,MO,2
South Korea,ML,2
Romania,BO,2
Italy,TO,2
Sri Lanka,MW,2
Russia,MN,2
Russia,NP,2
Luxembourg,AM,2
Eswatini,HU,2
Palau,ES,2
Costa Rica,LT,2
France,DM,2
Armenia,TW,2
Fiji,ET,2
South Africa,AW,2
Kazakhstan,AT,2
Laos,CL,2
Iran,VG,2
Kuwait,BF,2
Andorra,AT,2
Denmark,SZ,2
Liberia,UA,2
Barbados,CY,2
Estonia,MU,2
Lebanon,ZM,2
Thailand,IS,2
Liberia,NP,2
Paraguay,GP,2
Belize,TH,2
Iceland,KZ,2
Mauritius,VN,2
Kosovo,CO,2
Portugal,GU,2
Egypt,BW,2
Senegal,LS,2
Guatemala,GH,2
Iceland,RS,2
Namibia,ET,2
Laos,MX,2
Cambodia,SL,2
Ghana,MZ,2
Thailand,BO,2
Panama,KW,2
Papua New Guinea,TZ,2
Guinea,CI,2
Sao Tome and Principe,GM,2
Venezuela,LB,2
Finland,ME,2
Malaysia,AL,2
Belize,PF,2
New Zealand,AF,2
Venezuela,MG,2
Gambia,NG,2
Colombia,SL,2
Cyprus,CV,2
Benin,SN,2
Vietnam,LV,2
Finland,MQ,2
Montenegro,TH,2
Mongolia,SA,2
Malaysia,MC,2
Trinidad and Tobago,PE,2
Zimbabwe,JP,2
Nigeria,CD,2
Guyana,TH,2
Oman,EE,2
North Macedonia,EG,2
Bangladesh,LK,2
Argentina,GM,2
Rwanda,BA,2
Fiji,LK,2
Burkina Faso,SN,2
Venezuela,DZ,2
Ivory Coast,RW,2
El Salvador,LU,2
Benin,IR,2
Mexico,GF,2
Samoa,ES,2
Mexico,MM,2
Papua New Guinea,MN,2
Philippines,SL,2
Bulgaria,ID,2
Iraq,BS,2
Estonia,BO,2
Georgia,SY,2
Afghanistan,CO,2
Estonia,HT,2
Taiwan,MT,2
Israel,TZ,2
Bulgaria,LK,2
Sweden,JE,2
Azerbaijan,HU,2
China,AL,2
Ecuador,MG,2
Lebanon,CO,2
Chile,NC,2
Gambia,DK,2
Indonesia,VE,2
India,AF,2
Morocco,DZ,2
Poland,BT,2
Luxembourg,NE,2
Haiti,CR,2
Panama,VE,2
Slovenia,NI,2
South Korea,MV,2
Taiwan,BA,2
Bangladesh,SK,2
Bahrain,ZA,2
Serbia,UZ,2
Mongolia,HU,2
Tanzania,JM,2
Jordan,SK,2
Brazil,LR,2
Turkey,SX,2
EU,CV,2
Yemen,BE,2
Papua New Guinea,HU,2
Haiti,BS,2
Uruguay,LU,2
Israel,BG,2
Indonesia,BO,2
Ukraine,ET,2
Uzbekistan,IT,2
Argentina,MG,2
Brazil,VU,2
Czech Republic,MA,2
Myanmar,UG,2
Bosnia and Herzegovina,JO,2
Serbia,PR,2
Nicaragua,UG,2
South Africa,PS,2
Azerbaijan,MU,2
Finland,LS,2
Iceland,CO,2
Croatia,AZ,2
Croatia,PR,2
Zambia,IL,2
North Macedonia,MW,2
Zambia,UG,2
Zimbabwe,IN,2
Sao Tome and Principe,TZ,2
Guatemala,ID,2
Dominican Republic,HR,2
Bangladesh,IE,2
Greece,KG,2
Papua New Guinea,LB,2
Uzbekistan,SE,2
Cameroon,GH,2
Liberia,KR,2
Central African Republic,IE,2
Bolivia,BW,2
Saudi Arabia,BB,2
Honduras,SI,2
Myanmar,CZ,2
Sierra Leone,IL,2
Kyrgyzstan,KG,2
Italy,LS,2
Vatican City,US,2
Zimbabwe,BN,2
Suriname,CL,2
Romania,ET,2
Indonesia,RE,2
Colombia,GM,2
Slovakia,JM,2
Canada,TO,2
Seychelles,GH,2
Papua New Guinea,ZM,2
South Korea,MZ,2
Serbia,PS,2
Ivory Coast,IR,2
Sudan,MX,2
Iraq,AO,2
Russia,TN,2
Kazakhstan,MA,2
Lesotho,AU,2
Burundi,FR,2
Gambia,NL,2
Chile,RW,2
Turkey,BB,2
South Korea,RW,2
Switzerland,TO,2
Cape Verde,TH,2
Tanzania,BY,2
Malawi,CN,2
Lithuania,PK,2
Madagascar,NO,2
Slovakia,KZ,2
Somalia,GH,2
Libya,IT,2
Fiji,KR,2
Russia,PE,2
Serbia,MN,2
Slovenia,SS,2
Japan,SR,2
Tonga,TO,2
Morocco,LV,2
Gambia,IT,2
Japan,TT,2
Liberia,PE,2
Tunisia,BG,2
Kyrgyzstan,AR,2
Hungary,SD,2
South Korea,GE,2
Germany,AO,2
Mexico,BB,2
El Salvador,TT,2
Armenia,AT,2
Monaco,DE,2
Belize,RO,2
Cuba,ZA,2
Liechtenstein,FI,2
South Africa,UZ,2
Haiti,MX,2
Nicaragua,MY,2
Sierra Leone,BE,2
Hungary,LA,2
Guinea,SN,2
Ivory Coast,SN,2
Kuwait,CY,2
Kosovo,SK,2
Kuwait,KE,2
Guinea,MW,2
Luxembourg,CR,2
Nicaragua,UA,2
Ecuador,RS,2
Algeria,PT,2
China,BG,2
Cambodia,PR,2
Dominican Republic,MA,2
Portugal,SD,2
Andorra,KR,2
Uruguay,TN,2
Sierra Leone,PH,2
Timor Leste,MX,2
South Sudan,ZA,2
El Salvador,KE,2
Estonia,BJ,2
Morocco,MQ,2
Samoa,PG,2
Trinidad and Tobago,GU,2
Ecuador,PR,2
Sao Tome and Principe,MA,2
Rwanda,BG,2
Guinea,GH,2
Tajikistan,SA,2
Niger,TD,2
Canada,SC,2
Qatar,BI,2
Finland,LR,2
Norway,LS,2
Guinea,CM,2
United Arab Emirates,VN,2
Morocco,EG,2
Haiti,CM,2
Georgia,LT,2
Sierra Leone,IR,2
Niger,ET,2
Nicaragua,QA,2
Croatia,UG,2
Peru,BI,2
Rwanda,CU,2
Costa Rica,TT,2
Brunei,SK,2
Serbia,KE,2
Andorra,CZ,2
Ukraine,PK,2
Azerbaijan,IE,2
Barbados,CL,2
Serbia,SX,2
Portugal,NI,2
Namibia,CR,2
Saint Kitts and Nevis,BD,2
Germany,DJ,2
Sudan,NO,2
Ghana,SK,2
Estonia,PG,2
Mongolia,IR,2
Laos,EG,2
Togo,OM,2
Bulgaria,JM,2
Hungary,LV,2
United Arab Emirates,BD,2
Venezuela,SZ,2
Peru,SR,2
South Korea,LR,2
Namibia,CD,2
Mexico,WS,2
Taiwan,KP,2
Samoa,WS,2
New Zealand,SJ,2
Kuwait,GW,2
Venezuela,RE,2
Ghana,PE,2
Lithuania,MT,2
New Zealand,GF,2
Cameroon,GR,2
Greece,ME,2
Moldova,MW,2
Philippines,VI,2
United Arab Emirates,LB,2
South Africa,AM,2
Belize,CZ,2
Ghana,BS,2
Venezuela,UA,2
Ghana,UA,2
Liberia,MO,2
Madagascar,AT,2
Panama,IE,2
Tajikistan,HK,2
Serbia,LV,2
Israel,KW,2
Mexico,MT,2
Ecuador,UG,2
Ireland,AD,2
Monaco,,2
Bolivia,MY,2
Iran,CM,2
Palestine,VN,2
Eswatini,UG,2
Paraguay,MZ,2
Djibouti,DE,2
United Arab Emirates,TH,2
Argentina,BA,2
Qatar,VN,2
Philippines,MQ,2
New Zealand,NI,2
Bahamas,EG,2
Lesotho,NL,2
Ecuador,EG,2
Mauritius,QA,2
Germany,TV,2
Turkey,PY,2
Peru,HN,2
Iraq,TZ,2
Trinidad and Tobago,EE,2
Latvia,AZ,2
Mauritius,MN,2
Argentina,BF,2
Germany,GN,2
Denmark,VI,2
Paraguay,SY,2
UK,DJ,2
Kiribati,CH,2
Spain,BS,2
Slovakia,JO,2
Trinidad and Tobago,HU,2
Kazakhstan,ID,2
South Sudan,NG,2
Bhutan,UZ,2
Slovakia,BY,2
Bangladesh,IL,2
Saudi Arabia,AZ,2
Iceland,NG,2
Canada,SB,2
Moldova,BF,2
Uruguay,AD,2
Ethiopia,MT,2
Colombia,TJ,2
Luxembourg,VE,2
Honduras,JP,2
Zimbabwe,BE,2
Brunei,KZ,2
Albania,OM,2
Azerbaijan,CY,2
Zambia,FI,2
Taiwan,JM,2
Uruguay,MK,2
Malawi,UG,2
Slovakia,TZ,2
Bulgaria,UY,2
Madagascar,AR,2
Yemen,BR,2
Switzerland,VG,2
Burundi,GH,2
Ghana,QA,2
Cyprus,ZW,2
Pakistan,FJ,2
Myanmar,TZ,2
Thailand,BH,2
Uzbekistan,BG,2
Kosovo,QA,2
Palestine,NG,2
Tanzania,MT,2
Belgium,LI,2
Ethiopia,BJ,2
South Sudan,SE,2
Portugal,BZ,2
Costa Rica,DO,2
Mauritius,RS,2
Colombia,GY,2
Paraguay,UA,2
Fiji,TZ,2
Fiji,VN,2
China,RS,2
Kenya,BN,2
Cuba,HU,2
Germany,WS,2
Indonesia,ME,2
Norway,CG,2
Mauritania,AU,2
South Korea,GT,2
Paraguay,BW,2
Dominican Republic,NP,2
Bhutan,BJ,2
Serbia,CW,2
Kenya,HN,2
Vanuatu,DE,2
Mexico,MK,2
Ecuador,PH,2
Belgium,PW,2
Sri Lanka,AO,2
Lebanon,MW,2
Dominican Republic,SA,2
Georgia,UA,2
Trinidad and Tobago,NP,2
Nepal,GE,2
Kuwait,LY,2
Indonesia,NI,2
Guatemala,PF,2
South Africa,VI,2
Saudi Arabia,GD,2
Mauritius,FJ,2
Cameroon,CZ,2
Vanuatu,HK,2
Ecuador,EE,2
Romania,LK,2
Saudi Arabia,LU,2
Samoa,RU,2
Turkey,BM,2
Sri Lanka,AL,2
Malta,TW,2
Colombia,GU,2
Cameroon,BD,2
Montenegro,JO,2
Estonia,SS,2
Myanmar,RO,2
Australia,AO,2
Greece,CR,2
Poland,CD,2
Belgium,GD,2
Chile,TT,2
Myanmar,SA,2
Somalia,TN,2
Brazil,BZ,2
Cameroon,MZ,2
Bolivia,DZ,2
Czech Republic,QA,2
Germany,SR,2
Belgium,TO,2
Rwanda,VE,2
Turkey,SO,2
Guinea,PT,2
Austria,CG,2
Mexico,IM,2
Costa Rica,AL,2
Canada,KY,2
Serbia,GH,2
Nepal,LU,2
Zambia,IE,2
Portugal,ZM,2
San Marino,KE,2
Norway,SC,2
Taiwan,MZ,2
Lithuania,PE,2
Jamaica,BS,2
Lesotho,SG,2
Saint Kitts and Nevis,MY,2
Hungary,AL,2
Egypt,ZW,2
Trinidad and Tobago,MU,2
Qatar,SO,2
Bahrain,CH,2
Eswatini,ML,2
Fiji,ZM,2
Syria,DK,2
China,GA,2
Saudi Arabia,EC,2
Bosnia and Herzegovina,LT,2
South Korea,CW,2
Cameroon,CY,2
Nepal,EC,2
Senegal,NP,2
Afghanistan,KW,2
Bangladesh,NZ,2
Belize,HK,2
Tajikistan,VE,2
Bahamas,AE,2
Sweden,HN,2
Bahamas,LT,2
Bosnia and Herzegovina,TH,2
Cambodia,EE,2
Vietnam,MO,2
Zambia,MY,2
Mexico,LA,2
Tanzania,CG,2
Iraq,LK,2
Mozambique,HR,2
Liberia,LT,2
Mozambique,RO,2
Uganda,GN,2
Yemen,SG,2
Norway,ER,2
Mauritius,CY,2
Philippines,GM,2
Zimbabwe,EG,2
Uruguay,BA,2
Trinidad and Tobago,EG,2
India,PS,2
Mozambique,CG,2
Hungary,BM,2
San Marino,NZ,2
Thailand,LU,2
Palau,FJ,2
Benin,CL,2
Namibia,SG,2
Montenegro,PK,2
Mozambique,UY,2
South Korea,SY,2
Nicaragua,AE,2
Nepal,ME,2
Uganda,DO,2
Haiti,GP,2
Ecuador,LV,2
Brazil,DM,2
Czech Republic,PE,2
Taiwan,GT,2
Oman,TN,2
Qatar,SY,2
Russia,KW,2
Liechtenstein,NL,2
Bulgaria,KZ,2
Iran,MT,2
Taiwan,GP,2
Egypt,MT,2
Tunisia,MA,2
Portugal,BS,2
Ghana,OM,2
North Macedonia,KW,2
Latvia,AX,2
Kenya,MM,2
South Korea,MD,2
Guyana,LC,2
Ireland,NE,2
Myanmar,SK,2
Eswatini,PL,2
Bulgaria,AM,2
Montenegro,FI,2
Tonga,SG,2
Czech Republic,UY,2
South Africa,BZ,2
Timor Leste,ML,2
Cuba,CZ,2
Sweden,SJ,2
Ireland,VI,2
Samoa,CO,2
Tanzania,KH,2
South Africa,GE,2
Nauru,,2
Turkey,GW,2
Guatemala,BN,2
Ethiopia,SO,2
Morocco,PE,2
Kosovo,TZ,2
Costa Rica,JO,2
Georgia,SA,2
Albania,PL,2
Hungary,JO,2
France,AO,2
Cambodia,ML,2
Slovenia,PF,2
Estonia,CU,2
Mexico,NC,2
Poland,MR,2
Iraq,LU,2
Greece,CI,2
Madagascar,ES,2
South Korea,BS,2
Laos,UG,2
Venezuela,LT,2
Kosovo,NG,2
Ivory Coast,ET,2
New Zealand,AD,2
Sao Tome and Principe,BE,2
Rwanda,MZ,2
South Korea,CD,2
Singapore,NA,2
Japan,CW,2
Spain,SM,2
Luxembourg,MG,2
Jamaica,HR,2
Saudi Arabia,ZM,2
Norway,GA,2
Lebanon,OM,2
Bangladesh,AE,2
Ivory Coast,SA,2
Liberia,HK,2
Portugal,PY,2
Colombia,AG,2
Estonia,LA,2
Central African Republic,FJ,2
India,GW,2
Honduras,KE,2
Angola,CH,2
Bolivia,RW,2
Belgium,MQ,2
Iceland,AR,2
Timor Leste,GR,2
Mauritius,IS,2
Mozambique,SG,2
Ghana,PS,2
Trinidad and Tobago,VE,2
Brunei,CM,2
Benin,ET,2
Ukraine,UZ,2
Albania,TN,2
Eswatini,TW,2
Bulgaria,JE,2
Palau,NL,2
Latvia,GM,1
Taiwan,IQ,1
Eswatini,QA,1
Sweden,CV,1
Finland,MS,1
Tunisia,ZA,1
Slovakia,GD,1
Ethiopia,VE,1
Greece,SD,1
Australia,VC,1
Laos,IE,1
Ireland,MG,1
Papua New Guinea,DO,1
Dominican Republic,DZ,1
Zimbabwe,VN,1
Singapore,MD,1
El Salvador,ME,1
Sudan,SG,1
Belgium,TD,1
Poland,GM,1
Bolivia,JM,1
Philippines,FK,1
Indonesia,LA,1
Brazil,XK,1
Haiti,ET,1
Somalia,DZ,1
Solomon Islands,JP,1
Tanzania,BN,1
Botswana,UA,1
Nigeria,VE,1
North Macedonia,XK,1
Kazakhstan,SS,1
India,GI,1
Fiji,TO,1
Benin,UY,1
Cambodia,SY,1
Zambia,ID,1
Malawi,RS,1
Russia,PR,1
Croatia,GD,1
Bahamas,QA,1
Lebanon,NP,1
Argentina,AG,1
Jamaica,ZM,1
Lebanon,GU,1
Ethiopia,PR,1
India,BY,1
Bulgaria,GP,1
Cape Verde,MW,1
Barbados,PL,1
Belize,TW,1
Myanmar,PS,1
Cuba,SA,1
Madagascar,RE,1
Ethiopia,LV,1
Morocco,RE,1
Togo,NO,1
Philippines,MU,1
Iran,KZ,1
Australia,TD,1
Slovenia,ZM,1
South Africa,FK,1
Haiti,FI,1
Bolivia,VE,1
Luxembourg,ZW,1
Luxembourg,SS,1
Cuba,PR,1
Cape Verde,CR,1
Mexico,ER,1
Nauru,US,1
Croatia,CM,1
El Salvador,CI,1
Nigeria,GI,1
Oman,VE,1
Pakistan,LT,1
United Arab Emirates,RO,1
Tajikistan,ET,1
Seychelles,MU,1
Qatar,MW,1
EU,TL,1
Lebanon,LT,1
Greece,UZ,1
Tunisia,PL,1
Ireland,SO,1
Indonesia,BT,1
Canada,SR,1
Russia,AZ,1
Moldova,GM,1
Argentina,VG,1
Vietnam,EE,1
Uganda,TJ,1
Tajikistan,TR,1
Malta,BR,1
Vietnam,PT,1
Estonia,AF,1
Belize,SI,1
Tanzania,LA,1
Mauritius,ZW,1
Netherlands,SB,1
Czech Republic,TO,1
Somalia,HK,1
Vanuatu,TW,1
Panama,BI,1
Togo,MA,1
Cambodia,LA,1
Papua New Guinea,ER,1
Rwanda,JM,1
Barbados,AE,1
Sierra Leone,NZ,1
Sierra Leone,BJ,1
Croatia,SV,1
Dominican Republic,UG,1
Guinea,PK,1
Belize,MA,1
Malawi,BD,1
Romania,ML,1
Colombia,BS,1
Taiwan,GI,1
Cape Verde,BD,1
Lesotho,CH,1
Vietnam,BA,1
Malawi,GR,1
Luxembourg,JO,1
Guyana,IT,1
Kiribati,IT,1
Cyprus,PS,1
Tajikistan,PK,1
Bhutan,AZ,1
Bulgaria,CM,1
Cameroon,GN,1
Guyana,TR,1
Egypt,VE,1
Ireland,BM,1
Zimbabwe,GM,1
Burundi,SE,1
UK,SX,1
Ethiopia,LS,1
Somalia,CM,1
Guatemala,NG,1
Chad,IT,1
Moldova,PG,1
Lebanon,BJ,1
Malaysia,YE,1
Bosnia and Herzegovina,GH,1
France,MS,1
Burkina Faso,FI,1
Sierra Leone,UY,1
Malaysia,MD,1
Senegal,SS,1
Slovakia,TN,1
Djibouti,DZ,1
Paraguay,MN,1
Guyana,PL,1
Jamaica,IS,1
Mali,ML,1
Andorra,MX,1
Bangladesh,QA,1
Ivory Coast,PE,1
Vanuatu,CL,1
Panama,MQ,1
Sierra Leone,PT,1
Nepal,BA,1
Latvia,BA,1
Fiji,SG,1
Costa Rica,CI,1
Somalia,CZ,1
Maldives,JO,1
Ethiopia,DJ,1
Malawi,PS,1
Bulgaria,ET,1
Indonesia,GN,1
Luxembourg,UG,1
Bulgaria,CW,1
Zimbabwe,MX,1
Ukraine,SA,1
Argentina,SM,1
Brunei,TG,1
Cambodia,XK,1
Montenegro,IS,1
Slovenia,CF,1
Switzerland,VI,1
Maldives,PL,1
Portugal,CG,1
Jordan,CO,1
Myanmar,EE,1
Algeria,CA,1
Thailand,HT,1
Ethiopia,KZ,1
Uganda,CF,1
Paraguay,MW,1
Nepal,PG,1
Iraq,BO,1
Qatar,SL,1
Syria,IL,1
Chile,LS,1
United Arab Emirates,PH,1
Thailand,NE,1
Kuwait,LT,1
Jordan,YE,1
Palestine,KR,1
Mauritius,SS,1
Slovenia,KH,1
Iraq,MN,1
Burkina Faso,ET,1
Romania,RE,1
Senegal,ER,1
China,CR,1
Ghana,MG,1
Haiti,IL,1
Serbia,KG,1
Bosnia and Herzegovina,ID,1
China,RE,1
Peru,AG,1
Mauritius,MT,1
Ghana,PR,1
South Africa,XK,1
Egypt,NA,1
India,SN,1
Italy,ST,1
Myanmar,LT,1
Morocco,RS,1
Colombia,XK,1
Canada,YT,1
New Zealand,TJ,1
EU,KI,1
Ecuador,LU,1
Nicaragua,VN,1
Sri Lanka,MK,1
China,NP,1
Hungary,NP,1
Paraguay,MK,1
Turkey,DM,1
Philippines,MV,1
Benin,BH,1
Ivory Coast,UA,1
Iraq,BH,1
Fiji,TT,1
Nigeria,BY,1
Uruguay,LY,1
Uzbekistan,PT,1
Bhutan,MA,1
Paraguay,BA,1
Israel,MW,1
Denmark,GD,1
Romania,BJ,1
Sierra Leone,ID,1
Lesotho,IL,1
Cape Verde,ID,1
Kuwait,TC,1
Costa Rica,ZM,1
Samoa,FI,1
Eswatini,GR,1
Serbia,OM,1
Chile,UZ,1
Kyrgyzstan,BD,1
Botswana,CG,1
Honduras,FI,1
Cambodia,BB,1
Ivory Coast,PH,1
Mongolia,MO,1
Singapore,KY,1
Italy,ER,1
India,MD,1
Austria,MD,1
Singapore,CF,1
Iran,KH,1
Kazakhstan,AE,1
Cameroon,CG,1
Senegal,PL,1
Sudan,IE,1
Albania,LB,1
Sao Tome and Principe,SE,1
Sao Tome and Principe,AT,1
Hungary,GH,1
Belgium,GA,1
Malaysia,ME,1
Qatar,BA,1
Bosnia and Herzegovina,MX,1
EU,VI,1
Trinidad and Tobago,BW,1
Singapore,MG,1
Sri Lanka,BJ,1
Cambodia,BN,1
Canada,LC,1
South Sudan,AU,1
Slovenia,SN,1
Kiribati,MT,1
Senegal,MT,1
Greece,ZM,1
South Korea,GY,1
Trinidad and Tobago,KE,1
Serbia,VG,1
Papua New Guinea,AE,1
Kenya,VU,1
Senegal,AE,1
Sudan,ES,1
Bahamas,GR,1
Mauritania,MX,1
South Africa,AO,1
Finland,SC,1
Slovenia,JM,1
Germany,AW,1
Czech Republic,CG,1
Syria,HK,1
Israel,LY,1
Australia,DJ,1
Peru,BT,1
Ireland,BF,1
Ecuador,GT,1
Israel,BA,1
Guatemala,MQ,1
Brazil,SC,1
Uzbekistan,CO,1
Finland,BT,1
Slovakia,TT,1
Papua New Guinea,TT,1
Hungary,KZ,1
Israel,KZ,1
Sudan,PA,1
China,NA,1
Luxembourg,MV,1
Netherlands,ST,1
Trinidad and Tobago,SK,1
Serbia,HN,1
Honduras,PE,1
Democratic Republic Of The Congo,AU,1
Sweden,RE,1
Honduras,TH,1
Palau,IN,1
Canada,TD,1
China,MM,1
Uganda,TL,1
Paraguay,MD,1
Bosnia and Herzegovina,ME,1
Italy,AG,1
Kenya,KY,1
Sierra Leone,TW,1
Argentina,HN,1
Qatar,FJ,1
Nepal,SO,1
Cambodia,TN,1
Togo,AR,1
Albania,ID,1
Hungary,SA,1
Japan,PG,1
Bahrain,RU,1
Iceland,GW,1
Maldives,PH,1
Haiti,SG,1
Ireland,PY,1
Romania,CI,1
Qatar,VC,1
Sri Lanka,AZ,1
Costa Rica,RE,1
Cameroon,BW,1
Guatemala,LI,1
Georgia,FJ,1
EU,GY,1
Chile,AS,1
Ghana,LY,1
Tanzania,SC,1
Niger,ES,1
Brunei,KH,1
Morocco,VE,1
Morocco,TZ,1
Russia,GH,1
Taiwan,VI,1
Czech Republic,JO,1
Cuba,LT,1
Guatemala,CZ,1
Azerbaijan,SI,1
Burkina Faso,BB,1
Thailand,GP,1
Malta,BG,1
Norway,PW,1
Russia,SL,1
Cape Verde,JM,1
Montenegro,MK,1
Saudi Arabia,ME,1
Estonia,CD,1
Pakistan,PR,1
Iraq,KH,1
Fiji,JO,1
Ecuador,DO,1
Uzbekistan,LV,1
Jamaica,EG,1
Gambia,CI,1
Russia,BO,1
Kosovo,OM,1
Namibia,KW,1
Singapore,NC,1
Bangladesh,JM,1
Bhutan,KN,1
Greece,MN,1
Japan,TG,1
Maldives,BS,1
Mauritius,LU,1
Uruguay,AZ,1
Uruguay,SD,1
Kosovo,PH,1
UK,SB,1
El Salvador,ML,1
Portugal,SX,1
China,PR,1
Andorra,CL,1
Gambia,MY,1
Sierra Leone,GY,1
Romania,MM,1
Switzerland,SZ,1
Greece,NI,1
San Marino,KR,1
South Sudan,BD,1
Qatar,KZ,1
Thailand,AF,1
Liechtenstein,GB,1
Kosovo,TH,1
Armenia,IQ,1
Peru,ER,1
Finland,AO,1
Syria,KR,1
Taiwan,BH,1
Syria,AT,1
El Salvador,BH,1
Kenya,SZ,1
Mozambique,AO,1
Laos,FI,1
Democratic Republic Of The Congo,LV,1
Zambia,MA,1
Taiwan,JE,1
Paraguay,UZ,1
Denmark,TO,1
Qatar,ZM,1
Uruguay,UZ,1
Iraq,SI,1
Jamaica,NC,1
South Africa,GQ,1
Zimbabwe,FJ,1
Kenya,SO,1
Guatemala,FI,1
Burkina Faso,CG,1
Dominican Republic,TT,1
Jamaica,MW,1
Cyprus,PR,1
Uzbekistan,BF,1
Palestine,BR,1
Iran,BH,1
Dominican Republic,GE,1
Sri Lanka,LS,1
Slovenia,GU,1
Belarus,AT,1
Japan,BZ,1
Costa Rica,ML,1
Cyprus,CU,1
Laos,PK,1
Vanuatu,MK,1
El Salvador,NP,1
Cape Verde,ZM,1
Cape Verde,TW,1
Iceland,BW,1
Honduras,TT,1
Bosnia and Herzegovina,CO,1
Cyprus,LV,1
Uruguay,SN,1
Turkey,NA,1
Benin,SI,1
Philippines,GD,1
Bulgaria,GE,1
Pakistan,JM,1
Sao Tome and Principe,PL,1
Burundi,TN,1
Sudan,FI,1
Greece,NP,1
Micronesia,BR,1
Malta,KR,1
Philippines,SJ,1
Burundi,PK,1
Sudan,ET,1
Kuwait,KZ,1
China,SO,1
Sri Lanka,ME,1
South Africa,SC,1
Malaysia,BJ,1
Portugal,GD,1
Jamaica,PY,1
Chile,BH,1
Bolivia,LT,1
Argentina,AF,1
South Korea,NU,1
Slovenia,BH,1
Guinea,GF,1
Greece,KW,1
Egypt,CR,1
North Macedonia,KE,1
San Marino,CN,1
Ukraine,RS,1
Samoa,NG,1
Sierra Leone,LK,1
Suriname,KR,1
China,GY,1
Latvia,ZM,1
Lesotho,NG,1
Syria,TH,1
Jordan,AR,1
Nigeria,BO,1
Micronesia,DE,1
Egypt,PY,1
Guatemala,RW,1
Nepal,VE,1
Austria,PY,1
Nigeria,PG,1
Andorra,MY,1
Sweden,TG,1
Sierra Leone,LB,1
Taiwan,MK,1
Cape Verde,CU,1
Iceland,RW,1
Georgia,CI,1
Lesotho,MO,1
Egypt,TL,1
Malta,RO,1
Zambia,LK,1
Palestine,HK,1
China,BY,1
Russia,BA,1
North Macedonia,PA,1
Micronesia,BE,1
Russia,GL,1
Switzerland,TJ,1
Malta,PH,1
Maldives,KG,1
Bangladesh,CO,1
Montenegro,BA,1
Argentina,ZW,1
Myanmar,MA,1
Moldova,LB,1
Trinidad and Tobago,VG,1
South Sudan,KW,1
Syria,NG,1
Nicaragua,IQ,1
South Africa,SV,1
Qatar,VE,1
Guatemala,PL,1
Oman,LC,1
Sweden,PW,1
Panama,ET,1
Jordan,KW,1
Kenya,ME,1
Ethiopia,KW,1
Myanmar,NA,1
Nepal,UZ,1
Afghanistan,LK,1
Egypt,NI,1
Bahamas,DK,1
Yemen,NO,1
New Zealand,PY,1
Bahamas,JM,1
Poland,MM,1
Slovenia,GM,1
Trinidad and Tobago,BN,1
Jordan,MN,1
Ukraine,MK,1
Vanuatu,ID,1
EU,FM,1
Myanmar,JM,1
Bahamas,LK,1
Chile,RE,1
Mexico,HT,1
Sri Lanka,TZ,1
Kuwait,UZ,1
Eswatini,LK,1
Togo,PT,1
Singapore,BZ,1
Cambodia,PA,1
Kiribati,CN,1
Saint Kitts and Nevis,PK,1
Philippines,DO,1
Burkina Faso,NL,1
Czech Republic,MT,1
Kazakhstan,BI,1
Italy,MQ,1
Slovakia,MQ,1
Ivory Coast,PA,1
Paraguay,JM,1
Democratic Republic Of The Congo,NO,1
Qatar,CU,1
Slovakia,BT,1
Barbados,TT,1
Oman,MN,1
Vietnam,IQ,1
Hungary,CO,1
Moldova,CU,1
Serbia,AF,1
Papua New Guinea,BS,1
Egypt,LY,1
Cuba,ID,1
Bolivia,MK,1
Zambia,MD,1
Dominican Republic,SK,1
Brunei,SI,1
Saint Kitts and Nevis,SS,1
South Africa,HN,1
Saudi Arabia,YE,1
Mauritius,MV,1
Qatar,MM,1
Angola,AR,1
South Africa,GD,1
Poland,SO,1
Cambodia,AF,1
France,TO,1
Barbados,MR,1
Lesotho,SK,1
Andorra,CO,1
Seychelles,PA,1
Indonesia,GP,1
Zambia,CO,1
Slovenia,CR,1
Malawi,TW,1
Papua New Guinea,CY,1
Lebanon,KH,1
Iran,EE,1
Russia,LY,1
Sierra Leone,BF,1
Qatar,AZ,1
India,UY,1
Honduras,CY,1
Senegal,CD,1
Mauritius,BB,1
Israel,AZ,1
Thailand,RW,1
Bangladesh,YE,1
Ukraine,UY,1
South Africa,ST,1
Vietnam,AZ,1
Kyrgyzstan,VE,1
Lesotho,RO,1
Oman,AR,1
Australia,TG,1
Eswatini,CO,1
Kyrgyzstan,SI,1
Angola,MX,1
Marshall Islands,ES,1
Morocco,HR,1
Malawi,MY,1
Kosovo,CD,1
Cape Verde,TZ,1
Armenia,NO,1
Afghanistan,MM,1
Kuwait,JM,1
Russia,PY,1
Bahamas,CU,1
Madagascar,SN,1
Norway,PY,1
Seychelles,HK,1
Kosovo,GF,1
Azerbaijan,DK,1
Portugal,MC,1
Kuwait,SZ,1
Uganda,GU,1
El Salvador,PS,1
Rwanda,NC,1
Mexico,CG,1
Suriname,AT,1
Mauritius,AM,1
Kyrgyzstan,HR,1
Kuwait,TZ,1
Somalia,BG,1
Singapore,SL,1
Taiwan,CR,1
Nicaragua,JM,1
Argentina,PF,1
Malaysia,LC,1
Kuwait,VE,1
Spain,CF,1
Egypt,GM,1
Tonga,NO,1
Sao Tome and Principe,IL,1
Moldova,ZM,1
Zambia,TD,1
Lebanon,HU,1
North Macedonia,MT,1
South Africa,AF,1
Tunisia,IE,1
Kuwait,ZM,1
Burundi,JO,1
Kuwait,PR,1
Qatar,IS,1
Ivory Coast,PK,1
Nigeria,EC,1
Cuba,KW,1
Mali,JP,1
Finland,KG,1
North Macedonia,SS,1
Barbados,AG,1
Uruguay,BF,1
Croatia,OM,1
Brunei,KY,1
Kenya,CV,1
Sri Lanka,SD,1
Syria,TT,1
Netherlands,FO,1
North Macedonia,FO,1
Belize,MW,1
Moldova,TZ,1
Kazakhstan,TH,1
Singapore,MN,1
Gambia,JP,1
Nepal,BM,1
Uganda,KN,1
Indonesia,ER,1
Zambia,HU,1
Afghanistan,TZ,1
Palau,PH,1
Jamaica,CR,1
Iraq,HR,1
Maldives,OM,1
Nigeria,ML,1
Kosovo,UA,1
Ivory Coast,AE,1
Brunei,IS,1
Ireland,KN,1
Serbia,GD,1
Georgia,MD,1
Uruguay,IQ,1
Laos,TR,1
Ireland,RE,1
Nigeria,GM,1
Germany,SM,1
Iceland,FO,1
Fiji,ER,1
India,BA,1
Jamaica,QA,1
Bolivia,VN,1
Indonesia,PF,1
Peru,AL,1
Kyrgyzstan,BF,1
Uzbekistan,MA,1
Turkey,LS,1
Syria,IE,1
Vanuatu,BD,1
Israel,BY,1
Taiwan,PG,1
Jamaica,BA,1
Uganda,RE,1
Zambia,IQ,1
Belize,PT,1
New Zealand,JE,1
Zambia,TZ,1
Australia,TC,1
Myanmar,VE,1
Norway,JE,1
Malawi,BF,1
Mexico,GE,1
India,BO,1
Israel,JM,1
Costa Rica,EE,1
Syria,IN,1
Austria,IM,1
Burkina Faso,AT,1
Denmark,SY,1
Kiribati,SK,1
Sierra Leone,TZ,1
Czech Republic,AE,1
Thailand,KP,1
Latvia,YE,1
Paraguay,CV,1
Lithuania,SI,1
Ivory Coast,PL,1
Mexico,XK,1
Australia,KI,1
Singapore,GU,1
Angola,UY,1
Vanuatu,BO,1
Serbia,SS,1
Kazakhstan,SG,1
Bangladesh,CL,1
Indonesia,LR,1
Azerbaijan,MY,1
Peru,AF,1
Croatia,GE,1
Guatemala,ET,1
Andorra,LK,1
Peru,SC,1
Malaysia,GU,1
Nepal,MG,1
Guinea,RO,1
Uruguay,YE,1
Belgium,JE,1
Brunei,CI,1
Austria,NI,1
China,SD,1
Kyrgyzstan,IS,1
Portugal,AF,1
Belize,BD,1
Mongolia,PA,1
Sierra Leone,DK,1
Nicaragua,CI,1
Tanzania,AL,1
Poland,ME,1
Democratic Republic Of The Congo,JM,1
Iceland,ER,1
Sudan,ZW,1
Uzbekistan,HU,1
Brunei,YE,1
Lithuania,MA,1
China,CU,1
Bosnia and Herzegovina,TZ,1
Serbia,MT,1
Angola,EC,1
Brazil,SX,1
Iraq,CL,1
Guatemala,DO,1
Jamaica,RS,1
Sudan,PK,1
Costa Rica,VU,1
Georgia,LV,1
Serbia,DO,1
Zimbabwe,RU,1
Ukraine,MU,1
Laos,IQ,1
Iran,XK,1
Seychelles,TW,1
Rwanda,UA,1
Taiwan,TT,1
China,DZ,1
Papua New Guinea,WS,1
Iraq,ET,1
Malawi,IL,1
Mauritania,ET,1
Cyprus,MZ,1
Japan,FK,1
Papua New Guinea,NC,1
Malaysia,NE,1
Georgia,DO,1
Sierra Leone,HK,1
Portugal,DJ,1
Papua New Guinea,QA,1
Somalia,CR,1
Hungary,UG,1
Netherlands,MD,1
United Arab Emirates,SI,1
Sri Lanka,ZW,1
Egypt,CG,1
Cameroon,SN,1
Switzerland,PF,1
Belgium,KG,1
Guinea,BH,1
Burundi,JP,1
Netherlands,CV,1
New Zealand,SY,1
Algeria,MR,1
Poland,LI,1
Mauritius,LT,1
Kosovo,GH,1
Japan,AO,1
Indonesia,MD,1
Portugal,ME,1
China,GW,1
Iceland,TZ,1
Barbados,KW,1
Vanuatu,SK,1
Namibia,CY,1
Egypt,MQ,1
Japan,KG,1
Taiwan,CG,1
Paraguay,SS,1
Tajikistan,QA,1
Colombia,NA,1
Tanzania,SO,1
Norway,MP,1
Israel,TN,1
Sudan,LK,1
Italy,NI,1
Dominican Republic,QA,1
Ecuador,AZ,1
Argentina,BY,1
Burundi,NA,1
Georgia,CM,1
Saint Kitts and Nevis,NO,1
Israel,DZ,1
Egypt,BB,1
Belize,IE,1
Spain,SJ,1
Honduras,BO,1
Chile,KG,1
Brazil,BM,1
Belgium,AO,1
Croatia,CR,1
Guatemala,VE,1
Togo,BG,1
Bulgaria,SR,1
Netherlands,GY,1
New Zealand,MQ,1
Botswana,ZM,1
Uganda,MV,1
Mozambique,IM,1
Tunisia,NZ,1
Czech Republic,SN,1
Sierra Leone,CM,1
Vietnam,KE,1
El Salvador,NE,1
Bhutan,BS,1
Finland,WS,1
Morocco,UG,1
Burundi,AU,1
Cameroon,ZM,1
Cape Verde,IL,1
Laos,MA,1
Guinea-Bissau,GW,1
Philippines,ME,1
Eswatini,AE,1
Barbados,DM,1
Slovenia,OM,1
Chile,MQ,1
Nigeria,UA,1
China,MT,1
Armenia,TR,1
Spain,ER,1
Azerbaijan,TN,1
Sao Tome and Principe,CO,1
Iraq,CM,1
Kosovo,MX,1
Chile,HT,1
Sri Lanka,MT,1
Argentina,KZ,1
Zimbabwe,HK,1
Oman,NE,1
Barbados,VN,1
Seychelles,CL,1
Panama,LK,1
UK,NU,1
Algeria,AT,1
Sao Tome and Principe,HU,1
Georgia,SS,1
Syria,NZ,1
Rwanda,GT,1
Singapore,AG,1
Albania,IE,1
Dominican Republic,KW,1
Uruguay,CW,1
Namibia,BB,1
Jamaica,CY,1
United Arab Emirates,HR,1
Mozambique,RS,1
Chile,BN,1
Belgium,BS,1
Dominican Republic,BD,1
Solomon Islands,CY,1
Egypt,CD,1
Trinidad and Tobago,VI,1
Togo,CY,1
Singapore,KG,1
Gambia,BE,1
Dominican Republic,PY,1
Lesotho,PT,1
Montenegro,BG,1
Zambia,RW,1
Maldives,PW,1
Chile,VG,1
Syria,RS,1
Sri Lanka,GW,1
Czech Republic,VE,1
Uruguay,AL,1
Dominican Republic,NI,1
Zimbabwe,PK,1
Tonga,IT,1
Ethiopia,LU,1
Benin,HK,1
Armenia,FI,1
Ethiopia,MV,1
Mozambique,NZ,1
Chile,LA,1
Samoa,FR,1
Somalia,GR,1
Guinea,ML,1
Kuwait,PF,1
Hungary,AE,1
Israel,ET,1
Kosovo,BA,1
Sierra Leone,PK,1
Ghana,AM,1
Ethiopia,GF,1
Romania,AE,1
Spain,AW,1
Nepal,MZ,1
Hungary,GW,1
Mozambique,BJ,1
South Sudan,UA,1
Bahamas,TN,1
Brunei,PA,1
Egypt,NE,1
Colombia,YE,1
United Arab Emirates,LV,1
Singapore,VA,1
Syria,LT,1
Madagascar,ZA,1
Vanuatu,OM,1
Lesotho,PS,1
Guatemala,KH,1
Burundi,TZ,1
Czech Republic,MG,1
Bosnia and Herzegovina,AE,1
South Africa,MM,1
Turkey,FO,1
China,MZ,1
Malaysia,HT,1
Pakistan,PL,1
Ireland,AX,1
Myanmar,DO,1
Ecuador,YE,1
Philippines,MD,1
Uruguay,RW,1
Sri Lanka,AF,1
Burkina Faso,ID,1
Serbia,KH,1
Spain,SC,1
Eswatini,TR,1
Cuba,TH,1
Fiji,KZ,1
Jamaica,MQ,1
Montenegro,RO,1
Malawi,PK,1
Burundi,CA,1
Papua New Guinea,EE,1
Costa Rica,XK,1
Tajikistan,GH,1
Norway,AG,1
Netherlands,LS,1
Iceland,DJ,1
Serbia,FJ,1
Malaysia,BT,1
Serbia,MM,1
Guinea,TG,1
Cape Verde,RW,1
Thailand,UZ,1
Maldives,IM,1
Turkey,GD,1
Kuwait,AL,1
Peru,CI,1
Qatar,PF,1
Dominican Republic,BO,1
Iraq,KE,1
Russia,MU,1
El Salvador,GT,1
Georgia,TN,1
Cyprus,UG,1
Azerbaijan,DZ,1
Cameroon,MG,1
Finland,VU,1
Afghanistan,BW,1
Uganda,XK,1
Dominican Republic,RE,1
Philippines,BM,1
Mexico,PS,1
Mozambique,BO,1
Ethiopia,AM,1
Netherlands,FM,1
Russia,BG,1
Portugal,UZ,1
Ukraine,PH,1
Guinea,BA,1
Malaysia,LU,1
Mongolia,IQ,1
Ivory Coast,SI,1
Argentina,NA,1
Israel,GW,1
Angola,SE,1
Paraguay,JO,1
Belgium,GF,1
Tajikistan,NZ,1
Saint Kitts and Nevis,JP,1
Maldives,MW,1
Singapore,BS,1
Peru,MM,1
Ivory Coast,TZ,1
Croatia,BD,1
Philippines,GY,1
Hungary,TN,1
Gambia,IL,1
Italy,GU,1
Papua New Guinea,GL,1
Benin,JO,1
Peru,UZ,1
Andorra,TR,1
Somalia,NP,1
Austria,MV,1
Sri Lanka,DZ,1
Sao Tome and Principe,MG,1
Turkey,KP,1
Ghana,SY,1
Fiji,PR,1
Ethiopia,RO,1
Panama,JM,1
Uruguay,GP,1
Greece,MQ,1
Sao Tome and Principe,CA,1
Austria,BT,1
Zimbabwe,CM,1
Qatar,SS,1
South Africa,SO,1
Singapore,GE,1
Seychelles,NA,1
Uruguay,MC,1
Uganda,KG,1
Andorra,PL,1
Namibia,KR,1
Lithuania,JO,1
Bahamas,PK,1
Japan,TO,1
Portugal,YE,1
Mexico,LY,1
Fiji,RU,1
Benin,BR,1
Myanmar,CM,1
Cyprus,GW,1
Nigeria,OM,1
Cape Verde,PL,1
Romania,LI,1
Russia,UA,1
Luxembourg,MK,1
Burkina Faso,ML,1
USA,AX,1
Maldives,NP,1
Guinea,LY,1
Romania,AF,1
Kyrgyzstan,CW,1
Portugal,MD,1
Bhutan,GE,1
Ivory Coast,LK,1
Guyana,EG,1
Guatemala,JM,1
Pakistan,TN,1
Bhutan,GN,1
Cape Verde,PK,1
Algeria,SG,1
Nigeria,TT,1
Bahrain,FI,1
Vietnam,DZ,1
Tanzania,TD,1
Thailand,FJ,1
Ecuador,IS,1
Mozambique,PS,1
Kyrgyzstan,UG,1
Mozambique,KW,1
Slovakia,PS,1
Somalia,NZ,1
Cyprus,MT,1
Taiwan,KG,1
Lithuania,MS,1
Barbados,LT,1
Cyprus,AE,1
Bangladesh,KE,1
Serbia,YE,1
Kenya,PA,1
Zambia,CM,1
Guinea,SL,1
Brunei,MC,1
Mauritius,VI,1
Austria,BB,1
Andorra,HK,1
Slovenia,GT,1
Bangladesh,CM,1
Ireland,BT,1
Taiwan,BS,1
Nigeria,HT,1
Ukraine,XK,1
Oman,SK,1
Trinidad and Tobago,BH,1
Portugal,NA,1
Micronesia,TW,1
Maldives,RE,1
Chile,TO,1
Uruguay,ST,1
Philippines,KY,1
Russia,CY,1
Malaysia,KG,1
Peru,BM,1
Sweden,BS,1
Lebanon,AF,1
Suriname,IR,1
Luxembourg,EC,1
Mexico,BZ,1
Vanuatu,NL,1
Cameroon,MA,1
Honduras,IR,1
Tanzania,MM,1
Pakistan,AE,1
Sierra Leone,TR,1
Trinidad and Tobago,YT,1
Belarus,IR,1
Cameroon,LK,1
Cambodia,MA,1
Kazakhstan,EE,1
Ireland,FK,1
Mexico,SL,1
Estonia,GM,1
Libya,,1
Egypt,BI,1
India,LU,1
Somalia,EG,1
Dominican Republic,EE,1
El Salvador,MU,1
Sao Tome and Principe,DK,1
Austria,GN,1
Rwanda,SY,1
Vanuatu,MO,1
Lesotho,GR,1
Gambia,DE,1
Iceland,MA,1
Moldova,MZ,1
Morocco,AL,1
Liechtenstein,IL,1
Greece,LU,1
Barbados,PG,1
Cambodia,BY,1
Czech Republic,NA,1
Suriname,BD,1
Mauritius,NC,1
New Zealand,XK,1
Qatar,MT,1
Albania,UA,1
Netherlands,TJ,1
Brazil,DJ,1
Andorra,MC,1
Australia,SM,1
Qatar,GD,1
Russia,BN,1
Costa Rica,CD,1
Pakistan,BW,1
Ivory Coast,TW,1
Greece,CG,1
Belgium,SM,1
Bhutan,LA,1
Zimbabwe,TR,1
Senegal,KW,1
Fiji,CU,1
Jamaica,MO,1
Czech Republic,LK,1
Nepal,GP,1
Germany,TC,1
Estonia,CR,1
Montenegro,PH,1
Thailand,YE,1
Guyana,QA,1
Cyprus,RW,1
Denmark,JE,1
Bulgaria,PG,1
Ecuador,KH,1
United Arab Emirates,TZ,1
Seychelles,TZ,1
Brunei,ER,1
Palau,MX,1
Georgia,HN,1
Jamaica,CD,1
Montenegro,CY,1
El Salvador,BN,1
Uruguay,SV,1
Lebanon,ZW,1
South Korea,KG,1
Suriname,PT,1
Trinidad and Tobago,PW,1
Estonia,GU,1
China,SS,1
Moldova,CM,1
Argentina,SD,1
Honduras,NI,1
Azerbaijan,PK,1
Pakistan,DO,1
Belize,OM,1
Bangladesh,ET,1
Gambia,FI,1
Kosovo,UY,1
Kiribati,NC,1
Bahamas,BE,1
Gambia,TR,1
El Salvador,UA,1
Burkina Faso,BD,1
Bhutan,OM,1
UK,DM,1
Palau,NZ,1
Botswana,MA,1
Maldives,QA,1
Palestine,NO,1
Slovenia,GE,1
Sweden,MQ,1
Lithuania,CM,1
Burkina Faso,MX,1
Oman,PH,1
Senegal,ML,1
Malta,ID,1
Croatia,UY,1
China,CM,1
Laos,CO,1
Bulgaria,MK,1
Palau,EE,1
Nicaragua,AL,1
Kiribati,KI,1
Oman,RO,1
Bhutan,BN,1
Palestine,AZ,1
Bahrain,JO,1
Peru,SD,1
Andorra,AD,1
Slovakia,MA,1
Poland,MU,1
Malawi,PH,1
Latvia,GT,1
Barbados,LV,1
Ivory Coast,EC,1
Venezuela,BF,1
Georgia,GN,1
Micronesia,PG,1
Taiwan,CW,1
Ireland,ER,1
Chile,GD,1
Timor Leste,AR,1
Japan,ER,1
Romania,AG,1
Myanmar,OM,1
Benin,PE,1
Kenya,UA,1
Armenia,LU,1
China,NE,1
Thailand,GM,1
Sweden,AW,1
Bhutan,RW,1
Chile,FO,1
Andorra,IN,1
Canada,SM,1
Armenia,UA,1
Samoa,NO,1
Venezuela,KH,1
Bulgaria,AZ,1
Myanmar,XK,1
Kosovo,NA,1
Belize,ZA,1
Slovenia,RW,1
Kenya,KG,1
Bhutan,TN,1
United Arab Emirates,LY,1
Thailand,GL,1
South Africa,LY,1
Thailand,GU,1
Brazil,KN,1
South Sudan,CH,1
Kyrgyzstan,IE,1
Ivory Coast,GR,1
Tajikistan,TW,1
Afghanistan,KR,1
Democratic Republic Of The Congo,ES,1
Morocco,SK,1
Andorra,SG,1
Lithuania,MO,1
Georgia,PH,1
Philippines,KN,1
Pakistan,CY,1
Maldives,FJ,1
Iran,DO,1
Austria,MC,1
Zambia,AT,1
Moldova,HT,1
Mauritius,TZ,1
Senegal,LK,1
Guyana,SI,1
Yemen,ES,1
Spain,VG,1
Afghanistan,BG,1
Samoa,LK,1
Chile,MZ,1
Iceland,BZ,1
Sudan,GR,1
Bulgaria,BY,1
Taiwan,GW,1
San Marino,NO,1
Ecuador,SR,1
Ecuador,GH,1
Iceland,CR,1
Malta,LV,1
Zambia,PH,1
Tonga,OM,1
Australia,MS,1
Democratic Republic Of The Congo,BG,1
Mexico,FJ,1
Belize,CM,1
Somalia,IQ,1
Mongolia,ID,1
Nigeria,GQ,1
Andorra,MV,1
Bahrain,NL,1
Sao Tome and Principe,ML,1
Fiji,ID,1
Qatar,LA,1
Argentina,PG,1
Senegal,ZM,1
Japan,MZ,1
Gambia,NE,1
Israel,CD,1
Samoa,SA,1
Tanzania,EE,1
Solomon Islands,BE,1
Qatar,GT,1
Kazakhstan,AZ,1
Czech Republic,NP,1
Netherlands,WS,1
Netherlands,VI,1
Fiji,BZ,1
Djibouti,US,1
Turkey,SM,1
Botswana,EG,1
Bulgaria,VE,1
Nigeria,PF,1
Czech Republic,MW,1
Mauritius,SD,1
Morocco,KG,1
Israel,BN,1
Myanmar,TT,1
Russia,DZ,1
Norway,HN,1
EU,MP,1
Indonesia,LY,1
Benin,TH,1
Honduras,HU,1
Honduras,KZ,1
Moldova,AM,1
Kuwait,BN,1
Guinea,RU,1
Madagascar,IN,1
El Salvador,MT,1
Honduras,DK,1
Uzbekistan,TH,1
Lithuania,MV,1
Philippines,AS,1
New Zealand,RW,1
Uruguay,BI,1
Bosnia and Herzegovina,LU,1
Zambia,PE,1
Mauritius,BF,1
Bahrain,TH,1
Malaysia,SV,1
Bosnia and Herzegovina,NG,1
Turkey,HT,1
Switzerland,HT,1
Singapore,GD,1
Mauritania,TH,1
India,SS,1
Samoa,MY,1
Cyprus,OM,1
Ireland,AF,1
Guyana,LB,1
Russia,ZW,1
Guatemala,UY,1
Malaysia,LI,1
Argentina,PS,1
Barbados,HR,1
San Marino,CU,1
Azerbaijan,ES,1
Democratic Republic Of The Congo,IE,1
Fiji,PE,1
Laos,PE,1
Tajikistan,PL,1
Honduras,SV,1
Mozambique,IL,1
Kosovo,UG,1
Togo,MY,1
Hungary,EC,1
Morocco,EE,1
Montenegro,CL,1
Belize,JP,1
Russia,ZM,1
Iran,CI,1
Slovakia,DO,1
Singapore,GY,1
Chile,SD,1
China,MN,1
Nepal,ML,1
Monaco,US,1
Portugal,XK,1
Hungary,VN,1
Burundi,RO,1
Austria,YE,1
Slovakia,CW,1
Vanuatu,FJ,1
Iran,ME,1
South Africa,BN,1
Kyrgyzstan,QA,1
Trinidad and Tobago,ET,1
Taiwan,AZ,1
Cuba,SI,1
Barbados,BW,1
Ghana,BY,1
Andorra,IR,1
India,GY,1
Portugal,BI,1
Burkina Faso,BR,1
Zambia,QA,1
Lithuania,RS,1
Australia,TM,1
Trinidad and Tobago,AF,1
Panama,GE,1
Burundi,CY,1
Laos,PH,1
Turkey,IM,1
Lithuania,MK,1
Panama,PH,1
Montenegro,ZM,1
Spain,SR,1
Yemen,GR,1
Nigeria,GA,1
Algeria,GB,1
Kuwait,UY,1
Mozambique,JO,1
Pakistan,VN,1
Guinea,IL,1
Haiti,ZW,1
Burundi,IE,1
Qatar,LT,1
Tonga,FR,1
Eswatini,ID,1
IGO,VA,1
Chile,SN,1
Saudi Arabia,LY,1
Sri Lanka,UY,1
Ethiopia,ME,1
Oman,CU,1
Micronesia,NL,1
Djibouti,PK,1
Russia,CU,1
New Zealand,FM,1
Netherlands,GN,1
Georgia,NP,1
Mauritius,BW,1
Afghanistan,EE,1
Gambia,IR,1
Austria,MM,1
Mauritania,AR,1
Belarus,HK,1
Pakistan,ML,1
Pakistan,MK,1
Uruguay,RE,1
Turkey,WS,1
Tanzania,BG,1
Nigeria,SN,1
Uzbekistan,EG,1
Bolivia,IS,1
India,FM,1
Jamaica,CI,1
Albania,KZ,1
Ukraine,IS,1
Mexico,GD,1
Georgia,QA,1
Cuba,JM,1
Estonia,FO,1
Tajikistan,FI,1
Ecuador,SY,1
Barbados,DZ,1
Maldives,SV,1
Brazil,VG,1
Sri Lanka,PY,1
Ukraine,SD,1
Finland,HN,1
Fiji,BB,1
Ukraine,LB,1
Nicaragua,EE,1
Sao Tome and Principe,IE,1
Mauritius,MC,1
Iceland,BG,1
Malaysia,MG,1
Tunisia,KE,1
Sri Lanka,BO,1
Bolivia,HR,1
Tanzania,SM,1
Singapore,SO,1
Eswatini,EE,1
Estonia,RW,1
Finland,GP,1
Kuwait,BA,1
Nepal,SR,1
Kazakhstan,ZA,1
Burundi,NL,1
Singapore,JM,1
Indonesia,AM,1
Switzerland,VU,1
Kenya,PY,1
Brunei,MN,1
Kazakhstan,AF,1
Tunisia,PK,1
Indonesia,CD,1
Algeria,MA,1
South Africa,BI,1
Sierra Leone,GR,1
Angola,CO,1
Zambia,NZ,1
Mauritania,BJ,1
Israel,RS,1
Hungary,IR,1
Ghana,LV,1
Montenegro,TW,1
Vietnam,GR,1
Japan,FM,1
Burkina Faso,ZA,1
Uganda,SO,1
Madagascar,MN,1
Costa Rica,LB,1
Malawi,FR,1
Uruguay,MW,1
India,BM,1
Eswatini,EC,1
Guinea,FI,1
South Sudan,LB,1
Latvia,GU,1
Myanmar,SR,1
Nepal,CR,1
Belize,RU,1
Azerbaijan,GH,1
Haiti,TR,1
Russia,MG,1
Senegal,RW,1
Afghanistan,EC,1
Angola,JP,1
Liberia,CU,1
Malawi,MX,1
South Africa,BT,1
Lesotho,UG,1
Mauritius,SC,1
Uganda,ME,1
Vanuatu,JM,1
Laos,NG,1
Bhutan,MM,1
Lithuania,BA,1
Ethiopia,MM,1
Togo,BF,1
Slovenia,PR,1
Trinidad and Tobago,UG,1
Sweden,TJ,1
Dominican Republic,TN,1
Belize,IS,1
Austria,KH,1
Ireland,LS,1
Rwanda,KH,1
Burundi,PH,1
Venezuela,ZW,1
Kazakhstan,BR,1
Angola,KH,1
Kazakhstan,PK,1
Romania,KW,1
Albania,ZM,1
Thailand,AM,1
Colombia,TO,1
Bolivia,LK,1
Mauritius,LR,1
Cameroon,GT,1
Bosnia and Herzegovina,MK,1
New Zealand,KY,1
Peru,OM,1
Papua New Guinea,JO,1
Montenegro,CU,1
Somalia,AF,1
Lebanon,CR,1
South Sudan,SA,1
Georgia,BZ,1
Sudan,TH,1
Brunei,GH,1
Ethiopia,HR,1
Kyrgyzstan,IR,1
Mozambique,SC,1
Uruguay,PS,1
Mexico,MC,1
Vietnam,KW,1
Tanzania,AO,1
Afghanistan,NP,1
Niger,DZ,1
India,SZ,1
Angola,NO,1
Uganda,CV,1
Slovenia,YE,1
Peru,KG,1
Gambia,NZ,1
Nigeria,IS,1
Kenya,BA,1
Indonesia,NE,1
Estonia,AL,1
Thailand,GT,1
Guatemala,MU,1
Mauritius,TN,1
Netherlands,BS,1
Liberia,CO,1
Serbia,GE,1
Guyana,ET,1
Namibia,CL,1
Mauritius,AW,1
Samoa,PA,1
Honduras,HK,1
Azerbaijan,ID,1
Panama,AM,1
Thailand,GE,1
Oman,TZ,1
Tajikistan,KE,1
Saint Kitts and Nevis,NE,1
Guyana,FI,1
Jamaica,BF,1
Mongolia,BG,1
Qatar,NC,1
Tajikistan,CZ,1
Netherlands,HT,1
Thailand,CG,1
Paraguay,ML,1
Jamaica,SI,1
Honduras,PK,1
Mongolia,PH,1
Trinidad and Tobago,DZ,1
Philippines,MR,1
Guatemala,UA,1
Cyprus,BD,1
Tanzania,BB,1
Russia,IQ,1
Solomon Islands,FJ,1
Vanuatu,CI,1
Slovenia,TZ,1
Costa Rica,LV,1
Pakistan,TG,1
Gambia,MX,1
Iran,VE,1
Japan,SO,1
Togo,CO,1
Barbados,GP,1
China,MW,1
Malaysia,FJ,1
Cambodia,UA,1
Honduras,GP,1
Burkina Faso,KE,1
Maldives,DZ,1
Slovenia,BF,1
Oman,CI,1
Brunei,EE,1
Germany,SX,1
Czech Republic,NG,1
Azerbaijan,NZ,1
Costa Rica,IS,1
Argentina,GN,1
Andorra,EE,1
Belgium,MD,1
Hungary,ML,1
Trinidad and Tobago,CR,1
Uzbekistan,BD,1
Iraq,NP,1
Zimbabwe,ML,1
Kuwait,FJ,1
Niger,UG,1
Saint Kitts and Nevis,SG,1
Slovenia,VE,1
Rwanda,QA,1
Honduras,PA,1
Egypt,MU,1
Norway,FM,1
Ghana,VE,1
Saint Kitts and Nevis,TN,1
Haiti,IE,1
Oman,UZ,1
Qatar,BF,1
Sweden,IM,1
Yemen,JP,1
Iran,SD,1
Norway,HT,1
Burkina Faso,NG,1
Tonga,NZ,1
Bhutan,VE,1
Malawi,BE,1
Montenegro,MY,1
Albania,VN,1
Paraguay,SL,1
Singapore,BF,1
Kenya,GW,1
Luxembourg,BI,1
Dominican Republic,CM,1
Nicaragua,SI,1
Russia,XK,1
Egypt,SZ,1
Pakistan,SD,1
Ukraine,CR,1
Austria,KN,1
Peru,LR,1
China,NC,1
Iran,MU,1
Saudi Arabia,ZW,1
Bhutan,LB,1
Brunei,UY,1
Georgia,TZ,1
Bosnia and Herzegovina,MY,1
Nicaragua,TN,1
Iceland,DZ,1
Japan,NI,1
Cambodia,MW,1
Mali,CA,1
Ivory Coast,UG,1
Algeria,AU,1
Ecuador,ZW,1
Sudan,ZA,1
Brazil,MC,1
Mauritius,AG,1
Ghana,TN,1
Finland,IM,1
Dominican Republic,RS,1
Indonesia,HN,1
Costa Rica,GP,1
Senegal,PR,1
Nigeria,ST,1
Vanuatu,BR,1
Philippines,GL,1
San Marino,DK,1
Kosovo,LK,1
Kosovo,MA,1
Bahamas,PH,1
Madagascar,CN,1
Senegal,SD,1
Sweden,ST,1
Sudan,BJ,1
France,CV,1
Ivory Coast,MX,1
Democratic Republic Of The Congo,RO,1
Costa Rica,RW,1
Tunisia,IS,1
Afghanistan,PE,1
Marshall Islands,JP,1
Iran,AL,1
Qatar,UA,1
Costa Rica,PF,1
Romania,SY,1
Lithuania,BB,1
Thailand,BZ,1
Solomon Islands,NC,1
Mozambique,TN,1
Iran,PE,1
Jamaica,ZW,1
Rwanda,GM,1
Philippines,BT,1
Samoa,JM,1
Papua New Guinea,ME,1
Bhutan,PG,1
Saudi Arabia,BY,1
Colombia,CD,1
Malaysia,CF,1
Mongolia,DZ,1
Hungary,NG,1
Egypt,SN,1
Paraguay,KZ,1
Malawi,LK,1
Croatia,MW,1
Bahrain,IE,1
Belgium,YE,1
Bhutan,BZ,1
Seychelles,PL,1
Montenegro,NP,1
Japan,GP,1
Bahamas,RU,1
Iceland,LI,1
Burkina Faso,CO,1
Mauritius,NP,1
Iceland,AX,1
Mali,NO,1
Zimbabwe,CZ,1
Canada,GQ,1
Afghanistan,TW,1
Czech Republic,CR,1
Indonesia,WS,1
Dominican Republic,CI,1
Solomon Islands,CH,1
China,BF,1
Kazakhstan,TT,1
Sri Lanka,SO,1
Tonga,ES,1
South Africa,SJ,1
Slovenia,LA,1
Venezuela,SY,1
Greece,GN,1
Jamaica,MN,1
Israel,CM,1
Marshall Islands,TH,1
Portugal,SR,1
Iraq,PH,1
Zimbabwe,UA,1
Ghana,TT,1
Vietnam,CO,1
Vietnam,CZ,1
Mexico,TJ,1
Kenya,AM,1
Cambodia,PF,1
Cyprus,EC,1
Samoa,IR,1
Trinidad and Tobago,OM,1
Algeria,IE,1
Afghanistan,HN,1
Barbados,EG,1
Singapore,MU,1
Cameroon,TN,1
Belgium,SV,1
Fiji,NI,1
Malaysia,AS,1
Azerbaijan,UZ,1
Bosnia and Herzegovina,AZ,1
El Salvador,HN,1
Fiji,MA,1
Senegal,LT,1
Iraq,MA,1
Democratic Republic Of The Congo,CO,1
Maldives,GH,1
Spain,FM,1
Colombia,ST,1
Bangladesh,CZ,1
Zimbabwe,BB,1
Italy,PW,1
Kazakhstan,MN,1
Uzbekistan,ET,1
Uruguay,ZW,1
EU,AD,1
Belarus,TH,1
South Africa,PF,1
Egypt,MC,1
Mozambique,AR,1
Zimbabwe,SN,1
Benin,AZ,1
Venezuela,TO,1
Belgium,SC,1
Madagascar,CZ,1
Colombia,NC,1
Belarus,NO,1
El Salvador,GD,1
Taiwan,ZW,1
Chile,FK,1
Armenia,PK,1
Hungary,GE,1
Kenya,SX,1
Bahrain,RO,1
Timor Leste,GH,1
Afghanistan,SY,1
Portugal,IM,1
Lesotho,MY,1
Haiti,MY,1
Seychelles,SA,1
Bhutan,ZW,1
Malaysia,CG,1
Samoa,QA,1
Argentina,KN,1
Samoa,DK,1
Romania,PE,1
Argentina,BJ,1
Cyprus,SY,1
Tanzania,KW,1
Botswana,LV,1
Norway,TO,1
Timor Leste,SZ,1
Cambodia,CR,1
Barbados,ZM,1
Albania,ET,1
Thailand,TL,1
Guatemala,VN,1
Tanzania,TG,1
Bahamas,MU,1
Montenegro,UG,1
Taiwan,DO,1
Afghanistan,RO,1
Trinidad and Tobago,NA,1
Andorra,RO,1
Bosnia and Herzegovina,PH,1
Estonia,LS,1
Finland,TD,1
Kuwait,BT,1
Finland,MD,1
Kosovo,CF,1
Liechtenstein,IE,1
Taiwan,BW,1
New Zealand,ST,1
Mauritius,YE,1
Mozambique,SN,1
Jamaica,TN,1
Serbia,BH,1
Uzbekistan,KR,1
Ivory Coast,LT,1
Jamaica,SV,1
Micronesia,AR,1
Hungary,MU,1
Bhutan,CM,1
Honduras,NO,1
Finland,SO,1
Canada,MP,1
Vanuatu,KE,1
Brunei,TT,1
Singapore,BW,1
Saint Kitts and Nevis,PT,1
Denmark,GI,1
EU,GN,1
Guinea,BF,1
China,BN,1
Qatar,BT,1
Mozambique,MY,1
Ivory Coast,MW,1
Myanmar,GE,1
Turkey,AD,1
Netherlands,PW,1
Mozambique,BF,1
Slovakia,LK,1
Belize,HN,1
Sweden,KP,1
Malaysia,LR,1
Afghanistan,CG,1
Barbados,MM,1
Estonia,ME,1
Morocco,RO,1
Barbados,HU,1
Tanzania,MK,1
Qatar,MV,1
Sudan,BD,1
Singapore,CW,1
Nepal,UA,1
Slovakia,YE,1
Mauritius,JO,1
Vietnam,SI,1
El Salvador,AF,1
Maldives,BB,1
Venezuela,SD,1
Sudan,NP,1
Tanzania,GD,1
Montenegro,LV,1
Pakistan,EE,1
Turkey,TD,1
Paraguay,LT,1
Argentina,FJ,1
Togo,HK,1
Albania,CL,1
Gambia,HK,1
Austria,LA,1
Dominican Republic,OM,1
Morocco,UA,1
Costa Rica,BA,1
Tunisia,LK,1
Zambia,PL,1
Togo,FI,1
Nigeria,NI,1
Qatar,CG,1
Bangladesh,SA,1
Kyrgyzstan,TH,1
Israel,SN,1
Guinea,CF,1
Zimbabwe,BF,1
Cameroon,CO,1
Tanzania,PS,1
Tunisia,GR,1
Philippines,TG,1
Austria,RW,1
Armenia,AF,1
Kyrgyzstan,MU,1
France,AX,1
Guinea,PE,1
Cape Verde,SA,1
Sierra Leone,ES,1
Togo,BE,1
Mozambique,SA,1
North Macedonia,PK,1
El Salvador,DO,1
Mauritius,SI,1
Estonia,GI,1
Luxembourg,LB,1
Paraguay,FJ,1
Bosnia and Herzegovina,MA,1
Ivory Coast,BJ,1
Botswana,GW,1
Sierra Leone,UG,1
Andorra,HR,1
France,DJ,1
Moldova,DO,1
Guyana,VN,1
Finland,TJ,1
Portugal,GA,1
Mauritius,GY,1
Sudan,BR,1
Fiji,WS,1
Saint Kitts and Nevis,TW,1
Germany,VU,1
Malaysia,MU,1
Benin,TR,1
Taiwan,PF,1
Saudi Arabia,CM,1
Namibia,ER,1
Saint Kitts and Nevis,HU,1
Kyrgyzstan,SG,1
Ireland,XK,1
Ukraine,AE,1
Tanzania,GA,1
Kuwait,SS,1
Germany,AD,1
Panama,SI,1
Brunei,PR,1
Bangladesh,BG,1
Tajikistan,PE,1
Bosnia and Herzegovina,ZW,1
Estonia,SN,1
Namibia,FI,1
Tonga,NL,1
Trinidad and Tobago,BM,1
Egypt,SC,1
Trinidad and Tobago,BA,1
Uganda,SV,1
Panama,LT,1
Taiwan,MC,1
Philippines,GA,1
Bulgaria,ZM,1
Thailand,GI,1
Honduras,JM,1
Uganda,GD,1
Spain,KP,1
Kuwait,PE,1
Moldova,TN,1
Uruguay,TT,1
Armenia,PH,1
Solomon Islands,DE,1
South Africa,GU,1
Georgia,PE,1
Russia,UG,1
Qatar,LR,1
Slovenia,LY,1
Qatar,TT,1
Slovenia,BW,1
Thailand,ME,1
Albania,UG,1
El Salvador,XK,1
Uruguay,MO,1
Kenya,VE,1
Bangladesh,NG,1
Switzerland,GD,1
Denmark,NA,1
Austria,FO,1
El Salvador,TN,1
Uganda,MT,1
Iraq,SY,1
Kyrgyzstan,CY,1
Malawi,PE,1
Paraguay,GN,1
Burkina Faso,ZM,1
Ecuador,GL,1
Solomon Islands,TR,1
Burundi,MW,1
Uganda,SS,1
Palestine,FR,1
Malawi,KR,1
Italy,NC,1
Mauritius,PS,1
Ivory Coast,EG,1
Senegal,AZ,1
Zimbabwe,PH,1
Latvia,HT,1
Niger,SN,1
Gambia,SE,1
Bosnia and Herzegovina,XK,1
Lebanon,MQ,1
Mexico,YE,1
Taiwan,MN,1
Ivory Coast,TL,1
Malawi,IE,1
Belgium,SJ,1
Italy,DJ,1
Cyprus,BB,1
Greece,SS,1
Slovakia,ME,1
Trinidad and Tobago,LK,1
Mauritius,CI,1
Somalia,TW,1
Malaysia,PA,1
Thailand,EC,1
Gambia,IN,1
China,ZW,1
Iran,RW,1
Slovenia,LI,1
Kazakhstan,KH,1
Kyrgyzstan,RO,1
Malaysia,GY,1
Kosovo,LB,1
Djibouti,GB,1
Pakistan,MO,1
Tonga,SE,1
Armenia,SG,1
Yemen,TO,1
Liechtenstein,BE,1
Philippines,LA,1
Vanuatu,LK,1
Finland,FO,1
Finland,ER,1
Czech Republic,AM,1
Iran,FJ,1
Uruguay,BJ,1
Nigeria,MM,1
Liberia,TW,1
Vanuatu,SA,1
Lesotho,TN,1
Cape Verde,AR,1
Pakistan,KW,1
Belgium,SO,1
Jamaica,VE,1
Zimbabwe,MW,1
Sudan,KR,1
Egypt,PR,1
Qatar,LY,1
Spain,SL,1
Uruguay,GM,1
Djibouti,ZA,1
Brunei,VE,1
Syria,FI,1
Taiwan,SO,1
Sri Lanka,TG,1
Croatia,VE,1
Germany,PW,1
Philippines,SC,1
Mexico,MU,1
Hungary,LK,1
Cape Verde,SN,1
El Salvador,MZ,1
Japan,GL,1
Costa Rica,DZ,1
Myanmar,AL,1
New Zealand,DO,1
El Salvador,PA,1
Costa Rica,BJ,1
Kiribati,FM,1
Lithuania,PH,1
Taiwan,EC,1
Egypt,BJ,1
Sudan,IL,1
Timor Leste,KE,1
Austria,LI,1
Somalia,CL,1
China,AM,1
Angola,NL,1
Slovakia,XK,1
Botswana,MK,1
Ecuador,PK,1
South Africa,LI,1
Singapore,CV,1
Greece,CW,1
Tanzania,MN,1
Jamaica,AE,1
Estonia,TT,1
Morocco,TJ,1
Uganda,TV,1
Papua New Guinea,CM,1
Mauritania,NL,1
Moldova,JM,1
Australia,CF,1
Croatia,VI,1
Turkey,MN,1
Costa Rica,MN,1
Mexico,FM,1
Nicaragua,CG,1
Kuwait,MO,1
Uganda,LR,1
Luxembourg,ZM,1
Papua New Guinea,BW,1
Algeria,CH,1
Zimbabwe,CD,1
Mozambique,VN,1
Kenya,HT,1
Malta,HR,1
Armenia,RW,1
Samoa,JP,1
Samoa,HK,1
Poland,PS,1
Estonia,NA,1
Micronesia,FR,1
Serbia,BZ,1
Papua New Guinea,IQ,1
Sierra Leone,RW,1
Chile,NA,1
France,SX,1
Singapore,GW,1
Ghana,HN,1
United Arab Emirates,BZ,1
Botswana,SI,1
Somalia,ZM,1
Japan,LI,1
Azerbaijan,EG,1
Netherlands,VU,1
Italy,PG,1
Nigeria,MC,1
Nepal,NC,1
Barbados,TZ,1
Mauritius,HR,1
Singapore,GP,1
Belize,ET,1
Maldives,CL,1
Bahrain,UG,1
Hungary,GT,1
Laos,SK,1
Nicaragua,DO,1
Togo,CI,1
Mauritania,IL,1
Barbados,BF,1
Mauritius,SN,1
Armenia,UZ,1
Nicaragua,BD,1
Tunisia,SN,1
Cuba,GR,1
Chile,GL,1
Italy,GP,1
Latvia,MU,1
Trinidad and Tobago,CU,1
Ethiopia,CU,1
Haiti,NO,1
Ireland,NI,1
Honduras,RU,1
Croatia,BY,1
Lesotho,CA,1
Portugal,AS,1
Nicaragua,CD,1
Bahamas,SG,1
Ghana,BO,1
Tonga,JP,1
Qatar,PR,1
Bulgaria,NA,1
Guinea,SD,1
Botswana,TH,1
Nepal,GU,1
Belgium,SR,1
Denmark,FM,1
Mauritius,VE,1
Laos,AR,1
Iran,UY,1
Belize,HR,1
Spain,FK,1
Paraguay,SR,1
Dominican Republic,LK,1
Uruguay,BS,1
Israel,CI,1
Madagascar,KR,1
Colombia,MQ,1
United Arab Emirates,EE,1
Kyrgyzstan,LB,1
Mongolia,AZ,1
Serbia,MQ,1
Kenya,AL,1
Brazil,FO,1
Singapore,BI,1
China,TT,1
IGO,YT,1
Solomon Islands,IT,1
Luxembourg,LK,1
Liechtenstein,AT,1
Canada,CV,1
Finland,VG,1
Saudi Arabia,SY,1
Senegal,MA,1
Egypt,YE,1
Cambodia,BH,1
Haiti,BF,1
Dominican Republic,KZ,1
Afghanistan,RS,1
Ecuador,NI,1
Laos,SI,1
Papua New Guinea,LK,1
Pakistan,DZ,1
Czech Republic,KW,1
Angola,KE,1
Togo,CM,1
Nicaragua,GT,1
Yemen,AT,1
Peru,SL,1
Hungary,MN,1
Kiribati,DE,1
Tajikistan,ZM,1
Chile,AL,1
Lebanon,AM,1
Honduras,SG,1
Bosnia and Herzegovina,BG,1
Eritrea,ER,1
Tunisia,AR,1
Argentina,CD,1
Saudi Arabia,GT,1
Singapore,AF,1
Pakistan,GA,1
Ethiopia,AF,1
Iceland,MU,1
Australia,SJ,1
Guinea,ES,1
Laos,IR,1
Kuwait,TT,1
Zimbabwe,SG,1
Thailand,PY,1
Namibia,ZW,1
Russia,CM,1
Malawi,LB,1
Malawi,SG,1
North Macedonia,EC,1
Suriname,NO,1
Japan,BM,1
Togo,MZ,1
Tonga,MY,1
Kosovo,EE,1
Thailand,VE,1
New Zealand,HT,1
Brunei,BD,1
Solomon Islands,CZ,1
Moldova,GT,1
Finland,FM,1
Ethiopia,GP,1
Switzerland,KG,1
Uzbekistan,SA,1
New Zealand,MG,1
Georgia,PK,1
Tunisia,TH,1
China,CI,1
Lesotho,CN,1
Iceland,PS,1
Tunisia,IR,1
Armenia,AM,1
San Marino,VA,1
Philippines,FM,1
Burkina Faso,NE,1
Nigeria,CR,1
Philippines,AF,1
Andorra,EG,1
India,LA,1
Pakistan,TZ,1
Czech Republic,SL,1
El Salvador,MC,1
Mauritania,GL,1
EU,SB,1
Kyrgyzstan,NZ,1
Costa Rica,NP,1
UK,AX,1
Guyana,RU,1
Portugal,CW,1
Myanmar,LA,1
Lebanon,PE,1
Sudan,EG,1
Malawi,ZW,1
Suriname,HK,1
Iceland,GL,1
Seychelles,SG,1
Bosnia and Herzegovina,AR,1
Belarus,KH,1
Singapore,CG,1
Ireland,KG,1
Saudi Arabia,NA,1
Belize,FI,1
Lithuania,AM,1
Guyana,UZ,1
Greece,LS,1
Bangladesh,BW,1
Guatemala,AO,1
Laos,EE,1
Senegal,MN,1
Sierra Leone,SK,1
Algeria,BE,1
Laos,EC,1
Colombia,VG,1
Tanzania,DO,1
San Marino,CH,1
Qatar,BN,1
Brunei,CY,1
Sri Lanka,BB,1
Togo,TR,1
South Africa,PW,1
Barbados,CO,1
Denmark,MD,1
Azerbaijan,TW,1
Croatia,NA,1
Vanuatu,EG,1
Armenia,IN,1
Turkey,BT,1
Guinea,PR,1
Mali,SE,1
Hungary,LU,1
Costa Rica,OM,1
Mexico,MG,1
Egypt,TT,1
Ukraine,AF,1
Greece,DZ,1
Dominican Republic,ME,1
Qatar,BG,1
Vietnam,CY,1
Timor Leste,IR,1
Ethiopia,GN,1
Suriname,MX,1
Guinea,MA,1
Taiwan,UZ,1
Lithuania,SK,1
Romania,SN,1
Albania,AF,1
Iraq,SK,1
Jordan,EE,1
Egypt,AF,1
Latvia,MO,1
Taiwan,PS,1
Algeria,DE,1
Solomon Islands,ZA,1
Bahamas,MA,1
Luxembourg,BW,1
Dominican Republic,KH,1
Cameroon,AE,1
Seychelles,NC,1
Czech Republic,DZ,1
Jamaica,FJ,1
Montenegro,ET,1
Saint Kitts and Nevis,MX,1
New Zealand,HN,1
Greece,GE,1
Iraq,FI,1
Poland,GF,1
Tunisia,NE,1
Norway,SX,1
Cambodia,LT,1
Kenya,GN,1
Kuwait,UG,1
Romania,TT,1
Colombia,JE,1
Laos,DZ,1
Jamaica,CM,1
France,MP,1
Nigeria,LI,1
Croatia,GH,1
Lebanon,CM,1
Myanmar,DZ,1
Haiti,JP,1
Niger,CZ,1
Switzerland,KY,1
United Arab Emirates,BW,1
Oman,KE,1
Montenegro,SK,1
Malaysia,BZ,1
Kenya,BB,1
Afghanistan,SD,1
South Sudan,IL,1
Iran,AF,1
Maldives,ET,1
Luxembourg,PR,1
Montenegro,LT,1
Azerbaijan,TH,1
Guinea,DK,1
Cambodia,IQ,1
Malaysia,HN,1
Latvia,CI,1
Fiji,MW,1
Moldova,ZW,1
Peru,GY,1
Belize,MT,1
Papua New Guinea,BH,1
Cameroon,EC,1
Cape Verde,NG,1
Saint Kitts and Nevis,ZA,1
Yemen,TT,1
Guatemala,UG,1
Taiwan,RW,1
Ethiopia,PG,1
Namibia,CG,1
Zambia,GT,1
Burkina Faso,SE,1
Belgium,BT,1
Seychelles,NP,1
Russia,KH,1
Georgia,LU,1
Ghana,AL,1
Taiwan,SS,1
Myanmar,PR,1
Nicaragua,SV,1
Fiji,UY,1
Uruguay,CD,1
Bhutan,BW,1
Argentina,GL,1
Liberia,PA,1
Pakistan,SY,1
Czech Republic,BZ,1
Kuwait,CR,1
Brunei,CW,1
Vietnam,RO,1
Cameroon,ZW,1
Sri Lanka,BT,1
Denmark,SO,1
El Salvador,GH,1
Portugal,ML,1
Kiribati,NO,1
Bahamas,IE,1
Barbados,IS,1
Burkina Faso,GA,1
Luxembourg,PE,1
Gambia,KR,1
Kuwait,CD,1
Ukraine,NP,1
Singapore,PF,1
Togo,LR,1
China,GT,1
Kazakhstan,SI,1
Mauritius,CW,1
Belgium,GU,1
Ecuador,BS,1
Indonesia,PG,1
EU,VU,1
Ireland,SV,1
Morocco,CD,1
Slovakia,MG,1
Bhutan,PE,1
Sweden,SC,1
Samoa,AR,1
Ecuador,FM,1
Seychelles,VN,1
Serbia,LY,1
Philippines,GW,1
Venezuela,SS,1
Papua New Guinea,CI,1
Rwanda,GU,1
Italy,BM,1
Micronesia,FM,1
Senegal,IS,1
Vanuatu,ZW,1
Ivory Coast,EE,1
Kyrgyzstan,LU,1
Afghanistan,LU,1
Maldives,NI,1
Ivory Coast,TT,1
Denmark,GY,1
Tunisia,BF,1
Sudan,PH,1
Bangladesh,SI,1
Nicaragua,OM,1
Taiwan,MM,1
Costa Rica,MT,1
Moldova,PR,1
France,TL,1
Tanzania,GF,1
Qatar,CD,1
Kiribati,CL,1
Eswatini,CL,1
Kenya,TO,1
Kosovo,SN,1
Iceland,PE,1
Tanzania,PG,1
North Macedonia,UZ,1
Myanmar,HR,1
India,VG,1
Morocco,BG,1
Sri Lanka,TT,1
Kyrgyzstan,CI,1
Kuwait,YE,1
Turkey,BS,1
Luxembourg,UA,1
San Marino,PT,1
South Korea,SR,1
Ecuador,MW,1
Lesotho,ZW,1
Azerbaijan,BD,1
Georgia,CD,1
Iran,ZW,1
Singapore,AL,1
Ivory Coast,TH,1
Chile,SY,1
Mexico,NA,1
New Zealand,MS,1
Denmark,ME,1
Sudan,ID,1
Chad,FR,1
Turkey,BZ,1
Uruguay,SS,1
Russia,AF,1
Ethiopia,ER,1
Egypt,KH,1
New Zealand,BT,1
Namibia,AM,1
Ethiopia,IS,1
India,NC,1
Tanzania,PA,1
Mauritius,CG,1
Uzbekistan,MY,1
South Korea,XK,1
Israel,PE,1
Thailand,FO,1
Ecuador,BJ,1
Mauritius,EE,1
Uruguay,MN,1
Costa Rica,MM,1
Turkey,SZ,1
Ukraine,AR,1
Rwanda,MK,1
UK,GQ,1
Norway,ST,1
India,HN,1
New Zealand,SV,1
Belgium,AS,1
New Zealand,SS,1
Nepal,ER,1
Iran,BN,1
Belgium,NI,1
Azerbaijan,GE,1
Cuba,BO,1
Mongolia,MD,1
Portugal,HN,1
Greece,KH,1
Ireland,LY,1
Ireland,PW,1
Iran,BW,1
Egypt,LI,1
Algeria,CZ,1
Burkina Faso,LK,1
Cameroon,NP,1
Colombia,BH,1
Pakistan,KZ,1
Nicaragua,PA,1
China,BB,1
Morocco,MU,1
Angola,UG,1
India,BJ,1
Bhutan,AL,1
Uzbekistan,SK,1
Guinea,MZ,1
Serbia,EC,1
Oman,MT,1
Mauritania,SN,1
Ireland,AS,1
Costa Rica,MW,1
Venezuela,AM,1
Monaco,CZ,1
Maldives,NG,1
Tanzania,QA,1
Malaysia,AG,1
Solomon Islands,BR,1
Lithuania,SY,1
Nicaragua,TZ,1
Bahamas,RW,1
Austria,GA,1
New Zealand,PW,1
Suriname,CZ,1
Lesotho,ZM,1
Nicaragua,MT,1
Niger,GB,1
Taiwan,PA,1
Mauritius,TT,1
Senegal,JM,1
Kosovo,MM,1
Hungary,VE,1
Barbados,ID,1
Qatar,LU,1
United Arab Emirates,RS,1
Vanuatu,AE,1
Lesotho,TZ,1
Haiti,HU,1
Belgium,SZ,1
Lebanon,LV,1
Iraq,IE,1
Belarus,KE,1
Slovakia,VE,1
Zambia,SG,1
Tajikistan,CY,1
Belize,EG,1
Russia,SS,1
Indonesia,AS,1
Canada,AO,1
Maldives,SN,1
Laos,CR,1
Ivory Coast,BO,1
Guinea,JP,1
Cuba,MA,1
Zambia,GR,1
Croatia,ZM,1
Cyprus,RS,1
Zambia,GM,1
Barbados,BD,1
Maldives,SI,1
Oman,KZ,1
Tunisia,TW,1
Rwanda,MO,1
Bulgaria,TZ,1
Luxembourg,AZ,1
Belgium,KN,1
Azerbaijan,AT,1
Kuwait,AO,1
Kenya,GU,1
Mongolia,BW,1
Armenia,IS,1
Finland,KY,1
Kazakhstan,MY,1
Tunisia,KH,1
Somalia,ML,1
South Korea,SB,1
Malta,HU,1
Israel,KG,1
Israel,LK,1
Bolivia,ER,1
Guatemala,NC,1
Jamaica,IM,1
Zimbabwe,QA,1
Greece,BW,1
Jamaica,PE,1
Nigeria,TG,1
Colombia,ML,1
Albania,LK,1
Dominican Republic,ZM,1
Venezuela,FJ,1
Cameroon,MX,1
Uruguay,HT,1
Sao Tome and Principe,GH,1
Democratic Republic Of The Congo,MX,1
Czech Republic,DO,1
Estonia,BM,1
Panama,NI,1
Iceland,ET,1
Australia,SX,1
Ecuador,ZM,1
Burundi,BR,1
Guinea,GW,1
Bolivia,NP,1
Tajikistan,IN,1
Yemen,AE,1
Nigeria,SS,1
Chad,GB,1
Costa Rica,BW,1
Sri Lanka,OM,1
Nepal,MM,1
India,GF,1
Brunei,PH,1
Ivory Coast,SL,1
Paraguay,AM,1
Vanuatu,TG,1
Jamaica,EE,1
Zambia,PK,1
Austria,LS,1
Argentina,ML,1
Dominican Republic,AG,1
Cambodia,EC,1
Somalia,ZW,1
Iran,GU,1
Cyprus,JO,1
Peru,RE,1
Jordan,QA,1
Qatar,MU,1
Lesotho,GH,1
United Arab Emirates,PR,1
Lithuania,EG,1
Poland,MO,1
Argentina,LT,1
Samoa,FJ,1
Tunisia,IQ,1
Austria,BH,1
Fiji,NP,1
Israel,AM,1
Taiwan,RE,1
Brunei,RO,1
UK,SJ,1
Iceland,OM,1
New Zealand,LI,1
Georgia,HT,1
Vietnam,CU,1
Tanzania,GW,1
Hungary,BI,1
Ivory Coast,MY,1
Sri Lanka,MO,1
