topic_id,topic,domain,field,subfield,citation_rows,cited_works,recent_works,eligible_year_works,citations_per_work,recent_share_pct
T11770,Fiscal Policy and Economic Growth,Social Sciences,"Economics, Econometrics and Finance",Economics and Econometrics,875886,68548,3259,68514,12.777703215265216,4.756692062936042
T10007,Monetary Policy and Economic Impact,Social Sciences,"Economics, Econometrics and Finance","General Economics, Econometrics and Finance",767337,58791,2648,58697,13.051946726539777,4.511303814505
T10393,Economic Growth and Productivity,Social Sciences,"Economics, Econometrics and Finance",Economics and Econometrics,575680,36602,1494,36549,15.728102289492378,4.087663137158335
T10128,Global trade and economics,Social Sciences,"Economics, Econometrics and Finance","General Economics, Econometrics and Finance",561540,49436,2757,49346,11.358928715915527,5.587078993231468
T10208,Labor market dynamics and wage inequality,Social Sciences,"Economics, Econometrics and Finance",Economics and Econometrics,553331,34706,2229,34620,15.94338154785916,6.438474870017331
T12137,Economic theories and models,Social Sciences,"Economics, Econometrics and Finance",Economics and Econometrics,514704,37462,1006,37421,13.739362554054775,2.6883300820394966
T10302,Fish Ecology and Management Studies,Physical Sciences,Environmental Science,Nature and Landscape Conservation,507697,94293,2160,94251,5.384249095903195,2.291752872648566
T11544,"Gender, Labor, and Family Dynamics",Social Sciences,Social Sciences,Gender Studies,473238,40128,2274,40067,11.793211722488039,5.675493548306586
T10230,Marine and fisheries research,Physical Sciences,Environmental Science,Global and Planetary Change,442962,75636,2549,75584,5.856496906235126,3.3724068585944114
T11742,Economic Theory and Policy,Social Sciences,"Economics, Econometrics and Finance","General Economics, Econometrics and Finance",440614,39132,1670,39096,11.25968516814883,4.271536730100266
T10503,Global Financial Crisis and Policies,Social Sciences,"Economics, Econometrics and Finance",Finance,438253,40524,2102,40468,10.814653045109072,5.194227537807651
T11959,Employment and Welfare Studies,Health Sciences,Health Professions,General Health Professions,416433,54611,4202,54550,7.625441760817417,7.703024747937672
T10190,Air Quality and Health Impacts,Physical Sciences,Environmental Science,"Health, Toxicology and Mutagenesis",412582,71360,3669,71311,5.7816984304932735,5.145068783217176
T10471,Climate Change Policy and Economics,Social Sciences,"Economics, Econometrics and Finance",Economics and Econometrics,411464,38241,3831,38152,10.759760466514997,10.041413294191655
T10127,"Banking stability, regulation, efficiency",Social Sciences,"Economics, Econometrics and Finance",Finance,402882,35889,2115,35798,11.225779486750815,5.908151293368345
T11556,"Poverty, Education, and Child Welfare",Social Sciences,Social Sciences,Safety Research,387881,34038,2157,34001,11.395528526940478,6.343931060851151
T10005,Ecology and Vegetation Dynamics Studies,Physical Sciences,Environmental Science,Nature and Landscape Conservation,365848,75360,1678,75334,4.854670912951168,2.2274139166910025
T10199,Wildlife Ecology and Conservation,Physical Sciences,Environmental Science,Ecology,362532,71149,2063,71118,5.095391361790046,2.9008127337664162
T12851,Firm Innovation and Growth,Social Sciences,"Economics, Econometrics and Finance",Economics and Econometrics,355183,25680,1178,25634,13.831113707165109,4.595459155808691
T10446,"Income, Poverty, and Inequality",Social Sciences,Social Sciences,Sociology and Political Science,354424,25333,1291,25285,13.99060513954131,5.10579394898161
T10632,Housing Market and Economics,Social Sciences,"Economics, Econometrics and Finance",Economics and Econometrics,347623,37713,1958,37676,9.217590751199852,5.196942350568001
T10029,Climate variability and models,Physical Sciences,Environmental Science,Global and Planetary Change,341795,57052,2718,57006,5.99093809156559,4.767919166403536
T10019,Corporate Finance and Governance,Social Sciences,"Business, Management and Accounting",Accounting,339594,40697,1336,40680,8.34444799370961,3.2841691248770895
T10841,Economic and Environmental Valuation,Social Sciences,"Economics, Econometrics and Finance",Economics and Econometrics,331201,44405,1758,44390,7.458642044814773,3.9603514305023655
T12781,Global Health Care Issues,Health Sciences,Health Professions,General Health Professions,321235,37915,2410,37888,8.472504285902676,6.36085304054054
T10517,"Financial Literacy, Pension, Retirement Analysis",Social Sciences,"Business, Management and Accounting",Accounting,318100,27232,1845,27171,11.68111045828437,6.790327923153362
T10122,Toxic Organic Pollutants Impact,Physical Sciences,Environmental Science,"Health, Toxicology and Mutagenesis",301433,55534,1568,55498,5.427900025209781,2.8253270388122096
T10235,Health disparities and outcomes,Social Sciences,Social Sciences,Health,298617,51328,2915,51278,5.817818734413965,5.684699091228207
T10010,"Obesity, Physical Activity, Diet",Health Sciences,Medicine,"Public Health, Environmental and Occupational Health",289525,56057,2195,56004,5.16483222434308,3.919362902649811
T10391,Healthcare Policy and Management,Social Sciences,"Economics, Econometrics and Finance",Economics and Econometrics,287980,47604,2375,47534,6.049491639358037,4.996423612572054
T10182,Child and Adolescent Psychosocial and Emotional Development,Social Sciences,Psychology,Clinical Psychology,276936,64643,2294,64585,4.284083350092044,3.551908337849346
T10349,Migration and Labor Dynamics,Social Sciences,Social Sciences,Sociology and Political Science,276467,34586,2513,34546,7.993610131266987,7.274358825913275
T10674,School Choice and Performance,Social Sciences,Social Sciences,Education,271708,23499,1066,23467,11.562534575939402,4.542549111518302
T10596,Child Nutrition and Water Access,Health Sciences,Nursing,Nutrition and Dietetics,270727,41363,2566,41313,6.545149046249064,6.2111199864449445
T10804,"Health Systems, Economic Evaluations, Quality of Life",Social Sciences,"Economics, Econometrics and Finance",Economics and Econometrics,265237,51899,3011,51858,5.110637969903081,5.806240117243241
T11588,Atmospheric and Environmental Gas Dynamics,Physical Sciences,Environmental Science,Global and Planetary Change,262696,44564,2175,44527,5.894802979983844,4.884676713005592
T10075,Atmospheric chemistry and aerosols,Physical Sciences,Earth and Planetary Sciences,Atmospheric Science,261576,54500,2205,54476,4.799559633027523,4.047654012776269
T10043,Substance Abuse Treatment and Outcomes,Health Sciences,Medicine,Epidemiology,260898,51963,2127,51887,5.0208417527856355,4.099292693738316
T11168,International Development and Aid,Social Sciences,Social Sciences,Development,257309,34266,2385,34223,7.509163602404716,6.968997457849984
T12617,"Energy, Environment, and Transportation Policies",Physical Sciences,Energy,"Renewable Energy, Sustainability and the Environment",250318,28601,2769,28566,8.752071605887906,9.693341734929637
T10330,Hydrology and Watershed Management Studies,Physical Sciences,Environmental Science,Water Science and Technology,245109,45812,1631,45790,5.350323059460403,3.561913081458834
T10895,Species Distribution and Climate Change,Physical Sciences,Environmental Science,Ecological Modeling,242913,44137,2348,44079,5.503613748102499,5.326799609791511
T10443,Social Policy and Reform Studies,Social Sciences,Social Sciences,Political Science and International Relations,237574,38588,2256,38548,6.156680833419716,5.852443706547681
T10659,Marine animal studies overview,Physical Sciences,Environmental Science,Ecology,237307,37353,2119,37293,6.353090782534201,5.682031480438688
T10209,Global Maternal and Child Health,Health Sciences,Medicine,"Pediatrics, Perinatology and Child Health",236952,45070,2699,44970,5.257421788329266,6.001778963753614
T11059,Market Dynamics and Volatility,Social Sciences,"Economics, Econometrics and Finance",Economics and Econometrics,232259,25700,1903,25654,9.037315175097277,7.417946519061355
T11886,Agricultural risk and resilience,Life Sciences,Agricultural and Biological Sciences,Soil Science,232201,20392,2121,20336,11.386867398979993,10.429779701022817
T10017,Geology and Paleoclimatology Research,Physical Sciences,Earth and Planetary Sciences,Atmospheric Science,232138,72998,1127,72985,3.1800597276637714,1.544152908131808
T10589,Early Childhood Education and Development,Social Sciences,Social Sciences,Education,229093,36401,1812,36347,6.29359083541661,4.985280765950423
T13825,Economic Policies and Impacts,Social Sciences,"Economics, Econometrics and Finance",Economics and Econometrics,226220,14212,540,14181,15.917534477905996,3.807911994922784
T10319,"Conservation, Biodiversity, and Resource Management",Physical Sciences,Environmental Science,Global and Planetary Change,223906,30460,1944,30403,7.350820748522652,6.394105844817946
T10433,Carcinogens and Genotoxicity Assessment,Life Sciences,"Biochemistry, Genetics and Molecular Biology",Cancer Research,222872,46733,492,46718,4.769049707915178,1.0531272742840019
T11257,Taxation and Compliance Studies,Social Sciences,"Economics, Econometrics and Finance",Economics and Econometrics,215743,20701,1785,20668,10.421863678083184,8.636539578091735
T10341,Coral and Marine Ecosystems Studies,Physical Sciences,Environmental Science,Ecology,213508,36097,1541,36066,5.914840568468294,4.272722231464537
T10047,Financial Markets and Investment Strategies,Social Sciences,"Economics, Econometrics and Finance",Finance,211000,25072,875,25043,8.41576260370134,3.4939903366210117
T11244,Climate Change and Health Impacts,Physical Sciences,Environmental Science,"Health, Toxicology and Mutagenesis",210813,29925,3693,29830,7.044711779448622,12.380154207173986
T10487,Plant and animal studies,Life Sciences,Agricultural and Biological Sciences,"Ecology, Evolution, Behavior and Systematics",210765,59492,1348,59483,3.5427452430578903,2.2661937024023673
T10226,Land Use and Ecosystem Services,Physical Sciences,Environmental Science,Global and Planetary Change,210060,33102,2415,33058,6.345840130505709,7.305342125960433
T10686,Effects and risks of endocrine disrupting chemicals,Physical Sciences,Environmental Science,"Health, Toxicology and Mutagenesis",207197,38263,1285,38212,5.415074615163474,3.362817962943578
T10060,Smoking Behavior and Cessation,Health Sciences,Medicine,Physiology,205644,39108,1658,39075,5.258361460570727,4.243122200895713
T11621,Fiscal Policies and Political Economy,Social Sciences,"Economics, Econometrics and Finance",Economics and Econometrics,205467,19538,1098,19489,10.516275975023031,5.633947354918159
T10555,Fire effects on ecosystems,Physical Sciences,Environmental Science,Global and Planetary Change,204153,37741,2150,37688,5.409316128348481,5.704733602207599
T11088,Marine Bivalve and Aquaculture Studies,Physical Sciences,Environmental Science,Global and Planetary Change,202808,34582,1252,34554,5.864553814122954,3.6233142327950456
T10426,Child Abuse and Trauma,Social Sciences,Psychology,Clinical Psychology,200702,41352,1830,41279,4.85350164441865,4.43324692943143
T10435,Environmental Impact and Sustainability,Physical Sciences,Environmental Science,Environmental Engineering,198749,26095,2068,26054,7.616363287986204,7.937360865893913
T10082,HIV/AIDS Research and Interventions,Health Sciences,Medicine,Infectious Diseases,189368,46584,1415,46553,4.065086725055814,3.0395463235452067
T11311,Soil and Water Nutrient Dynamics,Physical Sciences,Environmental Science,Environmental Chemistry,189021,38137,780,38125,4.956367831764428,2.045901639344262
T11464,Homelessness and Social Issues,Health Sciences,Health Professions,General Health Professions,187032,41730,2070,41701,4.481955427749821,4.963909738375579
T12961,Regional Development and Policy,Social Sciences,Social Sciences,Political Science and International Relations,185939,17442,1284,17412,10.6604173833276,7.374224672639559
T11631,"Retirement, Disability, and Employment",Social Sciences,Social Sciences,Demography,185826,22946,1604,22921,8.098404950753944,6.997949478644038
T10298,Urban Transport and Accessibility,Social Sciences,Social Sciences,Transportation,184248,36082,2208,36030,5.10636882656172,6.128226477935054
T11645,"Urban, Neighborhood, and Segregation Studies",Social Sciences,Social Sciences,Sociology and Political Science,180569,24358,1070,24331,7.413129156745217,4.397681969503925
T10032,Marine and coastal ecosystems,Physical Sciences,Earth and Planetary Sciences,Oceanography,176394,42673,1022,42664,4.133620790663886,2.395462216388524
T10765,Marine Biology and Ecology Research,Physical Sciences,Earth and Planetary Sciences,Oceanography,176011,40074,729,40068,4.392149523381744,1.8194070080862534
T11590,Primary Care and Health Outcomes,Health Sciences,Health Professions,General Health Professions,174416,34823,1651,34783,5.0086437124888725,4.746571601069488
T13388,Rangeland and Wildlife Management,Physical Sciences,Environmental Science,Ecology,169304,32924,828,32913,5.14226703924189,2.5157232704402515
T10089,Avian ecology and behavior,Physical Sciences,Environmental Science,Ecology,169101,33998,692,33982,4.9738514030237075,2.0363721970454947
T11610,Food Security and Health in Diverse Populations,Health Sciences,Health Professions,General Health Professions,168375,29077,2419,29021,5.7906592839701485,8.335343372040937
T11014,Regional Economics and Spatial Analysis,Social Sciences,"Economics, Econometrics and Finance",Economics and Econometrics,167455,16114,636,16073,10.391895246369616,3.956946431904436
T10367,Agricultural Innovations and Practices,Life Sciences,Agricultural and Biological Sciences,General Agricultural and Biological Sciences,164697,19680,1855,19608,8.36875,9.460424316605467
T11461,Local Government Finance and Decentralization,Social Sciences,Social Sciences,Political Science and International Relations,164290,18439,792,18413,8.909919193014806,4.301308857872155
T10577,Hydrology and Sediment Transport Processes,Physical Sciences,Environmental Science,Ecology,163340,29047,619,29035,5.623300168692119,2.1319097640778373
T11336,Energy and Environment Impacts,Physical Sciences,Environmental Science,Pollution,161827,25973,2936,25941,6.230585608131522,11.317990825334412
T10439,Climate change impacts on agriculture,Life Sciences,Agricultural and Biological Sciences,"Ecology, Evolution, Behavior and Systematics",160930,17483,1650,17385,9.204941943602357,9.490940465918895
T10447,Environmental Toxicology and Ecotoxicology,Physical Sciences,Environmental Science,"Health, Toxicology and Mutagenesis",160051,39415,455,39404,4.060662184447545,1.154705106080601
T11817,"Housing, Finance, and Neoliberalism",Social Sciences,"Economics, Econometrics and Finance",Finance,158692,27427,1828,27364,5.785977321617384,6.680309896214004
T10646,Experimental Behavioral Economics Studies,Social Sciences,Social Sciences,Safety Research,158224,19847,667,19829,7.972187232327304,3.3637601492763123
T10004,Soil Carbon and Nitrogen Dynamics,Life Sciences,Agricultural and Biological Sciences,Soil Science,156188,39304,1310,39277,3.973844901282312,3.3352852814624336
T10266,Plant Water Relations and Carbon Dynamics,Physical Sciences,Environmental Science,Global and Planetary Change,155595,35088,990,35065,4.434422024623803,2.823328104947954
T10643,Marine and coastal plant biology,Physical Sciences,Earth and Planetary Sciences,Oceanography,153056,31251,1034,31234,4.8976352756711785,3.3104949734263944
T10866,Nutritional Studies and Diet,Health Sciences,Medicine,"Public Health, Environmental and Occupational Health",152632,32455,1647,32419,4.702880912032044,5.080354113328603
T10987,Microfinance and Financial Inclusion,Social Sciences,"Economics, Econometrics and Finance",Economics and Econometrics,152556,16024,1336,15998,9.520469296055916,8.35104388048506
T10574,Crime Patterns and Interventions,Social Sciences,Social Sciences,Sociology and Political Science,146884,28964,976,28933,5.071260875569672,3.3733107524280235
T10779,Coastal wetland ecosystem dynamics,Physical Sciences,Environmental Science,Ecology,145552,28753,1100,28723,5.062150036517928,3.829683528879295
T10272,Mental Health Treatment and Access,Social Sciences,Psychology,Social Psychology,145266,33377,1680,33287,4.3522785151451595,5.04701535133836
T12088,Intergenerational and Educational Inequality Studies,Social Sciences,Social Sciences,Sociology and Political Science,144199,10367,671,10339,13.90942413427221,6.489989360673179
T10327,Adolescent Sexual and Reproductive Health,Health Sciences,Health Professions,General Health Professions,143727,33285,1041,33256,4.318071203244704,3.1302622083233103
T10380,Intimate Partner and Family Violence,Social Sciences,Social Sciences,Health,143247,27463,1429,27428,5.215999708698977,5.210004375091148
T11753,Forest Management and Policy,Physical Sciences,Environmental Science,Global and Planetary Change,142567,25327,1551,25293,5.629051999842066,6.132131419760408
T11259,Agriculture Sustainability and Environmental Impact,Physical Sciences,Environmental Science,Ecology,138757,19925,2532,19843,6.96396486825596,12.760167313410271
T10118,SARS-CoV-2 and COVID-19 Research,Health Sciences,Medicine,Infectious Diseases,138531,27361,2336,27324,5.063082489675085,8.549260723173767
T11421,Labor Movements and Unions,Social Sciences,Social Sciences,Public Administration,138503,23883,985,23854,5.799229577523762,4.129286492831391
T10438,"Energy, Environment, Economic Growth",Social Sciences,"Economics, Econometrics and Finance",Economics and Econometrics,137787,19044,2430,19023,7.235192186515438,12.774010408452925
T10762,"Migration, Health and Trauma",Social Sciences,Psychology,Clinical Psychology,137732,34277,2349,34210,4.018204627009365,6.866413329435837
T10930,Flood Risk Assessment and Management,Physical Sciences,Environmental Science,Global and Planetary Change,137167,27362,2175,27329,5.01304729186463,7.958578799077903
T10644,Cryospheric studies and observations,Physical Sciences,Earth and Planetary Sciences,Atmospheric Science,136017,28439,1133,28421,4.7827631070009495,3.9864888638682663
T10415,International Business and FDI,Social Sciences,"Business, Management and Accounting",Strategy and Management,135524,16127,755,16104,8.40354684690271,4.688276204669648
T10119,Sustainability and Climate Change Governance,Physical Sciences,Environmental Science,Global and Planetary Change,135295,16732,1809,16616,8.086002868754482,10.887096774193548
T12722,Innovation Policy and R&D,Social Sciences,"Economics, Econometrics and Finance",Economics and Econometrics,134972,13497,825,13479,10.000148181077277,6.120632094369019
T10023,Schizophrenia research and treatment,Health Sciences,Medicine,Psychiatry and Mental health,133467,37099,965,37007,3.5975902315426294,2.6076147755829977
T12639,Global Energy and Sustainability Research,Physical Sciences,Energy,"Renewable Energy, Sustainability and the Environment",132804,16993,1464,16959,7.815218030953922,8.632584468423845
T10790,Heavy Metal Exposure and Toxicity,Physical Sciences,Environmental Science,"Health, Toxicology and Mutagenesis",131815,29654,638,29643,4.445100155122412,2.1522787841986304
T10410,COVID-19 epidemiological studies,Physical Sciences,Mathematics,Modeling and Simulation,131678,23773,1692,23747,5.538972784251041,7.125110540278772
T13532,Education Systems and Policy,Social Sciences,Social Sciences,Education,131620,17254,936,17243,7.628376028746957,5.428289740764368
T10969,Water resources management and optimization,Physical Sciences,Engineering,Ocean Engineering,131533,23333,1000,23322,5.637209102987185,4.287796929937398
T12097,Aquatic Invertebrate Ecology and Behavior,Physical Sciences,Environmental Science,Ecology,131426,26803,516,26789,4.903406335111741,1.926163723916533
T10466,Meteorological Phenomena and Simulations,Physical Sciences,Earth and Planetary Sciences,Atmospheric Science,131077,30422,1360,30408,4.308625336927224,4.472507234938174
T11860,"HIV, Drug Use, Sexual Risk",Health Sciences,Medicine,Epidemiology,130444,29435,1275,29395,4.431595039918465,4.33747235924477
T10084,Musculoskeletal pain and rehabilitation,Health Sciences,Medicine,Pharmacology,130243,36308,946,36285,3.587170871433293,2.6071379357861377
T10315,Decision-Making and Behavioral Economics,Social Sciences,Decision Sciences,General Decision Sciences,128289,17069,481,17042,7.51590602847267,2.822438680905997
T10003,Innovation and Knowledge Management,Social Sciences,"Business, Management and Accounting",Strategy and Management,127525,23216,607,23202,5.492978980013784,2.616153779846565
T10629,Health Policy Implementation Science,Health Sciences,Health Professions,General Health Professions,126913,25764,1626,25710,4.925981990374165,6.32438739789965
T11898,Economics of Agriculture and Food Markets,Social Sciences,"Economics, Econometrics and Finance",Economics and Econometrics,126090,13981,443,13965,9.018668192547029,3.172216254923022
T10889,Soil erosion and sediment transport,Life Sciences,Agricultural and Biological Sciences,Soil Science,125485,27058,734,27051,4.637630275704043,2.7133932202136704
T10108,Electoral Systems and Political Participation,Social Sciences,Social Sciences,Political Science and International Relations,125263,25690,1430,25644,4.8759439470611134,5.576353143035408
T11508,Corporate Taxation and Avoidance,Social Sciences,"Business, Management and Accounting",Accounting,124394,13774,1003,13743,9.031073036155075,7.298260932838536
T10058,Entrepreneurship Studies and Influences,Social Sciences,"Business, Management and Accounting",Management of Technology and Innovation,124267,20827,1173,20809,5.966629855476064,5.636983997308857
T10001,Geological and Geochemical Analysis,Physical Sciences,Earth and Planetary Sciences,Geophysics,124098,47353,608,47341,2.620699850062298,1.2842990219893962
T12816,Global Public Health Policies and Epidemiology,Social Sciences,"Business, Management and Accounting",Organizational Behavior and Human Resource Management,124088,20921,1780,20880,5.931265235887386,8.524904214559387
T11641,Insect and Pesticide Research,Life Sciences,Agricultural and Biological Sciences,Insect Science,123261,38325,1090,38305,3.2162035225048924,2.845581516773267
T11459,Arctic and Antarctic ice dynamics,Physical Sciences,Earth and Planetary Sciences,Atmospheric Science,122879,20433,1128,20410,6.013752263495326,5.526702596766291
T11676,Parental Involvement in Education,Social Sciences,Social Sciences,Education,120807,18456,708,18442,6.545676202860858,3.839063008350504
T10747,Disaster Management and Resilience,Social Sciences,Social Sciences,Sociology and Political Science,120620,21411,1872,21336,5.633552846667601,8.773903262092238
T12319,Fish Biology and Ecology Studies,Life Sciences,Agricultural and Biological Sciences,Aquatic Science,120556,31080,598,31076,3.878893178893179,1.9243145836014932
T10576,Opioid Use Disorder Treatment,Health Sciences,Medicine,"Public Health, Environmental and Occupational Health",120427,24378,1596,24330,4.939986873410452,6.55980271270037
T10206,Meta-analysis and systematic reviews,Social Sciences,Decision Sciences,"Statistics, Probability and Uncertainty",120406,14827,754,14798,8.120725703109192,5.0952831463711314
T10318,Criminal Justice and Corrections Analysis,Social Sciences,Social Sciences,Sociology and Political Science,119676,26159,1123,26127,4.574945525440575,4.298235541776706
T11629,"Birth, Development, and Health",Health Sciences,Medicine,"Pediatrics, Perinatology and Child Health",119375,27648,769,27622,4.317672164351852,2.784012743465354
T10722,Work-Family Balance Challenges,Social Sciences,Social Sciences,Sociology and Political Science,117988,17496,1251,17439,6.74371284865112,7.173576466540513
T10976,Viral gastroenteritis research and epidemiology,Health Sciences,Medicine,Infectious Diseases,117972,33075,1123,33057,3.566802721088435,3.397162476933781
T12693,"Migration, Ethnicity, and Economy",Social Sciences,Social Sciences,Sociology and Political Science,117887,17119,668,17105,6.886325135814007,3.905290850628471
T11913,Animal Ecology and Behavior Studies,Physical Sciences,Environmental Science,Ecology,116829,27315,494,27304,4.277100494233937,1.80925871667155
T10819,Mercury impact and mitigation studies,Physical Sciences,Environmental Science,"Health, Toxicology and Mutagenesis",116765,24966,463,24957,4.6769606665064485,1.8551909283968426
T10041,COVID-19 Clinical Research Studies,Health Sciences,Medicine,Infectious Diseases,116213,23791,1692,23766,4.884746332646799,7.119414289320878
T10139,Heavy metals in environment,Physical Sciences,Environmental Science,Pollution,114920,32183,595,32173,3.570829319827238,1.8493768066391074
T10475,Psychological Well-being and Life Satisfaction,Social Sciences,Psychology,Social Psychology,114487,17452,1032,17421,6.56010772404309,5.9238849664198385
T10167,Influenza Virus Research Studies,Health Sciences,Medicine,Epidemiology,114043,27558,1410,27506,4.138290151680093,5.126154293608667
T10585,Family Dynamics and Relationships,Social Sciences,Social Sciences,Demography,113831,20212,765,20180,5.631852364931723,3.790882061446977
T11043,Merger and Competition Analysis,Social Sciences,"Economics, Econometrics and Finance",Economics and Econometrics,113802,14206,448,14192,8.01084048993383,3.156708004509583
T12312,"Culture, Economy, and Development Studies",Social Sciences,Social Sciences,Demography,113696,10047,496,10025,11.316412859560067,4.947630922693267
T11084,Workplace Health and Well-being,Health Sciences,Health Professions,General Health Professions,113477,23252,1148,23215,4.880311371064854,4.945078612965755
T10051,Asthma and respiratory diseases,Health Sciences,Medicine,Physiology,113151,36954,772,36946,3.061941873680792,2.089536079683863
T10845,Advanced Causal Inference Techniques,Physical Sciences,Mathematics,Statistics and Probability,112974,10408,658,10376,10.854534973097618,6.341557440246723
T12013,Sustainable Development and Environmental Policy,Physical Sciences,Environmental Science,"Management, Monitoring, Policy and Law",111957,11532,914,11510,9.708376690946931,7.940920938314509
T12073,Isotope Analysis in Ecology,Physical Sciences,Environmental Science,Ecology,111677,28914,681,28897,3.8623850038043854,2.3566460186178495
T10833,Vaccine Coverage and Hesitancy,Social Sciences,Social Sciences,Health,111317,25991,2220,25942,4.282905621176561,8.557551460951354
T10166,Mosquito-borne diseases and control,Health Sciences,Medicine,"Public Health, Environmental and Occupational Health",111059,33302,1370,33247,3.3349048105218904,4.120672541883478
T11712,Intergenerational Family Dynamics and Caregiving,Social Sciences,Social Sciences,Sociology and Political Science,110283,24781,1340,24746,4.45030466889956,5.415016568334276
T11243,Respiratory viral infections research,Health Sciences,Medicine,Epidemiology,109275,27984,1604,27909,3.904909948542024,5.747249991042316
T12047,Viral Infections and Vectors,Health Sciences,Medicine,Infectious Diseases,108739,31489,1431,31476,3.453237638540443,4.546321006481128
T10419,Pharmaceutical and Antibiotic Environmental Impacts,Physical Sciences,Environmental Science,Pollution,108504,26706,1199,26684,4.062907211862503,4.493329335931644
T12656,"Climate Change, Adaptation, Migration",Social Sciences,Social Sciences,Sociology and Political Science,106372,12440,1602,12386,8.5508038585209,12.933957694170838
T10070,Political Conflict and Governance,Social Sciences,Social Sciences,Sociology and Political Science,106115,18838,1033,18801,5.6330289839685745,5.494388596351258
T10255,Oceanographic and Atmospheric Processes,Physical Sciences,Earth and Planetary Sciences,Oceanography,105806,25837,809,25820,4.095134884080969,3.1332300542215337
T10012,Genetic diversity and population structure,Life Sciences,"Biochemistry, Genetics and Molecular Biology",Genetics,105797,28878,583,28865,3.663584735785027,2.0197470985622727
T10236,Aquatic Ecosystems and Phytoplankton Dynamics,Physical Sciences,Environmental Science,Environmental Chemistry,105615,26314,454,26306,4.013642927719085,1.7258420132289212
T12091,Peatlands and Wetlands Ecology,Physical Sciences,Environmental Science,Ecology,105583,20999,886,20971,5.028001333396828,4.224881979876973
T10376,Suicide and Self-Harm Studies,Social Sciences,Psychology,Clinical Psychology,105367,24612,1779,24536,4.281123029416545,7.250570590153244
T11542,Behavioral Health and Interventions,Social Sciences,Psychology,Applied Psychology,105367,24480,769,24471,4.304207516339869,3.142495198398104
T10557,Social Media and Politics,Social Sciences,Social Sciences,Communication,104372,26478,2098,26436,3.941838507440139,7.936147677409593
T11161,Consumer Market Behavior and Pricing,Social Sciences,"Business, Management and Accounting",Marketing,103868,15882,534,15865,6.539982369978592,3.365899779388591
T10168,COVID-19 and Mental Health,Social Sciences,Psychology,Clinical Psychology,103637,23159,2723,23113,4.475020510384732,11.781248647947043
T13867,Economic Growth and Development,Physical Sciences,Computer Science,Information Systems,103291,9973,900,9946,10.357064072997092,9.048863864870299
T11333,Climate change and permafrost,Physical Sciences,Earth and Planetary Sciences,Atmospheric Science,103039,21705,747,21691,4.7472471780695695,3.443824627725785
T10894,Groundwater flow and contamination studies,Physical Sciences,Environmental Science,Environmental Engineering,102553,26843,499,26837,3.8204746116305928,1.8593732533442635
T10753,Microplastics and Plastic Pollution,Physical Sciences,Environmental Science,Pollution,102422,19176,2311,19126,5.341155611180643,12.083028338387535
T11320,Atmospheric Ozone and Climate,Physical Sciences,Earth and Planetary Sciences,Atmospheric Science,102261,25559,732,25546,4.000978129034782,2.865419243717216
T10786,Maternal Mental Health During Pregnancy and Postpartum,Health Sciences,Medicine,"Public Health, Environmental and Occupational Health",101903,28086,1705,27926,3.6282489496546324,6.1054214710305805
T10692,Urban Green Space and Health,Physical Sciences,Environmental Science,"Health, Toxicology and Mutagenesis",101792,19338,1513,19308,5.263832867928431,7.836130101512326
T11692,Noise Effects and Management,Health Sciences,Health Professions,Speech and Hearing,101565,19455,949,19450,5.220508866615266,4.879177377892031
T11002,Indoor Air Quality and Microbial Exposure,Physical Sciences,Environmental Science,"Health, Toxicology and Mutagenesis",101421,21880,585,21858,4.635329067641682,2.6763656327202856
T11376,Geriatric Care and Nursing Homes,Health Sciences,Health Professions,General Health Professions,101308,27585,1535,27556,3.672575675185789,5.570474669763391
T10267,Higher Education Research Studies,Social Sciences,Social Sciences,Education,100529,13614,608,13604,7.384236815043338,4.4692737430167595
T11270,Complex Systems and Time Series Analysis,Social Sciences,"Economics, Econometrics and Finance",Economics and Econometrics,100117,12897,383,12880,7.762813057300147,2.9736024844720497
T11042,Corruption and Economic Development,Social Sciences,Social Sciences,Sociology and Political Science,100090,10490,646,10467,9.541468064823642,6.171777968854495
T11869,Per- and polyfluoroalkyl substances research,Physical Sciences,Environmental Science,Environmental Chemistry,100038,10345,1275,10319,9.670178830352828,12.355848434925864
T11862,"Agriculture, Land Use, Rural Development",Life Sciences,Agricultural and Biological Sciences,General Agricultural and Biological Sciences,99990,14107,1216,14041,7.087970511093784,8.660351826792963
T12157,Geochemistry and Geologic Mapping,Physical Sciences,Computer Science,Artificial Intelligence,99883,35542,1317,35524,2.810280794552923,3.7073527755883346
T10009,Dementia and Cognitive Impairment Research,Health Sciences,Medicine,Psychiatry and Mental health,99826,30769,1660,30717,3.244369332769996,5.404173584659961
T10027,"Diabetes, Cardiovascular Risks, and Lipoproteins",Health Sciences,Medicine,"Endocrinology, Diabetes and Metabolism",99447,26981,782,26927,3.6858159445535748,2.9041482526831803
T11531,Healthcare Systems and Reforms,Social Sciences,"Economics, Econometrics and Finance",Finance,98985,16885,1289,16855,5.862303819958543,7.647582319786413
T10698,Transportation Planning and Optimization,Social Sciences,Social Sciences,Transportation,98738,23357,927,23337,4.227340840005137,3.9722329348245276
T10136,Statistical Methods and Inference,Physical Sciences,Mathematics,Statistics and Probability,98365,11943,333,11936,8.236205308548941,2.7898793565683646
T12428,Global Trade and Competitiveness,Social Sciences,"Business, Management and Accounting",Strategy and Management,98265,9859,619,9846,9.96703519626737,6.2868169815153365
T11632,Family and Disability Support Research,Social Sciences,Psychology,Clinical Psychology,98236,29783,1282,29755,3.2983916999630662,4.308519576541758
T10370,Traffic and Road Safety,Physical Sciences,Engineering,"Safety, Risk, Reliability and Quality",98224,23002,891,22984,4.270237370663421,3.876609815523843
T11911,Spatial and Panel Data Analysis,Social Sciences,"Economics, Econometrics and Finance",Economics and Econometrics,95988,9421,304,9416,10.188727311325762,3.2285471537807986
T12414,Coastal and Marine Management,Physical Sciences,Environmental Science,"Management, Monitoring, Policy and Law",95944,17233,1479,17186,5.567457784483259,8.605841964389619
T10654,Pneumonia and Respiratory Infections,Health Sciences,Medicine,Epidemiology,95753,27015,916,26993,3.5444382750323893,3.3934723817285963
T10875,Pesticide Exposure and Toxicity,Life Sciences,Agricultural and Biological Sciences,Plant Science,95270,22604,476,22589,4.214740753848877,2.107220328478463
T10414,Cannabis and Cannabinoid Research,Health Sciences,Medicine,Pharmacology,94335,20946,905,20930,4.503723861357777,4.323936932632585
T10556,Global Cancer Incidence and Screening,Health Sciences,Medicine,Oncology,94184,26962,1349,26927,3.493212669683258,5.009841423106919
T12017,Recycling and Waste Management Techniques,Physical Sciences,Environmental Science,Industrial and Manufacturing Engineering,93991,18226,2313,18208,5.156973554263141,12.703207381370826
T10898,Environmental Education and Sustainability,Physical Sciences,Environmental Science,"Management, Monitoring, Policy and Law",93289,17521,1357,17511,5.324410707151419,7.749414653646279
T12095,Vehicle emissions and performance,Physical Sciences,Engineering,Automotive Engineering,92953,19739,965,19728,4.709103804650692,4.891524736415247
T12467,Rangeland Management and Livestock Ecology,Physical Sciences,Environmental Science,"Management, Monitoring, Policy and Law",92793,17878,888,17855,5.19034567625014,4.973396807616914
T10594,Genetic and phenotypic traits in livestock,Life Sciences,"Biochemistry, Genetics and Molecular Biology",Genetics,92566,29618,544,29611,3.1253291917077455,1.837155111276215
T10242,Posttraumatic Stress Disorder Research,Social Sciences,Psychology,Clinical Psychology,92455,21573,1019,21518,4.285681175543504,4.735570220280695
T10398,Groundwater and Isotope Geochemistry,Physical Sciences,Earth and Planetary Sciences,Geochemistry and Petrology,92091,22274,551,22264,4.134461704229146,2.4748472871002516
T12786,Innovation and Socioeconomic Development,Social Sciences,"Business, Management and Accounting",Business and International Management,91825,13819,1275,13801,6.644836818872567,9.238460981088327
T10110,earthquake and tectonic studies,Physical Sciences,Earth and Planetary Sciences,Geophysics,91329,35182,845,35155,2.5959013131715083,2.403641018347319
T11496,Credit Risk and Financial Regulations,Social Sciences,"Economics, Econometrics and Finance",Finance,90126,9195,465,9176,9.80163132137031,5.0675675675675675
T11483,Tropical and Extratropical Cyclones Research,Physical Sciences,Earth and Planetary Sciences,Atmospheric Science,88952,19351,1028,19328,4.596765025063304,5.318708609271523
T10008,Teacher Education and Leadership Studies,Social Sciences,Social Sciences,Education,88235,19591,749,19570,4.503853810423154,3.827286663260092
T10809,Occupational Health and Safety Research,Health Sciences,Health Professions,Radiological and Ultrasound Technology,86689,23864,1083,23840,3.6326265504525646,4.542785234899329
T11560,Animal Disease Management and Epidemiology,Life Sciences,Agricultural and Biological Sciences,Agronomy and Crop Science,86607,24892,1553,24870,3.4793106218865497,6.244471250502613
T11880,Forest ecology and management,Physical Sciences,Environmental Science,Nature and Landscape Conservation,86347,24968,715,24961,3.458306632489587,2.8644685709707143
T11789,Land Rights and Reforms,Life Sciences,Agricultural and Biological Sciences,Soil Science,86052,11111,468,11088,7.744757447574476,4.220779220779221
T10352,Physical Activity and Health,Health Sciences,Medicine,Physiology,85924,20807,954,20772,4.129571778728312,4.592720970537262
T10450,Aquaculture Nutrition and Growth,Life Sciences,Agricultural and Biological Sciences,Aquatic Science,85636,28953,589,28947,2.9577591268607746,2.0347531695857946
T12752,Global Peace and Security Dynamics,Social Sciences,Social Sciences,Political Science and International Relations,85377,24792,1239,24769,3.443731848983543,5.002220517582462
T10314,Social and Intergroup Psychology,Social Sciences,Social Sciences,Sociology and Political Science,85093,20484,678,20476,4.154120289006054,3.311193592498535
T10565,"Psychopathy, Forensic Psychiatry, Sexual Offending",Social Sciences,Psychology,Clinical Psychology,84823,18993,625,18935,4.466013794555889,3.300765777660417
T10143,Chronic Obstructive Pulmonary Disease (COPD) Research,Health Sciences,Medicine,Pulmonary and Respiratory Medicine,84320,26287,951,26269,3.207669190093963,3.620236780996612
T11552,"Global trade, sustainability, and social impact",Social Sciences,"Business, Management and Accounting",Strategy and Management,84026,13320,855,13250,6.308258258258259,6.452830188679245
T11711,COVID-19 Pandemic Impacts,Social Sciences,"Economics, Econometrics and Finance",Economics and Econometrics,83862,13367,1633,13320,6.273808633201167,12.25975975975976
T11350,Sex work and related issues,Social Sciences,Social Sciences,Sociology and Political Science,83587,21432,968,21403,3.9001026502426277,4.5227304583469605
T10243,Statistical Methods and Bayesian Inference,Physical Sciences,Mathematics,Statistics and Probability,83091,11507,283,11502,7.220909011905796,2.4604416623195964
T11060,Infant Development and Preterm Care,Health Sciences,Medicine,"Pediatrics, Perinatology and Child Health",82981,24310,1067,24266,3.4134512546277254,4.397098821396193
T14094,Italy: Economic History and Contemporary Issues,Social Sciences,"Economics, Econometrics and Finance",Economics and Econometrics,82891,6821,389,6758,12.152323706201436,5.756140870079905
T11499,ICT Impact and Policies,Physical Sciences,Engineering,Media Technology,82499,13084,771,13067,6.3053347600122285,5.900359684701921
T10038,Tuberculosis Research and Epidemiology,Health Sciences,Medicine,Infectious Diseases,82345,24058,867,24030,3.422769972566298,3.6079900124843944
T11207,Alcohol Consumption and Health Effects,Health Sciences,Medicine,Pathology and Forensic Medicine,82199,21000,560,20990,3.9142380952380953,2.6679371129109097
T10785,Economic Theory and Institutions,Social Sciences,"Economics, Econometrics and Finance",Economics and Econometrics,82168,11807,267,11802,6.959261455069027,2.2623284189120487
T10289,European Union Policy and Governance,Social Sciences,Social Sciences,Political Science and International Relations,81944,20791,1228,20752,3.9413207637920253,5.917501927525058
T10216,"Migration, Refugees, and Integration",Social Sciences,Social Sciences,Sociology and Political Science,81714,18250,1473,18216,4.477479452054794,8.086297760210803
T12246,Chronic Disease Management Strategies,Health Sciences,Medicine,Epidemiology,81633,19538,1242,19506,4.178165625959668,6.3672716087357735
T10213,Public Policy and Administration Research,Social Sciences,Social Sciences,Public Administration,81229,16715,689,16693,4.859647023631469,4.1274785838375365
T10453,Maternal and Perinatal Health Interventions,Health Sciences,Medicine,Obstetrics and Gynecology,81153,23687,1133,23529,3.4260564866804577,4.815334268349696
T11186,Hydrology and Drought Analysis,Physical Sciences,Environmental Science,Global and Planetary Change,80991,15363,825,15352,5.271821909783245,5.373892652423137
T10146,Cervical Cancer and HPV Research,Health Sciences,Medicine,Epidemiology,80201,23321,844,23291,3.4390034732644397,3.623717315701344
T10106,Autism Spectrum Disorder Research,Life Sciences,Neuroscience,Cognitive Neuroscience,79799,27713,1026,27682,2.8794789448995055,3.7063795968499385
T10177,Palliative Care and End-of-Life Issues,Health Sciences,Medicine,"Public Health, Environmental and Occupational Health",79147,27603,1213,27566,2.867333260877441,4.4003482550968585
T12267,Diet and metabolism studies,Health Sciences,Medicine,Physiology,79122,25842,935,25827,3.061759925702345,3.62024238200333
T10669,Freshwater macroinvertebrate diversity and ecology,Physical Sciences,Environmental Science,Ecology,79088,14782,267,14776,5.350290894330943,1.8069842988630211
T12724,Water-Energy-Food Nexus Studies,Physical Sciences,Environmental Science,Water Science and Technology,78063,12876,989,12860,6.062674743709226,7.690513219284603
T10282,Financial Risk and Volatility Modeling,Social Sciences,"Economics, Econometrics and Finance",Finance,77929,10799,187,10792,7.216316325585702,1.7327650111193478
T11824,Injury Epidemiology and Prevention,Health Sciences,Medicine,"Public Health, Environmental and Occupational Health",77022,19403,780,19384,3.969592331082822,4.023937267849773
T12773,Water Quality and Resources Studies,Physical Sciences,Environmental Science,Water Science and Technology,76825,16806,396,16802,4.571284065214805,2.3568622783002025
T11903,Private Equity and Venture Capital,Social Sciences,"Business, Management and Accounting",Accounting,76400,10447,603,10437,7.313104240451804,5.77752227651624
T12196,Community Health and Development,Health Sciences,Health Professions,General Health Professions,76249,17008,668,16995,4.483125587958607,3.9305678140629596
T10112,HIV Research and Treatment,Life Sciences,Immunology and Microbiology,Virology,75699,23390,417,23378,3.236383069687901,1.7837282915561639
T12011,"Insurance, Mortality, Demography, Risk Management",Social Sciences,Social Sciences,Demography,75294,11124,495,11098,6.768608414239482,4.460263110470355
T10151,Hepatitis C virus research,Health Sciences,Medicine,Hepatology,74806,22688,462,22679,3.29716149506347,2.0371268574452137
T12057,Consumer Attitudes and Food Labeling,Health Sciences,Medicine,"Public Health, Environmental and Occupational Health",74391,13503,1221,13460,5.509220173294823,9.071322436849925
T10965,Geological formations and processes,Physical Sciences,Earth and Planetary Sciences,Earth-Surface Processes,74140,27336,282,27326,2.712174422007609,1.03198419088048
T12033,Agricultural Economics and Policy,Life Sciences,Agricultural and Biological Sciences,General Agricultural and Biological Sciences,74134,11508,532,11480,6.4419534237052485,4.634146341463414
T10549,Neonatal Respiratory Health Research,Health Sciences,Medicine,Pulmonary and Respiratory Medicine,74110,29077,820,29033,2.5487498710320873,2.82437226604209
T10428,Reproductive tract infections research,Life Sciences,Immunology and Microbiology,Microbiology,73303,18430,621,18401,3.9773738469886055,3.374816586055106
T11180,Pesticide and Herbicide Environmental Studies,Physical Sciences,Environmental Science,Pollution,73247,19308,339,19292,3.7936088667909673,1.7572050590918515
T10979,Breastfeeding Practices and Influences,Health Sciences,Medicine,Epidemiology,73187,17857,758,17833,4.098504788038304,4.250546739191387
T11792,Pharmaceutical Economics and Policy,Social Sciences,"Economics, Econometrics and Finance",Economics and Econometrics,73151,16377,1155,16352,4.466691091164438,7.063356164383562
T11182,Auction Theory and Applications,Social Sciences,Decision Sciences,Management Science and Operations Research,72898,11363,306,11351,6.415383261462642,2.6957977270725046
T12010,Evaluation and Performance Assessment,Social Sciences,Decision Sciences,Management Science and Operations Research,72654,13263,562,13255,5.477946166025786,4.239909468125235
T12806,Ocean Acidification Effects and Responses,Physical Sciences,Earth and Planetary Sciences,Oceanography,72499,10856,578,10843,6.678242446573323,5.330628054966338
T12713,Forest Ecology and Biodiversity Studies,Life Sciences,Agricultural and Biological Sciences,Insect Science,72056,18196,837,18171,3.9599912068586502,4.606240713224368
T12147,Urban and Rural Development Challenges,Social Sciences,Social Sciences,Urban Studies,71959,12663,638,12644,5.682618652767906,5.045871559633028
T11437,Digital Platforms and Economics,Social Sciences,"Business, Management and Accounting",Strategy and Management,71782,12269,778,12242,5.8506805770641455,6.3551707237379516
T13396,Agriculture and Rural Development Research,Life Sciences,Agricultural and Biological Sciences,"Ecology, Evolution, Behavior and Systematics",71720,17455,1098,17438,4.108851331996562,6.2965936460603285
T10340,Hepatitis B Virus Studies,Health Sciences,Medicine,Epidemiology,71611,22297,543,22290,3.2116876709871285,2.43606998654105
T10091,Malaria Research and Control,Health Sciences,Medicine,"Public Health, Environmental and Occupational Health",71502,21751,642,21732,3.2872971357638727,2.9541689674213143
T12208,Occupational exposure and asthma,Health Sciences,Medicine,"Public Health, Environmental and Occupational Health",70879,17099,462,17068,4.14521317036084,2.7068197797047104
T10825,Plant Pathogens and Fungal Diseases,Life Sciences,"Biochemistry, Genetics and Molecular Biology",Cell Biology,70676,34791,1036,34783,2.0314449139145183,2.9784664922519624
T11047,Gender Diversity and Inequality,Social Sciences,Social Sciences,Gender Studies,70574,15801,874,15777,4.466426175558509,5.539709703999493
T10144,Blood Pressure and Hypertension Studies,Health Sciences,Medicine,Cardiology and Cardiovascular Medicine,70033,20382,681,20354,3.4360219801785887,3.3457796993220006
T11488,Climate Change Communication and Perception,Social Sciences,Social Sciences,Sociology and Political Science,70005,12898,1228,12849,5.42758567219724,9.557163981632812
T10397,Nutrition and Health in Aging,Health Sciences,Medicine,Physiology,69892,23139,1128,23103,3.020528112710143,4.88248279444228
T11239,Social Capital and Networks,Social Sciences,Social Sciences,Sociology and Political Science,69781,9953,333,9927,7.011051944137446,3.354487760652765
T10486,Salmonella and Campylobacter epidemiology,Life Sciences,Agricultural and Biological Sciences,Food Science,69594,19393,580,19385,3.5886144485123497,2.992004126902244
T12060,Child Development and Digital Technology,Social Sciences,Social Sciences,Education,69511,18420,1525,18364,3.773669923995657,8.304291004138532
T12492,Zoonotic diseases and public health,Health Sciences,Medicine,"Public Health, Environmental and Occupational Health",69320,15104,1548,15021,4.589512711864407,10.30557219892151
T11823,Natural Resources and Economic Development,Social Sciences,"Economics, Econometrics and Finance","General Economics, Econometrics and Finance",69270,9272,656,9247,7.470880069025021,7.094192711149562
T11426,Genetically Modified Organisms Research,Life Sciences,Agricultural and Biological Sciences,Plant Science,69186,11284,470,11261,6.131336405529954,4.173696829766451
T10526,HIV/AIDS drug development and treatment,Health Sciences,Medicine,Infectious Diseases,68794,18451,399,18443,3.728470001625928,2.16342243669685
T12501,Digital Economy and Work Transformation,Social Sciences,Social Sciences,Sociology and Political Science,68257,9793,1650,9707,6.969978556111508,16.998042649634286
T11633,Prenatal Substance Exposure Effects,Health Sciences,Medicine,"Pediatrics, Perinatology and Child Health",68083,15859,526,15846,4.293019736427265,3.3194497033951786
T11760,Plant responses to elevated CO2,Life Sciences,Agricultural and Biological Sciences,Plant Science,67796,14339,303,14336,4.728084245763303,2.113560267857143
T10135,Insect-Plant Interactions and Control,Life Sciences,Agricultural and Biological Sciences,Insect Science,67756,28212,620,28193,2.401673046930384,2.1991274429823005
T11066,Organic Food and Agriculture,Life Sciences,Agricultural and Biological Sciences,Plant Science,67717,12891,1035,12858,5.253044759910015,8.049463369108727
T10995,Methane Hydrates and Related Phenomena,Physical Sciences,Environmental Science,Environmental Chemistry,67705,20158,728,20151,3.358716142474452,3.612723934296065
T11026,Occupational and environmental lung diseases,Health Sciences,Medicine,Pulmonary and Respiratory Medicine,67387,16054,443,16045,4.197520867073626,2.760984730445622
T12614,Indigenous Studies and Ecology,Health Sciences,Health Professions,General Health Professions,67316,13689,663,13669,4.917525020089123,4.850391396590826
T11071,Treatment of Major Depression,Health Sciences,Medicine,Pharmacology,67315,18873,633,18845,3.566735548137551,3.358981162111966
T10332,Amphibian and Reptile Biology,Physical Sciences,Environmental Science,Global and Planetary Change,67185,17288,269,17283,3.886221656640444,1.5564427472082394
T10793,Diabetes Management and Education,Health Sciences,Medicine,"Endocrinology, Diabetes and Metabolism",67094,18005,581,17972,3.7264093307414607,3.232806588025818
T10600,Reproductive Health and Contraception,Health Sciences,Medicine,"Public Health, Environmental and Occupational Health",67029,17720,934,17670,3.7826749435665916,5.2857951329937745
T11430,Disaster Response and Management,Health Sciences,Health Professions,Emergency Medical Services,66938,18946,1201,18896,3.5330940567929905,6.355842506350551
T10537,Attention Deficit Hyperactivity Disorder,Health Sciences,Medicine,Psychiatry and Mental health,66224,22204,722,22178,2.982525671050261,3.25547840202002
T12728,Demographic Trends and Gender Preferences,Social Sciences,Social Sciences,Gender Studies,66211,12259,539,12244,5.401011501753813,4.402156158118262
T10673,Gestational Diabetes Research and Management,Health Sciences,Medicine,Obstetrics and Gynecology,66081,18503,774,18412,3.571366805382911,4.2037801433847495
T10147,Antibiotic Resistance in Bacteria,Life Sciences,"Biochemistry, Genetics and Molecular Biology",Molecular Medicine,65816,21502,1120,21475,3.0609245651567294,5.215366705471478
T10647,Coastal and Marine Dynamics,Physical Sciences,Earth and Planetary Sciences,Earth-Surface Processes,65784,15442,618,15435,4.260069939127056,4.003887269193392
T10485,"Bullying, Victimization, and Aggression",Social Sciences,Psychology,Social Psychology,65701,14064,641,14031,4.6715728100113765,4.568455562682631
T13393,Child Nutrition and Feeding Issues,Health Sciences,Medicine,Psychiatry and Mental health,65552,18344,719,18310,3.573484518098561,3.9268159475696343
T11691,Forest Insect Ecology and Management,Physical Sciences,Environmental Science,Ecology,65440,20202,610,20189,3.2392832392832394,3.021447322799544
T10316,Sleep and related disorders,Social Sciences,Psychology,Experimental and Cognitive Psychology,65251,20055,884,20017,3.2536025928696084,4.416246190737873
T10218,Sepsis Diagnosis and Treatment,Health Sciences,Medicine,Epidemiology,65124,22366,1063,22334,2.911741035500313,4.759559416136832
T10838,Animal Behavior and Welfare Studies,Health Sciences,Veterinary,Small Animals,64884,20923,740,20914,3.101084930459303,3.5382997035478625
T10351,Liver Disease Diagnosis and Treatment,Health Sciences,Medicine,Epidemiology,64460,27390,882,27380,2.353413654618474,3.221329437545654
T11011,Frailty in Older Adults,Health Sciences,Medicine,Geriatrics and Gerontology,64329,18518,1480,18478,3.4738632681715087,8.009524840350688
T13555,"Healthcare cost, quality, practices",Health Sciences,Health Professions,General Health Professions,63945,13767,918,13743,4.64480278927871,6.679764243614931
T10800,Forensic Toxicology and Drug Analysis,Life Sciences,"Pharmacology, Toxicology and Pharmaceutics",Toxicology,63842,16553,727,16514,3.85682353651906,4.40232529974567
T11762,"Law, Economics, and Judicial Systems",Social Sciences,"Economics, Econometrics and Finance",Economics and Econometrics,63726,11887,386,11877,5.3609825860183395,3.24997895091353
T11581,Viral Infections and Outbreaks Research,Health Sciences,Medicine,Infectious Diseases,63382,16555,1195,16473,3.8285714285714287,7.254294906817216
T12618,Botany and Plant Ecology Studies,Life Sciences,Agricultural and Biological Sciences,Plant Science,63373,20836,384,20833,3.0415146861201765,1.8432294916718668
T10990,Infection Control and Ventilation,Health Sciences,Medicine,Pulmonary and Respiratory Medicine,63240,12723,644,12703,4.970525819382221,5.069668582224671
T11380,Child Welfare and Adoption,Social Sciences,Social Sciences,Safety Research,63220,15218,626,15207,4.154290971218294,4.116525284408496
T10053,International Relations and Foreign Policy,Social Sciences,Social Sciences,Political Science and International Relations,63167,15979,1015,15943,3.953125977845923,6.366430408329674
T12394,Insurance and Financial Risk Management,Social Sciences,"Economics, Econometrics and Finance",Economics and Econometrics,63076,9731,742,9719,6.481964854588429,7.634530301471345
T12664,Clinical practice guidelines implementation,Health Sciences,Medicine,"Public Health, Environmental and Occupational Health",63044,11435,612,11411,5.513248797551378,5.363245990710718
T10535,Landslides and related hazards,Physical Sciences,Environmental Science,"Management, Monitoring, Policy and Law",63024,18718,693,18708,3.367026391708516,3.7042976266837715
T11365,Islamic Finance and Banking Studies,Social Sciences,"Business, Management and Accounting",Accounting,62614,9008,490,9006,6.950932504440497,5.4408172329558075
T10065,Atrial Fibrillation Management and Outcomes,Health Sciences,Medicine,Cardiology and Cardiovascular Medicine,62476,22910,915,22844,2.7270187690964645,4.005428121169673
T10399,Hydrocarbon exploration and reservoir analysis,Physical Sciences,Engineering,Mechanics of Materials,62457,22275,435,22274,2.803905723905724,1.952949627368232
T10006,Job Satisfaction and Organizational Behavior,Social Sciences,"Business, Management and Accounting",Organizational Behavior and Human Resource Management,62344,18083,636,18052,3.4476580213460157,3.5231553290494126
T10322,Respiratory Support and Mechanisms,Health Sciences,Medicine,Pulmonary and Respiratory Medicine,62114,22342,705,22322,2.780145018351088,3.158319147029836
T10880,Environmental Sustainability in Business,Social Sciences,"Business, Management and Accounting",Marketing,61899,14731,1194,14719,4.201955060756228,8.111964127997826
T10290,Pregnancy and preeclampsia studies,Health Sciences,Medicine,Obstetrics and Gynecology,61722,21377,765,21259,2.8873087898208354,3.598475939602051
T11838,"Crime, Illicit Activities, and Governance",Social Sciences,Social Sciences,Sociology and Political Science,61701,13173,687,13138,4.683898884081075,5.229106408890242
T11368,Long-Term Effects of COVID-19,Health Sciences,Medicine,Neurology,61649,13916,1755,13901,4.4300804828973845,12.624991007841162
T10510,Stroke Rehabilitation and Recovery,Health Sciences,Medicine,Rehabilitation,61607,22098,1216,22032,2.7878993574079103,5.51924473493101
T11199,Pain Management and Opioid Use,Health Sciences,Medicine,Anesthesiology and Pain Medicine,61304,16540,457,16529,3.7064087061668682,2.764837558230988
T14509,demographic modeling and climate adaptation,Social Sciences,Decision Sciences,Management Science and Operations Research,61184,8539,650,8502,7.165241831596205,7.6452599388379205
T10506,Aquaculture disease management and microbiota,Life Sciences,Immunology and Microbiology,Immunology,60964,21503,545,21492,2.8351392828907596,2.535827284571003
T10156,"LGBTQ Health, Identity, and Policy",Social Sciences,Psychology,Social Psychology,60954,16688,1446,16668,3.652564717162033,8.675305975521958
T11871,Advanced Statistical Methods and Models,Physical Sciences,Mathematics,Statistics and Probability,60946,9294,112,9292,6.557564019797719,1.2053379250968574
T10198,Heart Failure Treatment and Management,Health Sciences,Medicine,Cardiology and Cardiovascular Medicine,60913,19342,1003,19282,3.1492606762485784,5.201742557825952
T10552,Colorectal Cancer Screening and Detection,Health Sciences,Medicine,Oncology,60710,20034,791,19973,3.030348407706898,3.9603464677314375
T10103,Reading and Literacy Development,Social Sciences,Psychology,Developmental and Educational Psychology,60601,17836,376,17826,3.3976788517604843,2.1092785818467408
T11548,Sexual Assault and Victimization Studies,Social Sciences,Social Sciences,Gender Studies,60562,13090,701,13064,4.626585179526356,5.36589099816289
T10878,CRISPR and Genetic Engineering,Life Sciences,"Biochemistry, Genetics and Molecular Biology",Molecular Biology,60513,17820,823,17806,3.3957912457912456,4.622037515444232
T10178,Cancer survivorship and care,Health Sciences,Medicine,Oncology,60493,21739,928,21713,2.782694696168177,4.273937272601668
T10873,Bacterial Infections and Vaccines,Life Sciences,Immunology and Microbiology,Microbiology,60470,16700,553,16670,3.620958083832335,3.3173365326934614
T10897,Antibiotic Use and Resistance,Life Sciences,Immunology and Microbiology,Applied Microbiology and Biotechnology,60465,16061,1237,16029,3.7647095448602204,7.7172624617880095
T12503,Social Acceptance of Renewable Energy,Social Sciences,Social Sciences,Sociology and Political Science,60421,9484,1122,9446,6.370835090679038,11.878043616345543
T11990,Global Health Workforce Issues,Health Sciences,Health Professions,Emergency Medical Services,60420,15492,1037,15465,3.9000774593338496,6.705463950856774
T11228,Bat Biology and Ecology Studies,Life Sciences,Agricultural and Biological Sciences,"Ecology, Evolution, Behavior and Systematics",60250,12290,306,12285,4.902359641985354,2.490842490842491
T13883,Child and Adolescent Health,Health Sciences,Health Professions,General Health Professions,60047,16154,819,16127,3.717159836572985,5.078439883425312
T10081,"Auditing, Earnings Management, Governance",Social Sciences,"Business, Management and Accounting",Accounting,59834,12432,326,12414,4.812902187902188,2.6260673433220556
T11432,Gender Politics and Representation,Social Sciences,Social Sciences,Gender Studies,59789,12633,996,12598,4.73276339745112,7.906016828067948
T12714,Youth Education and Societal Dynamics,Social Sciences,Social Sciences,Sociology and Political Science,59746,11710,925,11684,5.102134927412468,7.9168093118794935
T13015,"Botany, Ecology, and Taxonomy Studies",Life Sciences,Agricultural and Biological Sciences,Plant Science,59716,19849,182,19845,3.0085142828354074,0.9171075837742504
T11681,Nosocomial Infections in ICU,Health Sciences,Medicine,Critical Care and Intensive Care Medicine,59481,16599,536,16588,3.583408639074643,3.231251507113576
T10200,Rheumatoid Arthritis Research and Therapies,Health Sciences,Medicine,Rheumatology,59383,18976,638,18968,3.1293739460370995,3.3635596794601432
T10749,International Law and Human Rights,Social Sciences,Social Sciences,Political Science and International Relations,59144,20174,595,20163,2.931694259938535,2.9509497594603977
T11594,Tree-ring climate responses,Physical Sciences,Earth and Planetary Sciences,Atmospheric Science,59095,13150,433,13134,4.4939163498098855,3.296786965128674
T10355,Impact of Technology on Adolescents,Social Sciences,Social Sciences,Sociology and Political Science,58702,16564,1663,16462,3.5439507365370684,10.102053213461305
T11141,Childhood Cancer Survivors' Quality of Life,Health Sciences,Medicine,"Pediatrics, Perinatology and Child Health",58606,21967,815,21945,2.6679109573451085,3.7138300296195035
T11387,Ichthyology and Marine Biology,Physical Sciences,Environmental Science,Nature and Landscape Conservation,58543,14850,512,14821,3.942289562289562,3.454557722151002
T10416,Traumatic Brain Injury Research,Health Sciences,Medicine,Epidemiology,58514,20610,1069,20587,2.8391072295002426,5.192597270121921
T11519,Digital Mental Health Interventions,Social Sciences,Psychology,Applied Psychology,58485,15902,1873,15728,3.677839265501195,11.908697863682605
T10152,Animal Nutrition and Physiology,Life Sciences,Agricultural and Biological Sciences,Animal Science and Zoology,58386,25661,371,25656,2.2752815556681347,1.4460555035859057
T10702,Insect and Arachnid Ecology and Behavior,Life Sciences,"Biochemistry, Genetics and Molecular Biology",Genetics,58345,18612,607,18607,3.1348055018267784,3.262213145590369
T10560,Diabetes Management and Research,Health Sciences,Medicine,"Endocrinology, Diabetes and Metabolism",58257,19024,714,18993,3.0622897392767032,3.7592797346390774
T11573,Risk Perception and Management,Social Sciences,Social Sciences,Sociology and Political Science,58246,11878,487,11858,4.903687489476343,4.106932029009951
T10227,Acute Ischemic Stroke Management,Health Sciences,Medicine,Epidemiology,58056,19314,989,19223,3.005902454178316,5.144878530926494
T10915,Trace Elements in Health,Health Sciences,Nursing,Nutrition and Dietetics,58055,19384,236,19382,2.9949958728848536,1.217624600144464
T10071,Bone health and osteoporosis research,Health Sciences,Medicine,Orthopedics and Sports Medicine,58050,17994,351,17989,3.2260753584528175,1.9511923953527155
T13710,European and International Law Studies,Social Sciences,Social Sciences,Political Science and International Relations,58033,17566,1059,17550,3.303711715814642,6.034188034188034
T12120,Air Quality Monitoring and Forecasting,Physical Sciences,Environmental Science,Environmental Engineering,57872,14452,869,14440,4.0044284528093,6.018005540166205
T10174,Animal Behavior and Reproduction,Life Sciences,Agricultural and Biological Sciences,"Ecology, Evolution, Behavior and Systematics",57695,20001,230,19997,2.8846057697115146,1.1501725258788817
T10826,Behavioral and Psychological Studies,Social Sciences,Psychology,Developmental and Educational Psychology,57528,16266,275,16253,3.536702323865732,1.6919953239401957
T10098,Ruminant Nutrition and Digestive Physiology,Life Sciences,Agricultural and Biological Sciences,Agronomy and Crop Science,57454,22893,389,22888,2.5096754466430786,1.699580566235582
T11639,Mental Health and Patient Involvement,Health Sciences,Health Professions,General Health Professions,57432,16913,1110,16839,3.3957310944244075,6.591840370568324
T10263,Eating Disorders and Behaviors,Social Sciences,Psychology,Clinical Psychology,56884,19041,868,18949,2.9874481382280345,4.58071666050979
T10401,Diabetes Treatment and Management,Health Sciences,Medicine,"Endocrinology, Diabetes and Metabolism",56836,17008,1346,16941,3.341721542803387,7.9452216516144265
T10645,Cardiac Arrest and Resuscitation,Health Sciences,Medicine,Emergency Medicine,56747,24443,1486,24402,2.321605367589903,6.089664781575281
T10056,Neurotransmitter Receptor Influence on Behavior,Life Sciences,Neuroscience,Cellular and Molecular Neuroscience,56728,19775,281,19766,2.868672566371681,1.421633107356066
T10856,Intellectual Property and Patents,Social Sciences,"Business, Management and Accounting",Management of Technology and Innovation,56717,8619,371,8602,6.58046177050702,4.3129504766333415
T11446,Mobile Health and mHealth Applications,Health Sciences,Health Professions,General Health Professions,56684,17235,1428,17177,3.2888888888888888,8.313442393898818
T11423,Pesticide Residue Analysis and Safety,Life Sciences,Agricultural and Biological Sciences,Food Science,56671,14539,547,14521,3.8978609257858174,3.7669581984711797
T11467,Trauma and Emergency Care Studies,Health Sciences,Medicine,Emergency Medicine,56556,21469,1229,21434,2.6343099352554846,5.733880750209947
T12644,Wildlife-Road Interactions and Conservation,Physical Sciences,Environmental Science,Ecology,56428,9154,484,9132,6.164299759667904,5.300043802014892
T14039,Ecology and biodiversity studies,Physical Sciences,Environmental Science,Ecology,56190,11570,330,11558,4.856525496974935,2.8551652535040666
T10111,Remote Sensing in Agriculture,Physical Sciences,Environmental Science,Ecology,56005,15817,979,15766,3.5408105203262314,6.209564886464544
T11930,"Cardiac, Anesthesia and Surgical Outcomes",Health Sciences,Medicine,Cardiology and Cardiovascular Medicine,55624,21789,882,21772,2.552847767221993,4.0510747749402904
T10877,Allergic Rhinitis and Sensitization,Health Sciences,Medicine,Immunology and Allergy,55523,20166,441,20160,2.753297629673708,2.1875
T12066,Obesity and Health Practices,Health Sciences,Health Professions,Pharmacy,55412,14601,588,14570,3.795082528593932,4.035689773507206
T11083,Cardiac Health and Mental Health,Health Sciences,Medicine,Cardiology and Cardiovascular Medicine,55343,15826,544,15778,3.4969670163022872,3.4478387628343263
T10539,Sustainable Supply Chain Management,Social Sciences,"Business, Management and Accounting",Strategy and Management,55171,14009,1586,13993,3.9382539795845526,11.33423854784535
T12388,Identification and Quantification in Food,Life Sciences,"Biochemistry, Genetics and Molecular Biology",Molecular Biology,54977,16903,811,16894,3.2524995562917827,4.800520894992305
T11634,Water Quality and Pollution Assessment,Physical Sciences,Environmental Science,Water Science and Technology,54606,13526,379,13520,4.037113706934792,2.8032544378698225
T10292,Acute Myocardial Infarction Research,Health Sciences,Medicine,Cardiology and Cardiovascular Medicine,54507,18016,539,17989,3.0254773534635877,2.9962755016954805
T10418,Pelvic floor disorders treatments,Health Sciences,Medicine,Rheumatology,54420,22515,466,22439,2.417055296469021,2.076741387762378
T11722,Patient Satisfaction in Healthcare,Health Sciences,Health Professions,General Health Professions,54053,13264,445,13249,4.075165862484922,3.3587440561551816
T11095,Emergency and Acute Care Studies,Health Sciences,Medicine,Emergency Medicine,53918,18520,1089,18488,2.91133909287257,5.890307226308957
T11810,Complex Systems and Decision Making,Social Sciences,Decision Sciences,Management Science and Operations Research,53886,11105,424,11097,4.852408824853669,3.820852482652969
T11135,Virology and Viral Diseases,Health Sciences,Medicine,Epidemiology,53837,15319,651,15275,3.5143938899405964,4.261865793780688
T10815,Parasite Biology and Host Interactions,Physical Sciences,Environmental Science,Ecology,53787,19217,369,19208,2.7989280324712493,1.9210745522698875
T13035,Human Rights and Development,Social Sciences,Social Sciences,Sociology and Political Science,53784,11803,685,11755,4.55680759129035,5.827307528711187
T11998,Youth Development and Social Support,Social Sciences,Social Sciences,Safety Research,53776,11505,465,11501,4.674141677531508,4.0431266846361185
T11296,COVID-19 and healthcare impacts,Health Sciences,Medicine,Oncology,53726,13518,1072,13501,3.9744044977067614,7.940152581290275
T12783,"Migration, Aging, and Tourism Studies",Social Sciences,Social Sciences,Demography,53709,13775,854,13759,3.8990199637023593,6.206846427792717
T11755,Transboundary Water Resource Management,Social Sciences,Social Sciences,Sociology and Political Science,53350,9211,778,9179,5.791987840625339,8.475868831027345
T10716,Soil and Unsaturated Flow,Physical Sciences,Engineering,Civil and Structural Engineering,53136,17977,269,17977,2.955776825944262,1.4963564554708795
T10238,Spine and Intervertebral Disc Pathology,Health Sciences,Medicine,Pathology and Forensic Medicine,52941,18355,341,18352,2.884282211931354,1.8581081081081081
T10795,Healthcare professionals’ stress and burnout,Health Sciences,Health Professions,General Health Professions,52838,15641,1110,15603,3.3781727511028707,7.114016535281676
T13193,Geological Studies and Exploration,Physical Sciences,Earth and Planetary Sciences,Geology,52535,17439,325,17437,3.0125007167842193,1.8638527269599128
T10827,Patient-Provider Communication in Healthcare,Health Sciences,Health Professions,General Health Professions,52506,16433,541,16423,3.1951560883587904,3.294160628387018
T10285,Venous Thromboembolism Diagnosis and Management,Health Sciences,Medicine,Internal Medicine,52449,20647,608,20620,2.5402721945076765,2.9485935984481086
T11235,Statistical Methods in Clinical Trials,Physical Sciences,Mathematics,Statistics and Probability,52365,10118,399,10112,5.175429926863017,3.9458069620253164
T10496,Pharmaceutical Practices and Patient Outcomes,Health Sciences,Medicine,Geriatrics and Gerontology,52218,16599,668,16583,3.1458521597686606,4.028221672797443
T13438,Environmental Conservation and Management,Physical Sciences,Environmental Science,"Management, Monitoring, Policy and Law",52192,8157,740,8123,6.39843079563565,9.10993475317001
T11761,Resilience and Mental Health,Social Sciences,Psychology,Clinical Psychology,52187,14616,920,14585,3.5705391351943074,6.307850531367843
T11075,Insect Resistance and Genetics,Life Sciences,"Biochemistry, Genetics and Molecular Biology",Molecular Biology,52078,16554,315,16544,3.145946599009303,1.9040135396518376
T12335,"Sexuality, Behavior, and Technology",Social Sciences,Psychology,Clinical Psychology,51990,13695,781,13674,3.796276013143483,5.711569401784408
T10766,Urban Heat Island Mitigation,Physical Sciences,Environmental Science,Environmental Engineering,51825,12266,910,12247,4.2250937550953855,7.43039111619172
T11678,Healthcare Decision-Making and Restraints,Social Sciences,Psychology,Clinical Psychology,51823,15524,689,15475,3.3382504509147126,4.4523424878836835
T11156,Reproductive Health and Technologies,Health Sciences,Medicine,Reproductive Medicine,51739,18093,1048,18072,2.8596142154424364,5.799026117751217
T13901,State Capitalism and Financial Governance,Social Sciences,"Business, Management and Accounting",Strategy and Management,51591,7105,582,7095,7.261224489795918,8.202959830866808
T12259,Environmental Justice and Health Disparities,Social Sciences,Social Sciences,Sociology and Political Science,51556,9372,644,9357,5.501067008109262,6.882547825157636
T11665,Animal Vocal Communication and Behavior,Life Sciences,"Biochemistry, Genetics and Molecular Biology",Developmental Biology,51536,10241,448,10226,5.03232106239625,4.380989634265598
T12225,Political Influence and Corporate Strategies,Social Sciences,"Business, Management and Accounting",Strategy and Management,51450,11673,523,11667,4.407607298894885,4.48272906488386
T11456,Neuroscience of respiration and sleep,Life Sciences,Neuroscience,Endocrine and Autonomic Systems,51363,18523,328,18518,2.7729309507099282,1.7712495949886597
T10347,Atmospheric aerosols and clouds,Physical Sciences,Environmental Science,Global and Planetary Change,51235,15637,546,15630,3.2765236298522735,3.4932821497120923
T12263,Peacebuilding and International Security,Social Sciences,Social Sciences,Sociology and Political Science,51178,12812,833,12767,3.9945363721511082,6.524633821571238
T11000,Infection Control in Healthcare,Health Sciences,Medicine,Infectious Diseases,51139,10836,419,10819,4.719361387966039,3.872816341621222
T10499,Folate and B Vitamins Research,Health Sciences,Medicine,Rheumatology,51110,16435,340,16425,3.1098265895953756,2.070015220700152
T13605,"Homicide, Infanticide, and Child Abuse",Social Sciences,Social Sciences,Sociology and Political Science,51044,11133,482,11120,4.5849276924458815,4.33453237410072
T10452,Iron Metabolism and Disorders,Health Sciences,Medicine,Hematology,51008,16655,485,16643,3.06262383668568,2.9141380760680167
T12103,Cancer Risks and Factors,Health Sciences,Medicine,Oncology,50899,14616,445,14602,3.482416529830323,3.0475277359265855
T10853,"Anxiety, Depression, Psychometrics, Treatment, Cognitive Process",Social Sciences,Psychology,Experimental and Cognitive Psychology,50862,16662,444,16632,3.052574720921858,2.6695526695526697
T10015,Genomics and Phylogenetic Studies,Life Sciences,"Biochemistry, Genetics and Molecular Biology",Molecular Biology,50650,19761,1158,19736,2.563129396285613,5.867450344548034
T13165,Agricultural safety and regulations,Life Sciences,Agricultural and Biological Sciences,Food Science,50365,7115,671,7081,7.078706957132818,9.476062703008049
T10867,Intensive Care Unit Cognitive Disorders,Health Sciences,Medicine,Critical Care and Intensive Care Medicine,50323,17637,1021,17612,2.853263026591824,5.797183738360209
T10394,Lipoproteins and Cardiovascular Health,Health Sciences,Medicine,Surgery,50287,14053,491,14018,3.578381840176475,3.5026394635468683
T13718,Media Influence and Politics,Social Sciences,Social Sciences,Sociology and Political Science,50132,7086,766,7061,7.074795371154389,10.848321767455035
T11791,Microbial Community Ecology and Physiology,Physical Sciences,Environmental Science,Ecology,50089,18234,673,18228,2.74701107820555,3.6921220100943604
T11493,Water Treatment and Disinfection,Physical Sciences,Environmental Science,"Health, Toxicology and Mutagenesis",50059,13585,368,13581,3.684873021715127,2.7096679184154335
T12443,Delphi Technique in Research,Social Sciences,Social Sciences,Sociology and Political Science,49871,11260,674,11235,4.429040852575488,5.9991099243435695
T10874,Electromagnetic Fields and Biological Effects,Life Sciences,"Biochemistry, Genetics and Molecular Biology",Biophysics,49579,8460,376,8456,5.860401891252955,4.446546830652791
T11300,Global Educational Policies and Reforms,Social Sciences,Social Sciences,Political Science and International Relations,49519,10346,552,10318,4.7862942199884015,5.349874006590425
T10183,Breast Cancer Treatment Studies,Life Sciences,"Biochemistry, Genetics and Molecular Biology",Cancer Research,49463,19761,609,19744,2.503061585952128,3.0844813614262563
T11698,Underwater Acoustics Research,Physical Sciences,Earth and Planetary Sciences,Oceanography,49369,8974,586,8968,5.501337196344997,6.534344335414808
T11933,Mining and Resource Management,Physical Sciences,Engineering,Building and Construction,49317,10449,947,10398,4.719781797301177,9.10752067705328
T10994,"Terrorism, Counterterrorism, and Political Violence",Social Sciences,Social Sciences,Sociology and Political Science,49269,12473,777,12452,3.9500521125631365,6.239961451975586
T10677,Attachment and Relationship Dynamics,Social Sciences,Psychology,Social Psychology,48842,15302,325,15285,3.1918703437459155,2.126267582597318
T12583,Food Waste Reduction and Sustainability,Life Sciences,Agricultural and Biological Sciences,Food Science,48738,8322,1310,8292,5.856524873828406,15.798359864930053
T13844,Higher Education Learning Practices,Social Sciences,Social Sciences,Education,48514,7846,473,7836,6.183278103492225,6.036242981112813
T11388,"Grief, Bereavement, and Mental Health",Social Sciences,Psychology,Clinical Psychology,47955,16361,696,16331,2.931055558951164,4.261833323127794
T11031,Game Theory and Applications,Social Sciences,Decision Sciences,Management Science and Operations Research,47864,7254,130,7243,6.598290598290598,1.794836393759492
T11033,Contact Dermatitis and Allergies,Health Sciences,Medicine,Dermatology,47706,16231,391,16224,2.9391904380506437,2.410009861932939
T12475,Plant Parasitism and Resistance,Life Sciences,Agricultural and Biological Sciences,Plant Science,47668,16313,381,16311,2.922086679335499,2.3358469744344306
T12253,Urban Agriculture and Sustainability,Life Sciences,Agricultural and Biological Sciences,Plant Science,47660,8476,827,8467,5.622935346861727,9.767331994803355
T10296,Vector-borne infectious diseases,Life Sciences,Immunology and Microbiology,Parasitology,47591,18135,612,18126,2.624262475875379,3.3763654419066533
T10121,Building Energy and Comfort Optimization,Physical Sciences,Engineering,Building and Construction,47565,14314,885,14297,3.3229705183736202,6.190109813247535
T10357,Efficiency Analysis Using DEA,Social Sciences,Decision Sciences,Management Science and Operations Research,47434,7561,197,7549,6.273508795132919,2.6096171678367996
T10652,Racial and Ethnic Identity Research,Social Sciences,Social Sciences,Sociology and Political Science,47399,11737,632,11723,4.038425492033739,5.391111490232875
T10625,Herpesvirus Infections and Treatments,Health Sciences,Medicine,Epidemiology,47361,16464,664,16452,2.876639941690962,4.035983467055678
T11373,Sleep and Work-Related Fatigue,Social Sciences,Psychology,Experimental and Cognitive Psychology,47359,11996,494,11976,3.947899299766589,4.124916499665999
T11282,Fibromyalgia and Chronic Fatigue Syndrome Research,Health Sciences,Medicine,Psychiatry and Mental health,47355,13666,644,13660,3.4651690326357385,4.714494875549049
T11454,Cultural Differences and Values,Social Sciences,Psychology,Social Psychology,47164,11663,287,11653,4.043899511274972,2.462885093967219
T11705,Gambling Behavior and Treatments,Social Sciences,Psychology,Clinical Psychology,47150,10578,445,10550,4.457364341085271,4.218009478672986
T11232,Urinary Tract Infections Management,Health Sciences,Medicine,Epidemiology,46969,15669,315,15651,2.9975748292807456,2.0126509488211615
T12185,Regulation and Compliance Studies,Social Sciences,"Business, Management and Accounting",Strategy and Management,46924,8406,463,8383,5.582203188198905,5.5230824287248
T10195,Antimicrobial Resistance in Staphylococcus,Health Sciences,Medicine,Infectious Diseases,46906,16390,371,16386,2.861866992068334,2.264127914072989
T11620,Medication Adherence and Compliance,Health Sciences,Medicine,Family Practice,46439,13755,593,13720,3.3761541257724463,4.322157434402333
T12229,Pharmacological Effects and Toxicity Studies,Health Sciences,Medicine,"Pediatrics, Perinatology and Child Health",46354,17794,344,17784,2.6050354051927616,1.934322986954566
T10114,"Balance, Gait, and Falls Prevention",Health Sciences,Health Professions,"Physical Therapy, Sports Therapy and Rehabilitation",46226,15513,704,15481,2.9798233739444338,4.547509850784833
T11976,Capital Investment and Risk Analysis,Social Sciences,"Economics, Econometrics and Finance",Finance,46192,6655,145,6649,6.940946656649136,2.180779064520981
T12733,Vector-Borne Animal Diseases,Life Sciences,Agricultural and Biological Sciences,"Ecology, Evolution, Behavior and Systematics",46161,17284,747,17262,2.670735940754455,4.327424400417101
T14090,Health and Conflict Studies,Health Sciences,Health Professions,General Health Professions,46105,9419,736,9387,4.8948933007750295,7.840630659422605
T10546,Higher Education Governance and Development,Social Sciences,Social Sciences,Political Science and International Relations,46009,10288,416,10260,4.472103421461897,4.05458089668616
T10494,Plant Virus Research Studies,Life Sciences,Agricultural and Biological Sciences,Plant Science,45964,19667,532,19659,2.337112930289317,2.706139681570782
T10375,Pharmacogenetics and Drug Metabolism,Life Sciences,"Pharmacology, Toxicology and Pharmaceutics",Pharmacology,45870,16855,196,16842,2.721447641649362,1.1637572734829593
T11656,Turtle Biology and Conservation,Physical Sciences,Environmental Science,Nature and Landscape Conservation,45839,9575,226,9565,4.787362924281984,2.362780972294825
T11942,Transportation and Mobility Innovations,Physical Sciences,Engineering,Automotive Engineering,45752,11374,1027,11343,4.022507473184456,9.054042140527198
T13594,Healthcare innovation and challenges,Social Sciences,Social Sciences,Education,45743,12047,678,12021,3.7970449074458372,5.64012977289743
T12615,Climate Change and Geoengineering,Physical Sciences,Environmental Science,Global and Planetary Change,45693,5693,719,5633,8.026172492534691,12.764068879815374
T14393,"Health, Environment, Cognitive Aging",Physical Sciences,Environmental Science,"Health, Toxicology and Mutagenesis",45594,9263,902,9225,4.922163445967829,9.777777777777779
T11957,Food Safety and Hygiene,Life Sciences,Agricultural and Biological Sciences,Food Science,45515,10952,470,10941,4.155861943024105,4.295768211315236
T10189,Anesthesia and Pain Management,Health Sciences,Medicine,Surgery,45500,20071,381,20046,2.2669523192666037,1.9006285543250523
T10344,Management and Organizational Studies,Social Sciences,"Business, Management and Accounting",Organizational Behavior and Human Resource Management,45349,13108,302,13088,3.459642966127556,2.3074572127139366
T12659,Innovation Diffusion and Forecasting,Social Sciences,Decision Sciences,Management Science and Operations Research,45318,6112,332,6107,7.414594240837697,5.4363844768298675
T11147,Misinformation and Its Impacts,Social Sciences,Social Sciences,Sociology and Political Science,45134,11074,1897,11017,4.075672746974896,17.218843605337206
T12014,"Fish biology, ecology, and behavior",Physical Sciences,Environmental Science,Nature and Landscape Conservation,45082,14308,307,14306,3.150824713447023,2.1459527470991193
T11097,Cerebral Palsy and Movement Disorders,Health Sciences,Medicine,Psychiatry and Mental health,45041,17577,621,17559,2.5624964442168743,3.5366478728856996
T12831,School Health and Nursing Education,Health Sciences,Health Professions,Speech and Hearing,45026,10779,398,10760,4.177196400408201,3.6988847583643123
T10569,Bariatric Surgery and Outcomes,Health Sciences,Medicine,Surgery,44943,13978,730,13925,3.215266847903849,5.242369838420108
T12003,Bioenergy crop production and management,Life Sciences,Agricultural and Biological Sciences,Agronomy and Crop Science,44906,10761,313,10759,4.1730322460737845,2.909192304117483
T11743,Political Economy and Marxism,Social Sciences,Social Sciences,Sociology and Political Science,44834,8564,288,8558,5.235170481083606,3.365272259873802
T10387,Fatty Acid Research and Health,Health Sciences,Nursing,Nutrition and Dietetics,44791,13897,180,13893,3.223069727279269,1.295616497516735
T12098,Rural development and sustainability,Life Sciences,Agricultural and Biological Sciences,General Agricultural and Biological Sciences,44771,10496,609,10477,4.265529725609756,5.812732652476854
T11495,Animal Virus Infections Studies,Life Sciences,Agricultural and Biological Sciences,Animal Science and Zoology,44661,14088,476,14082,3.170144804088586,3.3802016758983098
T13283,Mental Health Research Topics,Social Sciences,Psychology,Experimental and Cognitive Psychology,44473,12971,663,12943,3.428648523629635,5.1224600169976044
T13405,Educational Assessment and Improvement,Social Sciences,Decision Sciences,Information Systems and Management,44385,7234,334,7223,6.135609621233066,4.624117402741243
T10333,Meat and Animal Product Quality,Life Sciences,Agricultural and Biological Sciences,Animal Science and Zoology,44350,19926,447,19917,2.225735220315166,2.2443139026961894
T10196,Pain Mechanisms and Treatments,Health Sciences,Medicine,Physiology,44200,14090,207,14082,3.1369765791341377,1.469961653174265
T10508,Patient Safety and Medication Errors,Health Sciences,Health Professions,Emergency Medical Services,44055,13041,457,13021,3.3781918564527262,3.5097150756470317
T10067,Stochastic processes and financial applications,Social Sciences,"Economics, Econometrics and Finance",Finance,44007,6088,96,6084,7.228482260183968,1.5779092702169626
T10900,Listeria monocytogenes in Food Safety,Life Sciences,"Biochemistry, Genetics and Molecular Biology",Biotechnology,43989,13326,330,13312,3.3009905447996397,2.4789663461538463
T10094,Epilepsy research and treatment,Health Sciences,Medicine,Psychiatry and Mental health,43758,18995,428,18984,2.3036588575941037,2.2545301306363252
T10695,Parasites and Host Interactions,Life Sciences,Immunology and Microbiology,Parasitology,43666,14884,343,14875,2.933754367105617,2.3058823529411763
T12213,Marine Ecology and Invasive Species,Physical Sciences,Environmental Science,Global and Planetary Change,43302,10591,381,10578,4.088565763384005,3.601815087918321
T12138,Occupational Health and Performance,Health Sciences,Health Professions,Occupational Therapy,43114,10578,489,10562,4.075817734921535,4.629804961181595
T10768,Electric Vehicles and Infrastructure,Physical Sciences,Engineering,Electrical and Electronic Engineering,43072,9947,1227,9923,4.330149793907711,12.365212133427391
T12265,Gun Ownership and Violence Research,Social Sciences,Social Sciences,Health,42927,8911,585,8889,4.81730445516777,6.581167735403308
T11939,Public-Private Partnership Projects,Social Sciences,"Business, Management and Accounting",Strategy and Management,42903,7006,420,6993,6.12375107051099,6.006006006006006
T12383,Aeolian processes and effects,Physical Sciences,Earth and Planetary Sciences,Earth-Surface Processes,42769,12120,324,12117,3.5287953795379536,2.673929190393662
T11389,Maternal and fetal healthcare,Health Sciences,Medicine,"Pediatrics, Perinatology and Child Health",42549,13027,617,12939,3.266216319950871,4.768529252647036
T11065,Insect Pest Control Strategies,Life Sciences,Agricultural and Biological Sciences,Plant Science,42511,18037,388,18036,2.356877529522648,2.1512530494566424
T12675,Financial Reporting and Valuation Research,Social Sciences,"Business, Management and Accounting",Strategy and Management,42509,6952,126,6947,6.114643268124281,1.8137325464229164
T12227,Environmental and Social Impact Assessments,Physical Sciences,Environmental Science,"Management, Monitoring, Policy and Law",42473,7843,371,7826,5.415402269539717,4.740608228980322
T11056,Physiological and biochemical adaptations,Physical Sciences,Environmental Science,Ecology,42437,13494,214,13490,3.144879205572847,1.586360266864344
T12947,"Health, psychology, and well-being",Health Sciences,Health Professions,General Health Professions,42395,11088,617,11067,3.823502886002886,5.5751332791180985
T10844,Radiation Dose and Imaging,Health Sciences,Medicine,"Radiology, Nuclear Medicine and Imaging",42334,14693,422,14683,2.881235962703328,2.8740720561193216
T12040,International Arbitration and Investment Law,Social Sciences,"Business, Management and Accounting",Strategy and Management,42267,12342,503,12332,3.4246475449684004,4.078819331819656
T11252,Evolutionary Game Theory and Cooperation,Social Sciences,Social Sciences,Sociology and Political Science,42131,8699,166,8693,4.843200367858374,1.9095824226389049
T10582,Ethics in Clinical Research,Health Sciences,Medicine,"Public Health, Environmental and Occupational Health",42008,14157,926,14141,2.9672953309316945,6.548334629799872
T12156,World Trade Organization Law,Social Sciences,Social Sciences,Political Science and International Relations,41794,8955,444,8920,4.6671133445002795,4.977578475336323
T10854,Bipolar Disorder and Treatment,Health Sciences,Medicine,Psychiatry and Mental health,41749,14541,364,14522,2.871123031428375,2.5065417986503236
T10529,Stress Responses and Cortisol,Life Sciences,Neuroscience,Behavioral Neuroscience,41739,15416,337,15402,2.7075116761805917,2.1880275288923516
T11112,Viral Infections and Immunology Research,Health Sciences,Medicine,Cardiology and Cardiovascular Medicine,41519,15117,740,15104,2.746510551035258,4.899364406779661
T11405,Geophysics and Gravity Measurements,Physical Sciences,Earth and Planetary Sciences,Oceanography,41499,8141,320,8135,5.097531015845719,3.933620159803319
T12418,Respiratory and Cough-Related Research,Health Sciences,Medicine,Pulmonary and Respiratory Medicine,41493,14479,308,14474,2.8657365840182334,2.1279535719220672
T11655,HIV-related health complications and treatments,Health Sciences,Medicine,Emergency Medicine,41296,11519,330,11505,3.5850334230401946,2.8683181225554106
T10372,Cardiac Imaging and Diagnostics,Health Sciences,Medicine,"Radiology, Nuclear Medicine and Imaging",41270,18302,544,18263,2.2549448147743414,2.9787001040354815
T13402,Business Strategy and Innovation,Social Sciences,"Business, Management and Accounting",Strategy and Management,41218,8077,159,8076,5.103132351120466,1.9687964338781576
T10124,Prostate Cancer Diagnosis and Treatment,Health Sciences,Medicine,Pulmonary and Respiratory Medicine,41173,18566,587,18553,2.21765593019498,3.163908801811028
T10946,Radioactivity and Radon Measurements,Health Sciences,Health Professions,Radiological and Ultrasound Technology,41033,13802,242,13799,2.9729749311693956,1.7537502717588231
T11754,SARS-CoV-2 detection and testing,Health Sciences,Medicine,Infectious Diseases,40931,8953,708,8938,4.571763654640902,7.921235175654509
T11108,Municipal Solid Waste Management,Physical Sciences,Environmental Science,Industrial and Manufacturing Engineering,40901,9377,816,9361,4.361842806867868,8.717017412669586
T11505,Reproductive biology and impacts on aquatic species,Life Sciences,"Biochemistry, Genetics and Molecular Biology",Physiology,40884,12569,160,12564,3.2527647386426923,1.2734797835084368
T10706,Traumatic Brain Injury and Neurovascular Disturbances,Health Sciences,Medicine,Neurology,40841,17863,712,17826,2.2863460784862566,3.9941658251991474
T10413,High-pressure geophysics and materials,Physical Sciences,Earth and Planetary Sciences,Geophysics,40829,16810,280,16798,2.4288518738845926,1.666865102988451
T11357,Risk and Safety Analysis,Social Sciences,Decision Sciences,"Statistics, Probability and Uncertainty",40821,12759,509,12752,3.1993886668234186,3.991530740276035
T11316,Mycobacterium research and diagnosis,Health Sciences,Medicine,Epidemiology,40703,14967,391,14964,2.719516269125409,2.6129377171879176
T14212,Health Promotion and Cardiovascular Prevention,Health Sciences,Medicine,"Public Health, Environmental and Occupational Health",40690,9534,444,9504,4.267883364799665,4.671717171717172
T12640,Environmental DNA in Biodiversity Studies,Physical Sciences,Environmental Science,Ecology,40653,9708,838,9685,4.187577255871446,8.652555498193083
T12071,Marine Biology and Environmental Chemistry,Physical Sciences,Engineering,Ocean Engineering,40583,10195,182,10189,3.980676802354095,1.7862400628128374
T11651,Inhalation and Respiratory Drug Delivery,Health Sciences,Medicine,Pulmonary and Respiratory Medicine,40519,12728,241,12725,3.1834538026398493,1.893909626719057
T10445,Antioxidant Activity and Oxidative Stress,Health Sciences,Medicine,Biochemistry,40494,13905,157,13897,2.9121898597626754,1.1297402317046845
T10077,Neuroscience and Neuropharmacology Research,Life Sciences,Neuroscience,Cellular and Molecular Neuroscience,40419,20102,174,20099,2.0106954531887373,0.8657147121747351
T11294,Infant Nutrition and Health,Health Sciences,Nursing,Nutrition and Dietetics,40398,13280,354,13261,3.0420180722891565,2.6694819395219063
T11007,Hybrid Renewable Energy Systems,Physical Sciences,Energy,Energy Engineering and Power Technology,40281,9695,1302,9681,4.154822073233626,13.449023861171366
T10636,Innovative Teaching and Learning Methods,Social Sciences,Psychology,Developmental and Educational Psychology,39990,12589,358,12585,3.1765827309555963,2.8446563369090185
T11209,Cardiovascular and exercise physiology,Health Sciences,Medicine,Complementary and alternative medicine,39989,13722,378,13694,2.914225331584317,2.7603329925514823
T10307,Head and Neck Cancer Studies,Health Sciences,Medicine,Otorhinolaryngology,39709,15368,453,15354,2.583875585632483,2.950371238765143
T11119,Urban Stormwater Management Solutions,Physical Sciences,Environmental Science,Environmental Engineering,39623,9649,383,9642,4.106435900093274,3.972204936735117
T12041,Public Health Policies and Education,Health Sciences,Health Professions,General Health Professions,39543,9701,525,9685,4.07617771363777,5.420753742901394
T11164,Remote Sensing and LiDAR Applications,Physical Sciences,Environmental Science,Environmental Engineering,39525,12697,969,12672,3.112940064582185,7.646780303030303
T10171,Biofuel production and bioconversion,Physical Sciences,Engineering,Biomedical Engineering,39482,12409,358,12407,3.181722943025224,2.8854678810348995
T10364,Reproductive Biology and Fertility,Health Sciences,Medicine,"Public Health, Environmental and Occupational Health",39482,19043,474,19028,2.0733077771359554,2.491065797771705
T10277,Vitamin D Research Studies,Health Sciences,Medicine,Pathology and Forensic Medicine,39468,12662,277,12652,3.1170431211498975,2.189377173569396
T11185,Integrated Energy Systems Optimization,Physical Sciences,Engineering,Electrical and Electronic Engineering,39358,8468,953,8423,4.647850732168163,11.314258577703907
T11684,Vibrio bacteria research studies,Life Sciences,"Biochemistry, Genetics and Molecular Biology",Endocrinology,39294,12375,409,12363,3.1752727272727275,3.308258513305832
T10202,Lung Cancer Diagnosis and Treatment,Health Sciences,Medicine,Pulmonary and Respiratory Medicine,39252,16085,669,16078,2.440285980727386,4.16096529419082
T11818,Nicotinic Acetylcholine Receptors Study,Life Sciences,"Biochemistry, Genetics and Molecular Biology",Molecular Biology,39136,9963,299,9953,3.9281340961557762,3.0041193609966843
T12547,Pharmaceutical studies and practices,Health Sciences,Medicine,"Pediatrics, Perinatology and Child Health",39126,13449,512,13438,2.9092125808610305,3.8100907873195418
T13574,Family Support in Illness,Social Sciences,Social Sciences,Sociology and Political Science,39116,13709,608,13695,2.8533080458093223,4.4395764877692585
T10180,Analytical chemistry methods development,Physical Sciences,Chemistry,Analytical Chemistry,39078,14894,189,14892,2.623741103800188,1.2691377921031426
T11819,Data-Driven Disease Surveillance,Health Sciences,Medicine,Epidemiology,39055,9753,569,9733,4.004408899825695,5.846090619541765
T10756,Estrogen and related hormone effects,Life Sciences,"Biochemistry, Genetics and Molecular Biology",Genetics,38801,15284,237,15277,2.538667887987438,1.5513517051777181
T12369,Pneumocystis jirovecii pneumonia detection and treatment,Health Sciences,Medicine,Epidemiology,38718,11903,313,11897,3.252793413425187,2.630915356812642
T11331,Fecal contamination and water quality,Physical Sciences,Environmental Science,Water Science and Technology,38712,8085,242,8068,4.788126159554731,2.9995042141794745
T11895,Social and Cultural Dynamics,Social Sciences,Social Sciences,Sociology and Political Science,38642,8568,281,8557,4.510037348272642,3.283861166296599
T12281,Animal testing and alternatives,Health Sciences,Veterinary,Small Animals,38638,8507,291,8484,4.54190666509933,3.42998585572843
T10055,Diverse Aspects of Tourism Research,Social Sciences,Social Sciences,Sociology and Political Science,38585,12793,556,12786,3.016102556085359,4.34850617863288
T10109,Paleontology and Stratigraphy of Fossils,Physical Sciences,Earth and Planetary Sciences,Paleontology,38560,17120,163,17113,2.2523364485981308,0.9524922573482149
T10279,Urinary Bladder and Prostate Research,Health Sciences,Medicine,Urology,38494,16772,261,16764,2.2951347483901743,1.556907659269864
T10821,Cardiovascular Function and Risk Factors,Health Sciences,Medicine,Cardiology and Cardiovascular Medicine,38487,17047,792,16991,2.2576993019299585,4.6612912718498025
T11036,Antibiotics Pharmacokinetics and Efficacy,Health Sciences,Medicine,Pharmacology,38452,14931,403,14921,2.5753131069586765,2.7008913611688223
T12354,Innovations in Educational Methods,Social Sciences,Social Sciences,Education,38401,3630,135,3620,10.578787878787878,3.729281767955801
T11475,French Urban and Social Studies,Social Sciences,Social Sciences,Sociology and Political Science,38318,13812,642,13796,2.7742542716478424,4.653522760220354
T12075,Sodium Intake and Health,Health Sciences,Nursing,Nutrition and Dietetics,38295,8496,265,8483,4.507415254237288,3.1238948485205706
T11292,Pediatric Pain Management Techniques,Health Sciences,Medicine,"Pediatrics, Perinatology and Child Health",38202,14573,532,14541,2.621423179853153,3.658620452513582
T12248,Water Governance and Infrastructure,Social Sciences,Social Sciences,Political Science and International Relations,38192,8367,544,8349,4.564599019959364,6.515750389268176
T10837,Dermatology and Skin Diseases,Health Sciences,Medicine,Dermatology,38177,15328,460,15318,2.490670668058455,3.003003003003003
T13447,Educational and Psychological Assessments,Social Sciences,Psychology,Developmental and Educational Psychology,38101,10097,444,10091,3.773497078340101,4.399960360717471
T10451,Mycorrhizal Fungi and Plant Interactions,Life Sciences,Agricultural and Biological Sciences,Plant Science,38055,16924,711,16910,2.248581895532971,4.204612655233589
T12025,Hepatitis Viruses Studies and Epidemiology,Health Sciences,Medicine,Hepatology,38019,11082,293,11078,3.430698429886302,2.6448817476078714
T11649,Pharmaceutical industry and healthcare,Life Sciences,"Pharmacology, Toxicology and Pharmaceutics",Pharmacology,38013,9453,344,9443,4.021263091082196,3.642910092131738
T11109,Thermoregulation and physiological responses,Health Sciences,Medicine,Physiology,37956,10016,594,9997,3.7895367412140577,5.941782534760428
T10605,Historical Economic and Social Studies,Social Sciences,"Economics, Econometrics and Finance",Economics and Econometrics,37920,8524,198,8515,4.448615673392774,2.325308279506753
T11528,Lichen and fungal ecology,Life Sciences,Agricultural and Biological Sciences,"Ecology, Evolution, Behavior and Systematics",37807,13030,218,13027,2.9015349194167306,1.673447455285177
T10102,scientometrics and bibliometrics research,Social Sciences,Decision Sciences,"Statistics, Probability and Uncertainty",37751,9333,568,9310,4.044894460516447,6.100966702470462
T10291,Dialysis and Renal Disease Management,Health Sciences,Medicine,Nephrology,37539,17125,484,17110,2.192058394160584,2.8287551139684397
T11410,Cultural Industries and Urban Development,Social Sciences,Social Sciences,Urban Studies,37495,10477,513,10458,3.5787916388279086,4.905335628227195
T11334,Psychosomatic Disorders and Their Treatments,Health Sciences,Medicine,Psychiatry and Mental health,37405,13265,528,13248,2.8198266113833395,3.9855072463768115
T11667,Advanced Chemical Sensor Technologies,Physical Sciences,Engineering,Biomedical Engineering,37395,15515,401,15512,2.4102481469545602,2.5850954100051573
T11954,Energy Efficiency and Management,Physical Sciences,Energy,"Renewable Energy, Sustainability and the Environment",37382,6555,405,6542,5.7028222730739895,6.190767349434424
T10603,Smart Grid Energy Management,Physical Sciences,Engineering,Electrical and Electronic Engineering,37308,10810,765,10794,3.451248843663275,7.087270705947748
T14448,EU Law and Policy Analysis,Social Sciences,Social Sciences,Law,37276,5452,340,5444,6.837123991195892,6.245407788390889
T10368,Dental Health and Care Utilization,Health Sciences,Dentistry,Periodontics,37220,13281,486,13269,2.8024998117611624,3.6626723943025095
T11577,Cognitive Abilities and Testing,Social Sciences,Psychology,Experimental and Cognitive Psychology,37209,8628,211,8615,4.312586926286509,2.4492164828787
T12436,Agronomic Practices and Intercropping Systems,Life Sciences,Agricultural and Biological Sciences,Agronomy and Crop Science,37186,13563,449,13558,2.741723807417238,3.311697890544328
T11116,"Trauma, Hemostasis, Coagulopathy, Resuscitation",Health Sciences,Medicine,Critical Care and Intensive Care Medicine,37076,12913,561,12887,2.8712150545961435,4.353224179405602
T11093,Personality Disorders and Psychopathology,Social Sciences,Psychology,Clinical Psychology,37009,10902,283,10879,3.3946982205099983,2.6013420351135212
T11027,Metabolism and Genetic Disorders,Life Sciences,"Biochemistry, Genetics and Molecular Biology",Clinical Biochemistry,37003,17060,298,17057,2.1689917936694023,1.7470833089054347
T10554,Hemoglobinopathies and Related Disorders,Health Sciences,Medicine,Genetics,36923,15477,463,15468,2.3856690573108486,2.9932764416860613
T11468,Genetic Mapping and Diversity in Plants and Animals,Life Sciences,"Biochemistry, Genetics and Molecular Biology",Genetics,36913,13049,237,13045,2.8287991416966816,1.8167880413951705
T10985,Sleep and Wakefulness Research,Life Sciences,Neuroscience,Cognitive Neuroscience,36892,12913,379,12906,2.85696584836986,2.936618626995196
T10417,Lung Cancer Treatments and Mutations,Health Sciences,Medicine,Pulmonary and Respiratory Medicine,36786,15060,635,15054,2.442629482071713,4.2181480005314205
T11004,Crustacean biology and ecology,Physical Sciences,Environmental Science,Ecology,36779,10615,157,10611,3.4648139425341498,1.479596644991047
T13939,Archaeology and Natural History,Social Sciences,Social Sciences,Anthropology,36766,12501,137,12499,2.9410447164226863,1.0960876870149612
T14334,HIV/AIDS Impact and Responses,Social Sciences,"Economics, Econometrics and Finance",Economics and Econometrics,36750,7871,372,7861,4.66903824164655,4.732222363566976
T10634,Food Allergy and Anaphylaxis Research,Health Sciences,Medicine,Immunology and Allergy,36699,13168,381,13155,2.7869835965978127,2.8962371721778792
T10770,Soil Geostatistics and Mapping,Physical Sciences,Environmental Science,Environmental Engineering,36686,10201,297,10188,3.59631408685423,2.9151943462897525
T12652,International Maritime Law Issues,Physical Sciences,Environmental Science,"Management, Monitoring, Policy and Law",36569,10809,667,10783,3.3831991858636323,6.1856626170824445
T12167,Bacterial Identification and Susceptibility Testing,Life Sciences,"Biochemistry, Genetics and Molecular Biology",Clinical Biochemistry,36556,13388,576,13378,2.7305049297878696,4.305576319330243
T10562,Total Knee Arthroplasty Outcomes,Health Sciences,Medicine,Surgery,36388,14735,420,14721,2.46949440108585,2.8530670470756063
T10668,Endometrial and Cervical Cancer Treatments,Health Sciences,Medicine,Obstetrics and Gynecology,36354,14085,470,14058,2.5810436634717786,3.343292075686442
T10133,Media Studies and Communication,Social Sciences,Social Sciences,Communication,36249,12069,562,12047,3.0034799900571714,4.665061841122271
T10087,Archaeology and ancient environmental studies,Physical Sciences,Earth and Planetary Sciences,Paleontology,36196,14991,272,14986,2.414515375892202,1.815027358868277
T13276,University-Industry-Government Innovation Models,Social Sciences,"Business, Management and Accounting",Management of Technology and Innovation,36192,5421,395,5404,6.676258992805756,7.30940044411547
T10628,China's Socioeconomic Reforms and Governance,Social Sciences,Social Sciences,Political Science and International Relations,36090,8116,345,8104,4.4467718087727945,4.25715695952616
T13770,Pediatric health and respiratory diseases,Health Sciences,Health Professions,Emergency Medical Services,36077,10744,282,10740,3.357874162323157,2.625698324022346
T13456,"Religion, Society, and Development",Social Sciences,Social Sciences,Sociology and Political Science,36062,9286,432,9273,3.8834805082920525,4.658686509220317
T10337,Liver Disease and Transplantation,Health Sciences,Medicine,Hepatology,36060,16688,490,16672,2.1608341323106424,2.9390595009596927
T11091,Extraction and Separation Processes,Physical Sciences,Engineering,Mechanical Engineering,35951,9371,1016,9335,3.8364102016860526,10.883770755222281
T12823,Adolescent and Pediatric Healthcare,Health Sciences,Health Professions,Speech and Hearing,35799,12412,636,12403,2.8842249436029648,5.127791663307264
T10547,"Education, Achievement, and Giftedness",Social Sciences,Psychology,Experimental and Cognitive Psychology,35781,7721,260,7714,4.634244268877088,3.3704952035260565
T13566,Global Educational Reforms and Inequalities,Social Sciences,Social Sciences,Demography,35698,5301,295,5291,6.734201094133183,5.575505575505575
T11888,Gender Roles and Identity Studies,Social Sciences,Social Sciences,Gender Studies,35694,10144,496,10136,3.518730283911672,4.89344909234412
T11397,"Populism, Right-Wing Movements",Social Sciences,Social Sciences,Political Science and International Relations,35687,8847,1080,8786,4.0337967672657395,12.292283177782837
T10769,BRCA gene mutations in cancer,Life Sciences,"Biochemistry, Genetics and Molecular Biology",Genetics,35634,13517,498,13504,2.636235851150403,3.6877962085308056
T10105,Osteoarthritis Treatment and Mechanisms,Health Sciences,Medicine,Rheumatology,35567,10914,203,10910,3.258841854498809,1.8606782768102659
T12432,Arctic and Russian Policy Studies,Social Sciences,Social Sciences,Sociology and Political Science,35513,9300,753,9278,3.818602150537634,8.115973270101314
T11089,Radioactive contamination and transfer,Physical Sciences,Environmental Science,Global and Planetary Change,35485,13130,185,13125,2.7025894897182026,1.4095238095238096
T10079,Nanoparticles: synthesis and applications,Physical Sciences,Materials Science,Materials Chemistry,35377,10318,359,10300,3.428668346578794,3.4854368932038833
T10348,"Indigenous Health, Education, and Rights",Social Sciences,Social Sciences,Health,35326,9582,546,9564,3.6867042371112504,5.708908406524467
T10390,Ovarian function and disorders,Health Sciences,Medicine,Reproductive Medicine,35324,16045,456,16020,2.2015581177937054,2.846441947565543
T11288,Clostridium difficile and Clostridium perfringens research,Health Sciences,Medicine,Infectious Diseases,35220,12136,430,12129,2.9021094264996705,3.5452221947398797
T11635,Poisoning and overdose treatments,Health Sciences,Medicine,Emergency Medicine,35196,10649,295,10640,3.3050990703352428,2.7725563909774436
T11988,Sustainable Building Design and Assessment,Physical Sciences,Engineering,Building and Construction,35180,8496,554,8490,4.140772128060264,6.525323910482921
T11843,Family Business Performance and Succession,Social Sciences,"Business, Management and Accounting",Organizational Behavior and Human Resource Management,35170,8263,289,8258,4.2563233692363545,3.499636715911843
T10953,E-Government and Public Services,Social Sciences,Social Sciences,Political Science and International Relations,35011,7017,452,7005,4.989454182699159,6.452533904354032
T11497,Interprofessional Education and Collaboration,Health Sciences,Health Professions,General Health Professions,34964,11332,683,11303,3.085421814331098,6.0426435459612495
T11371,Wind and Air Flow Studies,Physical Sciences,Environmental Science,Environmental Engineering,34823,12555,395,12545,2.773636001592991,3.1486648066958947
T11744,Health Sciences Research and Education,Health Sciences,Health Professions,General Health Professions,34789,7315,272,7306,4.755844155844156,3.7229674240350397
T11265,Aging and Gerontology Research,Social Sciences,Psychology,Neuropsychology and Physiological Psychology,34782,9976,508,9962,3.4865677626303127,5.09937763501305
T10978,Prenatal Screening and Diagnostics,Health Sciences,Medicine,"Pediatrics, Perinatology and Child Health",34756,13561,504,13545,2.56293783644274,3.7209302325581395
T14143,Economic and Technological Innovation,Social Sciences,"Economics, Econometrics and Finance",Economics and Econometrics,34686,4627,721,4540,7.496433974497514,15.881057268722467
T12462,Elder Abuse and Neglect,Social Sciences,Social Sciences,Demography,34570,7619,414,7605,4.5373408583803645,5.443786982248521
T11732,Assisted Reproductive Technology and Twin Pregnancy,Health Sciences,Medicine,"Pediatrics, Perinatology and Child Health",34448,12834,426,12807,2.6841203054386784,3.3263059264464747
T10240,Plant tissue culture and regeneration,Life Sciences,"Biochemistry, Genetics and Molecular Biology",Molecular Biology,34347,14779,207,14777,2.3240408688003247,1.4008256073627936
T12129,Global Energy Security and Policy,Physical Sciences,Energy,General Energy,34038,7495,910,7444,4.541427618412275,12.224610424502956
T12494,Alcoholism and Thiamine Deficiency,Health Sciences,Medicine,Neurology,34034,9182,231,9172,3.706599869309519,2.5185346707370257
T10350,Electronic Health Records Systems,Health Sciences,Health Professions,Health Information Management,34012,10724,685,10696,3.1715777694889966,6.404263275991025
T11400,Motivation and Self-Concept in Sports,Social Sciences,Psychology,Social Psychology,33974,8806,302,8803,3.858051328639564,3.4306486425082356
T11290,Preterm Birth and Chorioamnionitis,Health Sciences,Medicine,Epidemiology,33970,11283,479,11184,3.010724098200833,4.282904148783977
T11345,Cognitive and developmental aspects of mathematical skills,Physical Sciences,Mathematics,Statistics and Probability,33847,9950,236,9948,3.401708542713568,2.372336147969441
T13944,Psychiatric care and mental health services,Social Sciences,Psychology,Clinical Psychology,33846,10333,480,10304,3.2755250169360304,4.658385093167702
T11964,Pregnancy and Medication Impact,Health Sciences,Medicine,"Public Health, Environmental and Occupational Health",33774,11729,414,11690,2.879529371642936,3.5414884516680925
T10912,Telemedicine and Telehealth Implementation,Health Sciences,Medicine,"Public Health, Environmental and Occupational Health",33723,11182,1102,11153,3.015829010910392,9.880749574105621
T12241,Children's Physical and Motor Development,Social Sciences,Psychology,Developmental and Educational Psychology,33688,9956,396,9951,3.383688228204098,3.979499547784142
T10520,Mycotoxins in Agriculture and Food,Life Sciences,Agricultural and Biological Sciences,Plant Science,33537,13860,208,13857,2.41969696969697,1.5010464025402324
T11539,Survey Methodology and Nonresponse,Social Sciences,Social Sciences,Sociology and Political Science,33491,6298,259,6275,5.317719911082883,4.127490039840637
T10967,Carbon Dioxide Capture Technologies,Physical Sciences,Engineering,Mechanical Engineering,33470,5905,552,5887,5.668077900084674,9.376592491931374
T12308,Mental Health and Psychiatry,Social Sciences,Arts and Humanities,Philosophy,33411,11884,341,11866,2.811427128912824,2.873756952637789
T11184,Neonatal and fetal brain pathology,Health Sciences,Medicine,"Pediatrics, Perinatology and Child Health",33399,13309,349,13263,2.509504846344579,2.6313805323079245
T11515,Bacillus and Francisella bacterial research,Life Sciences,"Biochemistry, Genetics and Molecular Biology",Molecular Biology,33355,9928,815,9905,3.359689766317486,8.228167592125189
T13387,"Politics, Economics, and Education Policy",Social Sciences,"Economics, Econometrics and Finance",Economics and Econometrics,33294,2474,70,2457,13.457558609539207,2.849002849002849
T12310,Crop Yield and Soil Fertility,Life Sciences,Agricultural and Biological Sciences,Agronomy and Crop Science,33239,11081,400,11080,2.9996390217489397,3.6101083032490973
T10293,Thyroid Disorders and Treatments,Health Sciences,Medicine,"Endocrinology, Diabetes and Metabolism",33218,13167,236,13159,2.5228222070327333,1.7934493502545785
T13207,Youth Substance Use and School Attendance,Social Sciences,Social Sciences,Education,33210,5791,449,5775,5.7347608357796584,7.774891774891775
T11153,Streptococcal Infections and Treatments,Health Sciences,Medicine,"Public Health, Environmental and Occupational Health",33193,13111,351,13102,2.531690946533445,2.67898030834987
T10737,Health Literacy and Information Accessibility,Health Sciences,Health Professions,General Health Professions,33188,9872,574,9853,3.3618314424635334,5.825636861869482
T11120,Nonprofit Sector and Volunteering,Social Sciences,Social Sciences,Sociology and Political Science,33098,8657,311,8651,3.8232644103038003,3.594960120217316
T14166,European Monetary and Fiscal Policies,Social Sciences,"Economics, Econometrics and Finance",Finance,33080,5953,432,5912,5.5568620863430205,7.307171853856563
T10890,Trypanosoma species research and implications,Health Sciences,Medicine,Epidemiology,33029,14035,178,14030,2.3533309583184896,1.2687099073414112
T11470,Legume Nitrogen Fixing Symbiosis,Life Sciences,Agricultural and Biological Sciences,Plant Science,32847,15334,350,15332,2.1421025172818573,2.2828072006261415
T10858,Clinical Nutrition and Gastroenterology,Health Sciences,Nursing,Nutrition and Dietetics,32761,12394,266,12382,2.6432951428110374,2.148279760943305
T10185,Lymphoma Diagnosis and Treatment,Health Sciences,Medicine,Pathology and Forensic Medicine,32599,15445,556,15436,2.110650696018129,3.6019694221300855
T10424,Electric Power System Optimization,Physical Sciences,Engineering,Electrical and Electronic Engineering,32562,7722,359,7706,4.216783216783217,4.658707500648845
T12550,"Politics and Conflicts in Afghanistan, Pakistan, and Middle East",Social Sciences,Social Sciences,Political Science and International Relations,32488,9192,413,9180,3.5343777197563098,4.498910675381263
T10137,Multiple Sclerosis Research Studies,Health Sciences,Medicine,Pathology and Forensic Medicine,32453,12748,515,12726,2.5457326639472857,4.046833254754047
T13033,Social Sciences and Governance,Social Sciences,Social Sciences,Urban Studies,32432,10019,460,10008,3.237049605749077,4.596322941646683
T11764,Evolution and Genetic Dynamics,Life Sciences,"Biochemistry, Genetics and Molecular Biology",Genetics,32396,8835,148,8832,3.6667798528579514,1.6757246376811594
T12708,Economic and Financial Impacts of Cancer,Social Sciences,"Economics, Econometrics and Finance",Economics and Econometrics,32371,8626,683,8602,3.75272432181776,7.940013950244129
T12779,Public Procurement and Policy,Social Sciences,"Business, Management and Accounting",Strategy and Management,32336,5559,457,5547,5.816873538406188,8.238687578871462
T10335,Colorectal Cancer Surgical Treatments,Health Sciences,Medicine,Oncology,32335,12673,449,12654,2.551487414187643,3.5482851272324956
T13377,Ecosystem dynamics and resilience,Physical Sciences,Environmental Science,Global and Planetary Change,32329,4125,310,4119,7.8373333333333335,7.526098567613499
T11064,Antiplatelet Therapy and Cardiovascular Diseases,Health Sciences,Medicine,Cardiology and Cardiovascular Medicine,32283,9817,227,9800,3.2884791687888355,2.316326530612245
T11918,Forecasting Techniques and Applications,Social Sciences,Decision Sciences,Management Science and Operations Research,32278,4959,227,4948,6.508973583383747,4.587712206952304
T10085,Parkinson's Disease Mechanisms and Treatments,Health Sciences,Medicine,Neurology,32248,14103,483,14094,2.2866056867333193,3.426990208599404
T11713,Genital Health and Disease,Health Sciences,Medicine,Surgery,32215,9913,239,9909,3.2497730253202866,2.411948733474619
T10696,Gastric Cancer Management and Outcomes,Health Sciences,Medicine,Pulmonary and Respiratory Medicine,32197,14753,631,14696,2.182403578933098,4.2936853565596085
T12825,"Defense, Military, and Policy Studies",Social Sciences,"Economics, Econometrics and Finance",Economics and Econometrics,32148,7587,503,7569,4.237247924080664,6.64552781080724
T10950,Acute Lymphoblastic Leukemia research,Health Sciences,Medicine,"Public Health, Environmental and Occupational Health",32143,11883,440,11869,2.704956660775898,3.7071362372567194
T11092,Spondyloarthritis Studies and Treatments,Health Sciences,Medicine,Rheumatology,31984,9631,375,9627,3.3209427889108087,3.8952944842630104
T10066,Gut microbiota and health,Life Sciences,"Biochemistry, Genetics and Molecular Biology",Molecular Biology,31852,14061,773,14050,2.2652727402033994,5.501779359430605
T10733,Wheat and Barley Genetics and Pathology,Life Sciences,Agricultural and Biological Sciences,Plant Science,31739,13022,232,13018,2.43733681462141,1.7821477953602705
T11509,Hip and Femur Fractures,Health Sciences,Medicine,Surgery,31738,10686,422,10683,2.9700542766236198,3.950201254329308
T12520,Psychology of Moral and Emotional Judgment,Life Sciences,Neuroscience,Cognitive Neuroscience,31736,8797,477,8784,3.607593497783335,5.430327868852459
T11821,Odor and Emission Control Technologies,Physical Sciences,Chemical Engineering,Process Chemistry and Technology,31732,8038,160,8033,3.947748196068674,1.991783891447778
T11623,Hyperglycemia and glycemic control in critically ill and hospita,Health Sciences,Medicine,"Endocrinology, Diabetes and Metabolism",31694,10368,361,10351,3.056905864197531,3.4875857405081634
T10276,Helicobacter pylori-related gastroenterology studies,Health Sciences,Medicine,Surgery,31675,14334,401,14312,2.2097809404213757,2.8018446059250977
T10073,Hepatocellular Carcinoma Treatment and Prognosis,Health Sciences,Medicine,Hepatology,31614,14818,386,14815,2.133486300445404,2.6054674316571043
T11771,Plant Pathogens and Resistance,Life Sciences,Agricultural and Biological Sciences,Plant Science,31605,12957,279,12952,2.439222042139384,2.154107473749228
T11214,Human-Animal Interaction Studies,Life Sciences,"Biochemistry, Genetics and Molecular Biology",Genetics,31563,9892,472,9883,3.190760210270926,4.775877769907923
T11274,Botulinum Toxin and Related Neurological Disorders,Health Sciences,Medicine,Neurology,31539,12844,288,12837,2.455543444409841,2.243514839915868
T11781,Wastewater Treatment and Reuse,Physical Sciences,Environmental Science,Industrial and Manufacturing Engineering,31174,8665,393,8659,3.5976918638199655,4.538630326827578
T12980,Family Caregiving in Mental Illness,Social Sciences,Psychology,Clinical Psychology,31024,8791,360,8756,3.5290638152656126,4.111466423024212
T10883,Ethics and Social Impacts of AI,Social Sciences,Social Sciences,Safety Research,31002,7632,2674,7450,4.062106918238993,35.89261744966443
T12339,Medical Malpractice and Liability Issues,Health Sciences,Health Professions,Pharmacy,30967,9547,328,9540,3.2436367445270764,3.438155136268344
T14464,Community Development and Social Impact,Social Sciences,"Economics, Econometrics and Finance",Finance,30934,6447,479,6431,4.79820071351016,7.448297309905147
T11171,Diabetes and associated disorders,Life Sciences,"Biochemistry, Genetics and Molecular Biology",Genetics,30905,12170,406,12154,2.539441248972884,3.340464044758927
T10283,Hearing Loss and Rehabilitation,Life Sciences,Neuroscience,Cognitive Neuroscience,30858,11658,404,11656,2.646937725167267,3.4660260809883323
T10991,Game Theory and Voting Systems,Social Sciences,"Economics, Econometrics and Finance",Economics and Econometrics,30694,5579,102,5574,5.501702814124395,1.8299246501614639
T12315,Older Adults Driving Studies,Health Sciences,Health Professions,"Physical Therapy, Sports Therapy and Rehabilitation",30648,6801,275,6778,4.506396118217909,4.057244024786073
T14030,Taxation and Legal Issues,Social Sciences,"Business, Management and Accounting",Accounting,30647,6126,370,6120,5.00277505713353,6.045751633986928
T10254,Innovations in Medical Education,Health Sciences,Medicine,"Public Health, Environmental and Occupational Health",30640,13368,512,13355,2.2920406941950926,3.8337701235492325
T11048,Bacteriophages and microbial interactions,Physical Sciences,Environmental Science,Ecology,30578,12830,384,12827,2.3833203429462197,2.9936851952911825
T10981,Cytomegalovirus and herpesvirus research,Health Sciences,Medicine,Epidemiology,30498,12761,321,12754,2.38993809262597,2.51685745648424
T11354,Evolution and Paleontology Studies,Physical Sciences,Earth and Planetary Sciences,Paleontology,30453,10902,155,10899,2.7933406714364337,1.4221488209927515
T11796,Horticultural and Viticultural Research,Life Sciences,Agricultural and Biological Sciences,Plant Science,30436,13963,409,13956,2.1797607963904606,2.930639151619375
T10678,Inflammatory mediators and NSAID effects,Health Sciences,Medicine,Pharmacology,30356,9445,93,9444,3.213975648491265,0.9847522236340533
T11863,"Gender, Security, and Conflict",Social Sciences,Social Sciences,Gender Studies,30333,7992,572,7969,3.7954204204204203,7.177814029363785
T10543,Prostate Cancer Treatment and Research,Health Sciences,Medicine,Pulmonary and Respiratory Medicine,30320,13751,536,13739,2.2049305505054178,3.9013028604701945
T10134,Inflammatory Bowel Disease,Life Sciences,"Biochemistry, Genetics and Molecular Biology",Genetics,30311,12250,409,12234,2.4743673469387755,3.343142063102828
T10170,Retinal Diseases and Treatments,Health Sciences,Medicine,Ophthalmology,30292,12890,333,12882,2.3500387897595036,2.5850023288309267
T11987,COVID-19 Impact on Reproduction,Health Sciences,Medicine,Obstetrics and Gynecology,30288,6782,676,6753,4.465939250958419,10.010365763364431
T14112,"Economic, financial, and policy analysis",Social Sciences,"Economics, Econometrics and Finance","General Economics, Econometrics and Finance",30268,3445,208,3425,8.786066763425254,6.072992700729927
T12392,Sharing Economy and Platforms,Social Sciences,"Business, Management and Accounting",Marketing,30248,6461,715,6451,4.681628230924005,11.083552937529065
T12921,European Criminal Justice and Data Protection,Social Sciences,Social Sciences,Political Science and International Relations,30231,8863,574,8854,3.410921809770958,6.482945561328213
T10908,Analytical Chemistry and Chromatography,Physical Sciences,Chemistry,Spectroscopy,30201,14086,109,14086,2.1440437313644756,0.7738179752946188
T10381,Ophthalmology and Visual Impairment Studies,Health Sciences,Medicine,Epidemiology,30012,12776,460,12766,2.3490920475892296,3.6033213222622593
T11648,"Diaspora, migration, transnational identity",Social Sciences,Social Sciences,Demography,29901,6580,285,6567,4.544224924012158,4.339881224303335
T11465,Drug-Induced Hepatotoxicity and Protection,Life Sciences,"Pharmacology, Toxicology and Pharmaceutics",Pharmacology,29878,12012,122,12008,2.4873459873459876,1.015989340439707
T10665,Cystic Fibrosis Research Advances,Health Sciences,Medicine,Pulmonary and Respiratory Medicine,29838,11509,382,11502,2.592579720218959,3.3211615371239787
T11086,Parasitic Infections and Diagnostics,Life Sciences,Immunology and Microbiology,Parasitology,29805,9660,157,9650,3.0854037267080745,1.6269430051813472
T10710,Arsenic contamination and mitigation,Physical Sciences,Environmental Science,Environmental Chemistry,29790,8456,188,8453,3.5229422894985807,2.2240624630308767
T12929,Animal Genetics and Reproduction,Life Sciences,"Biochemistry, Genetics and Molecular Biology",Genetics,29787,9350,211,9346,3.1857754010695185,2.2576503316927026
T11647,Workplace Violence and Bullying,Social Sciences,Social Sciences,Sociology and Political Science,29748,7932,510,7907,3.750378214826021,6.44998102946756
T11514,Disability Education and Employment,Social Sciences,Social Sciences,Safety Research,29718,8980,474,8962,3.3093541202672605,5.28899799151975
T10162,Online and Blended Learning,Social Sciences,Social Sciences,Education,29683,9794,323,9793,3.0307331018991217,3.298274277545185
T10613,Virus-based gene therapy research,Life Sciences,"Biochemistry, Genetics and Molecular Biology",Genetics,29643,13134,355,13129,2.256966651439013,2.703937847513139
T10730,Language Development and Disorders,Social Sciences,Psychology,Developmental and Educational Psychology,29640,9944,235,9936,2.980691874497184,2.3651368760064413
T11080,Surgical site infection prevention,Health Sciences,Medicine,Surgery,29610,9546,257,9531,3.1018227529855436,2.696464169551988
T10365,Gastrointestinal motility and disorders,Health Sciences,Medicine,Gastroenterology,29596,13024,350,13005,2.2724201474201475,2.6912725874663592
T10408,Chronic Kidney Disease and Diabetes,Health Sciences,Medicine,Nephrology,29595,11352,439,11329,2.607029598308668,3.8750110336305057
T11540,"Gender, Feminism, and Media",Social Sciences,Social Sciences,Gender Studies,29484,9604,714,9594,3.0699708454810497,7.442151344590369
T10280,Shoulder Injury and Treatment,Health Sciences,Medicine,Surgery,29461,11472,321,11468,2.56807880055788,2.7990931287059646
T10257,Oral microbiology and periodontitis research,Health Sciences,Dentistry,Periodontics,29300,12447,355,12438,2.353980878926649,2.8541566168194246
T12210,Policy Transfer and Learning,Social Sciences,Social Sciences,Political Science and International Relations,29294,5988,363,5959,4.892117568470274,6.091626111763719
T11584,Biochemical Analysis and Sensing Techniques,Health Sciences,Nursing,Nutrition and Dietetics,29293,11326,288,11318,2.5863499911707577,2.5446191906697297
T12630,African Botany and Ecology Studies,Life Sciences,Agricultural and Biological Sciences,Forestry,29263,8377,266,8370,3.493255342007879,3.1780167264038233
T10436,Anesthesia and Sedative Agents,Health Sciences,Medicine,Anesthesiology and Pain Medicine,29251,14346,344,14326,2.0389655653143732,2.401228535529806
T10115,Corporate Social Responsibility Reporting,Social Sciences,"Business, Management and Accounting",Strategy and Management,29203,7996,643,7978,3.652201100550275,8.059664076209577
T10971,Olfactory and Sensory Function Studies,Life Sciences,Neuroscience,Sensory Systems,29142,11176,267,11175,2.6075518969219758,2.389261744966443
T10193,Coronary Interventions and Diagnostics,Health Sciences,Medicine,Surgery,29129,12227,309,12197,2.3823505356996812,2.5334098548823483
T10234,Obstructive Sleep Apnea Research,Health Sciences,Medicine,Physiology,29091,11992,376,11986,2.425867244829887,3.1369931586851325
T10217,Cardiac electrophysiology and arrhythmias,Health Sciences,Medicine,Cardiology and Cardiovascular Medicine,29085,14098,310,14074,2.0630585898709035,2.202643171806167
T12502,Urbanization and City Planning,Social Sciences,Social Sciences,Urban Studies,29052,7835,428,7826,3.7079770261646456,5.468949654996167
T10239,Urban Planning and Governance,Social Sciences,Social Sciences,Urban Studies,29049,8168,324,8143,3.556439764936337,3.978877563551517
T13923,Nuclear and radioactivity studies,Physical Sciences,Engineering,"Safety, Risk, Reliability and Quality",29021,9803,258,9799,2.9604202795062737,2.632921726706807
T10459,Sexual function and dysfunction studies,Health Sciences,Medicine,Psychiatry and Mental health,29019,11883,373,11865,2.4420600858369097,3.14369995785925
T10421,Pleistocene-Era Hominins and Archaeology,Social Sciences,Social Sciences,Anthropology,29009,12427,197,12417,2.3343526192966926,1.586534589675445
T14147,Innovative Approaches in Technology and Social Development,Social Sciences,"Business, Management and Accounting",Management of Technology and Innovation,28995,6762,697,6752,4.28793256433008,10.322867298578199
T12965,Wildlife Conservation and Criminology Analyses,Physical Sciences,Environmental Science,Nature and Landscape Conservation,28988,6866,349,6838,4.221963297407515,5.103831529687043
T10641,Central Venous Catheters and Hemodialysis,Health Sciences,Health Professions,Emergency Medical Services,28943,11509,305,11504,2.514814493005474,2.65125173852573
T12596,Cephalopods and Marine Biology,Life Sciences,Agricultural and Biological Sciences,"Ecology, Evolution, Behavior and Systematics",28924,8545,210,8529,3.3849034523112933,2.4621878297572986
T11013,Skin Protection and Aging,Health Sciences,Medicine,Dermatology,28881,9900,246,9896,2.9172727272727275,2.4858528698464024
T10231,Pancreatic and Hepatic Oncology Research,Health Sciences,Medicine,Oncology,28815,14932,468,14901,1.9297481918028396,3.14072881014697
T10342,Circadian rhythm and melatonin,Life Sciences,Neuroscience,Endocrine and Autonomic Systems,28806,10727,357,10720,2.685373356949753,3.330223880597015
T13435,Animal and Plant Science Education,Social Sciences,Psychology,Social Psychology,28762,8112,454,8098,3.545611439842209,5.6063225487774755
T11995,"FinTech, Crowdfunding, Digital Finance",Social Sciences,"Business, Management and Accounting",Management Information Systems,28728,6395,1061,6361,4.492259577795153,16.679767332180475
T13569,Microscopic Colitis,Health Sciences,Medicine,Epidemiology,28640,11277,341,11268,2.5396825396825395,3.0262690805821797
T12860,Family and Patient Care in Intensive Care Units,Health Sciences,Health Professions,Radiological and Ultrasound Technology,28620,11538,492,11513,2.4804992199687987,4.273430035611917
T10693,Blood transfusion and management,Health Sciences,Medicine,Biochemistry,28617,10336,367,10323,2.768672600619195,3.5551680712971034
T13158,Political and Economic history of UK and US,Social Sciences,Social Sciences,Political Science and International Relations,28578,7967,350,7955,3.587046567089243,4.3997485857950975
T10973,Radioactive element chemistry and processing,Physical Sciences,Chemistry,Inorganic Chemistry,28561,12019,146,12019,2.376320825359847,1.214743323071803
T10564,Wastewater Treatment and Nitrogen Removal,Physical Sciences,Environmental Science,Pollution,28531,10297,170,10295,2.770807031174128,1.651287032540068
T10598,Cardiac pacing and defibrillation studies,Health Sciences,Medicine,Cardiology and Cardiovascular Medicine,28460,12977,457,12948,2.19311088849503,3.529502625888168
T11076,Policing Practices and Perceptions,Social Sciences,Social Sciences,Political Science and International Relations,28457,8048,385,8039,3.5359095427435387,4.7891528797114065
T11507,Religion and Society Interactions,Social Sciences,Social Sciences,Sociology and Political Science,28456,8236,254,8232,3.4550752792617776,3.0855199222546164
T11780,Rabies epidemiology and control,Life Sciences,Immunology and Microbiology,Virology,28444,9064,284,9057,3.1381288614298324,3.1356961466269184
T10619,Esophageal Cancer Research and Treatment,Health Sciences,Medicine,Surgery,28411,12637,428,12599,2.248239297301575,3.397095007540281
T12365,Effects of Environmental Stressors on Livestock,Life Sciences,Agricultural and Biological Sciences,Animal Science and Zoology,28343,9505,352,9500,2.9819042609153077,3.705263157894737
T10943,Escherichia coli research studies,Life Sciences,"Biochemistry, Genetics and Molecular Biology",Endocrinology,28322,9340,196,9329,3.0323340471092077,2.100975452888841
T12858,Plant Disease Resistance and Genetics,Life Sciences,Agricultural and Biological Sciences,Plant Science,28316,13541,278,13534,2.091130640277675,2.054086005615487
T11963,Impact of Light on Environment and Health,Physical Sciences,Environmental Science,Global and Planetary Change,28310,5984,446,5975,4.730949197860962,7.464435146443515
T10525,Human-Automation Interaction and Safety,Social Sciences,Psychology,Social Psychology,28241,10229,540,10211,2.760875940952195,5.2884144549995105
T10774,Weed Control and Herbicide Applications,Life Sciences,Agricultural and Biological Sciences,Plant Science,28224,9356,174,9351,3.016673792218897,1.860763554700032
T10550,Ovarian cancer diagnosis and treatment,Health Sciences,Medicine,Reproductive Medicine,28198,12726,402,12713,2.2157787207292157,3.1621175175017697
T11731,Global Health and Surgery,Health Sciences,Medicine,"Public Health, Environmental and Occupational Health",28175,7375,588,7320,3.8203389830508474,8.032786885245901
T10902,Complementary and Alternative Medicine Studies,Health Sciences,Medicine,Complementary and alternative medicine,28152,9986,248,9982,2.8191468055277387,2.484472049689441
T14047,Marine and environmental studies,Physical Sciences,Earth and Planetary Sciences,Oceanography,28130,9489,267,9486,2.9644851933818104,2.814674256799494
T14473,Social and Economic Development in India,Social Sciences,Social Sciences,Sociology and Political Science,28115,4399,155,4391,6.39122527847238,3.5299476201320883
T10334,"Hearing, Cochlea, Tinnitus, Genetics",Life Sciences,Neuroscience,Sensory Systems,28091,11001,380,10995,2.553495136805745,3.4561164165529785
T10186,Nursing education and management,Health Sciences,Nursing,Research and Theory,28060,9505,536,9451,2.9521304576538663,5.671357528303883
T12918,Healthcare Systems and Technology,Social Sciences,"Business, Management and Accounting",Organizational Behavior and Human Resource Management,28032,8492,352,8484,3.30098916627414,4.148986327204149
T12964,"Diet, Metabolism, and Disease",Health Sciences,Medicine,"Endocrinology, Diabetes and Metabolism",27982,8549,248,8547,3.2731313603930285,2.9016029016029017
T10663,Advanced Battery Technologies Research,Physical Sciences,Engineering,Automotive Engineering,27981,8649,1036,8644,3.235171696149844,11.985192040721888
T10816,Cerebrovascular and Carotid Artery Diseases,Health Sciences,Medicine,Pulmonary and Respiratory Medicine,27937,12295,345,12259,2.272224481496543,2.8142589118198873
T11381,Infectious Diseases and Tuberculosis,Health Sciences,Medicine,Surgery,27855,8852,198,8844,3.146746497966561,2.2388059701492535
T11302,CO2 Sequestration and Geologic Interactions,Physical Sciences,Environmental Science,Environmental Engineering,27774,7172,442,7148,3.8725599553820413,6.183547845551203
T12732,Agriculture and Farm Safety,Life Sciences,Agricultural and Biological Sciences,Plant Science,27757,8267,417,8258,3.357566227168259,5.049648825381448
T11688,Microbial infections and disease research,Life Sciences,Immunology and Microbiology,Microbiology,27679,11537,304,11534,2.3991505590708155,2.6356857985087565
T10745,Heart Rate Variability and Autonomic Control,Health Sciences,Medicine,Cardiology and Cardiovascular Medicine,27648,13132,371,13115,2.1053914102954616,2.8288219595882578
T11757,Seismic Waves and Analysis,Physical Sciences,Earth and Planetary Sciences,Geophysics,27629,11326,375,11318,2.439431396786156,3.3133062378512106
T12545,Global Education and Multiculturalism,Social Sciences,Social Sciences,Education,27610,7970,327,7959,3.464240903387704,4.108556351300415
T10042,Neural and Behavioral Psychology Studies,Life Sciences,Neuroscience,Cognitive Neuroscience,27577,11293,225,11288,2.441955193482688,1.9932671863926292
T10214,Psychotherapy Techniques and Applications,Social Sciences,Psychology,Clinical Psychology,27550,9937,185,9923,2.7724665391969405,1.8643555376398266
T13410,Immune responses and vaccinations,Life Sciences,Immunology and Microbiology,Immunology,27548,6225,554,6197,4.425381526104418,8.939809585283202
T10211,Computational Drug Discovery Methods,Physical Sciences,Computer Science,Computational Theory and Mathematics,27503,10135,568,10126,2.713665515540207,5.6093225360458225
T10172,Cardiac Valve Diseases and Treatments,Health Sciences,Medicine,Cardiology and Cardiovascular Medicine,27462,13380,567,13323,2.0524663677130044,4.25579824363882
T11260,Tracheal and airway disorders,Health Sciences,Medicine,Pulmonary and Respiratory Medicine,27420,13430,441,13424,2.041697691734922,3.285160905840286
T10076,Plant-Microbe Interactions and Immunity,Life Sciences,Agricultural and Biological Sciences,Plant Science,27417,13968,415,13958,1.9628436426116838,2.973205330276544
T10570,Drug Transport and Resistance Mechanisms,Health Sciences,Medicine,Oncology,27397,12031,100,12028,2.2772005652065497,0.8313934153641503
T10385,Plant Diversity and Evolution,Life Sciences,Agricultural and Biological Sciences,"Ecology, Evolution, Behavior and Systematics",27397,12828,246,12824,2.1357187402556908,1.9182782283218964
T11229,Genetics and Plant Breeding,Life Sciences,Agricultural and Biological Sciences,Plant Science,27362,9978,175,9976,2.742232912407296,1.7542101042502005
T12045,Rice Cultivation and Yield Improvement,Life Sciences,Agricultural and Biological Sciences,Plant Science,27360,8215,359,8209,3.3304930006086426,4.373248873187965
T12306,Urban and Freight Transport Logistics,Physical Sciences,Engineering,Building and Construction,27321,7343,442,7332,3.7206863679694946,6.028368794326241
T14515,International Law and Aviation,Social Sciences,Social Sciences,Political Science and International Relations,27263,7644,224,7637,3.5665881737310308,2.933088909257562
T11985,Marine Toxins and Detection Methods,Physical Sciences,Environmental Science,Environmental Chemistry,27243,7441,151,7437,3.66120145141782,2.0303885975527765
T10086,Alzheimer's disease research and treatments,Health Sciences,Medicine,Physiology,27160,11598,571,11588,2.34178306604587,4.927511218501898
T12592,Opinion Dynamics and Social Influence,Physical Sciences,Physics and Astronomy,Statistical and Nonlinear Physics,27142,5810,269,5805,4.671600688468159,4.633936261843239
T12553,Psychedelics and Drug Studies,Social Sciences,Psychology,Clinical Psychology,27081,6769,518,6746,4.00073866154528,7.678624369997035
T11045,"Privacy, Security, and Data Protection",Social Sciences,Social Sciences,Sociology and Political Science,27065,7836,768,7821,3.4539305768249107,9.819716148830073
T13445,American Constitutional Law and Politics,Social Sciences,Social Sciences,Political Science and International Relations,26996,11069,240,11063,2.4388833679645856,2.1693934737413
T11969,Fluoride Effects and Removal,Physical Sciences,Environmental Science,Water Science and Technology,26980,5967,222,5952,4.5215351097704035,3.7298387096774195
T12020,Enhanced Recovery After Surgery,Health Sciences,Medicine,Surgery,26944,10883,428,10842,2.4757879261233118,3.947611141855746
T10123,DNA Repair Mechanisms,Life Sciences,"Biochemistry, Genetics and Molecular Biology",Molecular Biology,26940,11327,92,11327,2.3783879226626645,0.8122185927430035
T11404,Irrigation Practices and Water Management,Life Sciences,Agricultural and Biological Sciences,Soil Science,26925,9253,248,9250,2.909867070139414,2.6810810810810812
T11934,Syphilis Diagnosis and Treatment,Health Sciences,Medicine,Physiology,26838,7173,260,7164,3.741530740276035,3.629257398101619
T12916,COVID-19 impact on air quality,Physical Sciences,Environmental Science,Global and Planetary Change,26816,3870,386,3847,6.9291989664082685,10.03379256563556
T10699,Primate Behavior and Ecology,Social Sciences,Psychology,Social Psychology,26711,10678,170,10668,2.501498407941562,1.5935508061492314
T10584,Reproductive Physiology in Livestock,Life Sciences,Agricultural and Biological Sciences,Agronomy and Crop Science,26683,13063,176,13057,2.042639516190768,1.3479359730412805
T12619,Political Systems and Governance,Social Sciences,Social Sciences,Political Science and International Relations,26612,8113,327,8075,3.280167632195242,4.04953560371517
T12896,Sustainable Agricultural Systems Analysis,Physical Sciences,Environmental Science,Environmental Chemistry,26594,4693,452,4668,5.666737694438526,9.682947729220222
T10116,Sperm and Testicular Function,Health Sciences,Medicine,Reproductive Medicine,26492,12151,287,12145,2.180232079664225,2.363112391930836
T13588,Regional resilience and development,Social Sciences,"Economics, Econometrics and Finance",Economics and Econometrics,26484,3988,475,3956,6.640922768304915,12.007077856420628
T12629,Island Studies and Pacific Affairs,Social Sciences,Social Sciences,Demography,26477,7421,434,7408,3.567847998921978,5.8585313174946005
T10145,Consumer Behavior in Brand Consumption and Identification,Social Sciences,"Business, Management and Accounting",Marketing,26422,9796,272,9794,2.6972233564720294,2.777210537063508
T13131,Collaborative Teaching and Inclusion,Social Sciences,Social Sciences,Education,26405,7063,283,7055,3.738496389636132,4.0113394755492555
T13186,Russia and Soviet political economy,Social Sciences,Social Sciences,Political Science and International Relations,26403,6768,428,6762,3.9011524822695036,6.329488317065957
T11861,Thermal Regulation in Medicine,Health Sciences,Medicine,Critical Care and Intensive Care Medicine,26374,7263,399,7244,3.631281839460278,5.508006626173385
T11715,Education and Critical Thinking Development,Social Sciences,Social Sciences,Education,26348,8401,353,8398,3.136293298416855,4.203381757561324
T10141,Probiotics and Fermented Foods,Life Sciences,Agricultural and Biological Sciences,Food Science,26305,12201,380,12193,2.1559708220637654,3.116542278356434
T10694,Menopause: Health Impacts and Treatments,Health Sciences,Medicine,"Endocrinology, Diabetes and Metabolism",26252,10136,444,10085,2.589976322020521,4.4025780862667325
T11221,Bone health and treatments,Health Sciences,Medicine,Oncology,26237,9354,125,9352,2.80489630104768,1.3366124893071
T11369,Genetic factors in colorectal cancer,Health Sciences,Medicine,Pathology and Forensic Medicine,26105,11099,354,11096,2.352013694927471,3.190338860850757
T11399,Muscle metabolism and nutrition,Life Sciences,"Biochemistry, Genetics and Molecular Biology",Cell Biology,26097,11659,233,11658,2.238356634359722,1.998627551895694
T10926,Peripheral Artery Disease Management,Health Sciences,Medicine,Surgery,26075,10746,299,10719,2.4264842732179415,2.7894393133687845
T11061,Ocean Waves and Remote Sensing,Physical Sciences,Earth and Planetary Sciences,Oceanography,26047,8734,233,8731,2.982253263109686,2.6686519299049363
T11578,Plant Pathogenic Bacteria Studies,Life Sciences,Agricultural and Biological Sciences,Plant Science,26044,11768,275,11765,2.2131203263086334,2.337441563960901
T11923,Mine drainage and remediation techniques,Physical Sciences,Environmental Science,Environmental Chemistry,26041,8738,126,8732,2.9802014190890365,1.4429683921209344
T13057,Asian Industrial and Economic Development,Social Sciences,Social Sciences,Political Science and International Relations,25980,4513,261,4493,5.7567028584090405,5.809036278655687
T10358,Advanced Radiotherapy Techniques,Physical Sciences,Physics and Astronomy,Radiation,25903,12790,350,12788,2.025254104769351,2.736940882076947
T12701,Biological Control of Invasive Species,Life Sciences,Agricultural and Biological Sciences,Insect Science,25896,7732,154,7725,3.3491981376099327,1.993527508090615
T10265,Multilingual Education and Policy,Social Sciences,Social Sciences,Linguistics and Language,25835,9280,332,9271,2.7839439655172415,3.5810592169129545
T12485,"Optimism, Hope, and Well-being",Social Sciences,Psychology,Applied Psychology,25806,6402,276,6396,4.030927835051546,4.315196998123827
T13009,Agroforestry and silvopastoral systems,Life Sciences,Agricultural and Biological Sciences,Forestry,25800,7396,420,7377,3.488372093023256,5.693371289141927
T12178,Bird parasitology and diseases,Life Sciences,Immunology and Microbiology,Parasitology,25774,7527,131,7520,3.4242061910455694,1.7420212765957446
T10609,Digital Marketing and Social Media,Social Sciences,Social Sciences,Sociology and Political Science,25759,10031,628,10023,2.5679393878975176,6.265589144966577
T12214,Media Influence and Health,Social Sciences,Arts and Humanities,Literature and Literary Theory,25624,7507,413,7497,3.413347542293859,5.508870214752568
T11779,Higher Education and Employability,Social Sciences,Social Sciences,Education,25599,6955,381,6936,3.680661394680086,5.493079584775087
T13132,"Hydropower, Displacement, Environmental Impact",Social Sciences,Social Sciences,Sociology and Political Science,25573,5333,368,5318,4.795237202325145,6.919894697254607
T10392,Cutaneous Melanoma Detection and Management,Health Sciences,Medicine,Oncology,25566,10052,266,10044,2.543374452845205,2.648347272003186
T12792,Soil Management and Crop Yield,Life Sciences,Agricultural and Biological Sciences,Soil Science,25553,10806,238,10800,2.364704793633167,2.2037037037037037
T12871,Healthcare Quality and Management,Health Sciences,Health Professions,Health Information Management,25542,6458,198,6449,3.955094456488077,3.0702434485966816
T10771,Wound Healing and Treatments,Health Sciences,Medicine,Rehabilitation,25452,9781,234,9772,2.602187915346079,2.394596807204257
T11223,Maritime Ports and Logistics,Physical Sciences,Engineering,Industrial and Manufacturing Engineering,25429,6564,461,6550,3.874009750152346,7.038167938931298
T10308,Systemic Lupus Erythematosus Research,Health Sciences,Medicine,Rheumatology,25319,11626,369,11617,2.177791157749871,3.1763794439183957
T13439,Transport and Economic Policies,Social Sciences,"Business, Management and Accounting",Strategy and Management,25280,5525,152,5516,4.575565610859728,2.7556200145032634
T12970,"Names, Identity, and Discrimination Research",Social Sciences,Social Sciences,Sociology and Political Science,25262,2793,253,2779,9.044754744002864,9.103994242533286
T11146,Hormonal and reproductive studies,Health Sciences,Medicine,"Endocrinology, Diabetes and Metabolism",25245,12727,291,12717,1.9835782195332756,2.28827553668318
T10150,Antifungal resistance and susceptibility,Health Sciences,Medicine,Infectious Diseases,25223,11425,495,11423,2.2077024070021882,4.333362514225685
T10839,Pancreatic function and diabetes,Health Sciences,Medicine,Surgery,25184,11335,407,11323,2.2217909131010147,3.5944537666696106
T10802,Judicial and Constitutional Studies,Social Sciences,Social Sciences,Law,25133,8617,325,8609,2.9166763374724383,3.7751190614473225
T10458,Bladder and Urothelial Cancer Treatments,Health Sciences,Medicine,Surgery,25130,11567,401,11564,2.172559868591683,3.467658249740574
T12168,Health and Medical Research Impacts,Health Sciences,Medicine,"Public Health, Environmental and Occupational Health",25117,8010,424,8006,3.135705368289638,5.296027979015738
T10498,Migraine and Headache Studies,Health Sciences,Medicine,Psychiatry and Mental health,25109,8904,245,8898,2.8199685534591197,2.753427736570016
T11537,Ethics in medical practice,Health Sciences,Health Professions,General Health Professions,25091,10280,352,10266,2.4407587548638134,3.4287940775375025
T10154,Customer Service Quality and Loyalty,Social Sciences,"Business, Management and Accounting",Organizational Behavior and Human Resource Management,25066,9239,147,9237,2.7130641844355448,1.5914257875933744
T10671,Gastroesophageal reflux and treatments,Health Sciences,Medicine,Gastroenterology,25058,11890,269,11868,2.107485281749369,2.2665992585102797
T12232,"Yersinia bacterium, plague, ectoparasites research",Life Sciences,"Biochemistry, Genetics and Molecular Biology",Genetics,24940,8267,283,8263,3.0168138381516876,3.4249062083988866
T12118,Forest Biomass Utilization and Management,Physical Sciences,Engineering,Mechanics of Materials,24788,6975,254,6965,3.5538351254480287,3.646805455850682
T11287,Cancer Genomics and Diagnostics,Life Sciences,"Biochemistry, Genetics and Molecular Biology",Cancer Research,24787,11863,629,11855,2.0894377476186463,5.305778152678195
T11217,Cardiac Arrhythmias and Treatments,Health Sciences,Medicine,Cardiology and Cardiovascular Medicine,24753,12821,523,12786,1.930660634895874,4.0904113874550285
T11700,Hemodynamic Monitoring and Therapy,Health Sciences,Medicine,Surgery,24698,9553,324,9544,2.5853658536585367,3.3948030176026824
T11506,Children's Rights and Participation,Social Sciences,Social Sciences,Sociology and Political Science,24664,7610,456,7595,3.2409986859395534,6.003949967083607
T10675,Mechanical Circulatory Support Devices,Physical Sciences,Engineering,Biomedical Engineering,24648,11854,634,11815,2.079298127214442,5.366060093101989
T14437,Ethics and Legal Issues in Pediatric Healthcare,Health Sciences,Medicine,"Pediatrics, Perinatology and Child Health",24592,9323,320,9310,2.637777539418642,3.4371643394199785
T10469,Psoriasis: Treatment and Pathogenesis,Life Sciences,Immunology and Microbiology,Immunology,24470,8509,376,8505,2.87577858737807,4.42092886537331
T12134,Insect symbiosis and bacterial influences,Life Sciences,Agricultural and Biological Sciences,Insect Science,24435,8927,301,8922,2.7372017475075614,3.373683030710603
T10630,Orthopedic Surgery and Rehabilitation,Health Sciences,Medicine,Surgery,24398,9497,160,9490,2.5690217963567443,1.6859852476290833
T10580,Immunotherapy and Immune Responses,Life Sciences,Immunology and Microbiology,Immunology,24395,11819,291,11814,2.0640494119637873,2.463179278821737
T12068,Neonatal Health and Biochemistry,Health Sciences,Medicine,"Pediatrics, Perinatology and Child Health",24380,10133,182,10125,2.4060001973749134,1.797530864197531
T11541,Neuroendocrine regulation and behavior,Social Sciences,Psychology,Social Psychology,24333,10564,150,10554,2.303388867853086,1.4212620807276861
T10823,Research on Leishmaniasis Studies,Health Sciences,Medicine,"Public Health, Environmental and Occupational Health",24319,10793,128,10787,2.2532196794218473,1.1866135162695837
T11658,Esophageal and GI Pathology,Health Sciences,Medicine,Surgery,24249,12057,290,12010,2.0111968151281414,2.4146544546211492
T14102,Corporate Governance and Law,Social Sciences,"Business, Management and Accounting",Strategy and Management,24229,5555,301,5537,4.361656165616561,5.436156763590392
T12643,Sustainability and Ecological Systems Analysis,Physical Sciences,Environmental Science,Environmental Engineering,24213,3507,112,3505,6.904191616766467,3.195435092724679
T11740,Geochemistry and Elemental Analysis,Physical Sciences,Earth and Planetary Sciences,Geochemistry and Petrology,24203,9944,255,9931,2.4339300080450523,2.5677172490182256
T10241,Functional Brain Connectivity Studies,Life Sciences,Neuroscience,Cognitive Neuroscience,24194,11321,490,11307,2.1370903630421343,4.333598655700009
T10329,Thyroid Cancer Diagnosis and Treatment,Health Sciences,Medicine,"Endocrinology, Diabetes and Metabolism",24170,10880,244,10872,2.2215073529411766,2.2442972774098604
T10068,Technology Adoption and User Behaviour,Social Sciences,Decision Sciences,Information Systems and Management,24093,8923,563,8915,2.7001008629384735,6.315199102636007
T14186,Healthcare Systems and Practices,Health Sciences,Health Professions,General Health Professions,24073,7620,526,7610,3.159186351706037,6.911957950065703
T10635,Hydraulic Fracturing and Reservoir Analysis,Physical Sciences,Engineering,Mechanical Engineering,24004,8255,136,8252,2.9078134463961236,1.6480853126514785
T11337,Tryptophan and brain disorders,Life Sciences,Neuroscience,Biological Psychiatry,23990,10120,511,10103,2.3705533596837944,5.05790359299218
T11179,Nematode management and characterization studies,Life Sciences,Agricultural and Biological Sciences,Plant Science,23960,11003,331,10996,2.1775879305643917,3.010185522008003
T10843,Diversity and Career in Medicine,Social Sciences,Social Sciences,Gender Studies,23896,7976,641,7960,2.995987963891675,8.052763819095478
T11546,Plant Physiology and Cultivation Studies,Life Sciences,Agricultural and Biological Sciences,Plant Science,23880,13349,236,13344,1.788898044797363,1.7685851318944845
T11418,Plant Micronutrient Interactions and Effects,Life Sciences,Agricultural and Biological Sciences,Plant Science,23801,9340,155,9339,2.5482869379014987,1.6597066067030732
T12262,Hate Speech and Cyberbullying Detection,Physical Sciences,Computer Science,Artificial Intelligence,23697,6367,1044,6349,3.7218470237160357,16.443534414868484
T13379,"Multiculturalism, Politics, Migration, Gender",Social Sciences,Social Sciences,Political Science and International Relations,23694,8214,273,8210,2.8845872899926954,3.3252131546894033
T10064,Complex Network Analysis Techniques,Physical Sciences,Physics and Astronomy,Statistical and Nonlinear Physics,23602,6456,187,6453,3.655824039653036,2.8978769564543625
T10373,Renal Transplantation Outcomes and Treatments,Health Sciences,Medicine,Transplantation,23497,12456,334,12447,1.8864001284521517,2.6833775206877157
T11725,Immunodeficiency and Autoimmune Disorders,Life Sciences,Immunology and Microbiology,Immunology,23445,9881,374,9870,2.372735553081672,3.7892603850050657
T11752,Cancer Treatment and Pharmacology,Health Sciences,Medicine,Oncology,23439,9953,292,9946,2.354968351250879,2.935853609491253
T11970,Molecular Biology Techniques and Applications,Life Sciences,"Biochemistry, Genetics and Molecular Biology",Molecular Biology,23392,8852,216,8851,2.6425666516041573,2.4404022144390463
T10870,Interstitial Lung Diseases and Idiopathic Pulmonary Fibrosis,Health Sciences,Medicine,Pulmonary and Respiratory Medicine,23355,10019,355,10015,2.3310709651661843,3.544682975536695
T10261,Genetic Associations and Epidemiology,Life Sciences,"Biochemistry, Genetics and Molecular Biology",Genetics,23351,9235,428,9218,2.528532755820249,4.643089607290085
T11961,Neonatal and Maternal Infections,Health Sciences,Medicine,"Public Health, Environmental and Occupational Health",23337,7876,311,7849,2.963052310817674,3.9622881895782904
T11510,Reproductive System and Pregnancy,Life Sciences,Immunology and Microbiology,Immunology,23222,10000,267,9977,2.3222,2.67615515686078
T10999,Organ Transplantation Techniques and Outcomes,Health Sciences,Medicine,Surgery,23219,12281,234,12266,1.8906440843579513,1.9077123756725909
T12186,Phosphorus and nutrient management,Physical Sciences,Environmental Science,Industrial and Manufacturing Engineering,23136,7580,256,7572,3.0522427440633244,3.3808769149498152
T11020,Immune Cell Function and Interaction,Life Sciences,Immunology and Microbiology,Immunology,23110,14017,228,14017,1.6487122779482057,1.6265962759506314
T12035,Pain Management and Placebo Effect,Life Sciences,Neuroscience,Cognitive Neuroscience,23082,7203,210,7189,3.2044981257809244,2.9211295034079843
T12473,Pacific and Southeast Asian Studies,Social Sciences,Social Sciences,"Geography, Planning and Development",23044,7962,142,7955,2.8942476764632,1.7850408548082968
T13473,Economic Zones and Regional Development,Social Sciences,"Economics, Econometrics and Finance","General Economics, Econometrics and Finance",23029,4592,271,4586,5.015026132404182,5.909289140863498
T13490,Aquatic Ecosystems and Biodiversity,Physical Sciences,Environmental Science,Ecology,23027,6476,175,6463,3.5557442865966644,2.7077208726597557
T13840,Chemical Safety and Risk Management,Physical Sciences,Chemical Engineering,Chemical Health and Safety,23021,5553,117,5545,4.145687016027373,2.110009017132552
T13938,Historical and Contemporary Political Dynamics,Social Sciences,Arts and Humanities,History,23004,8294,364,8286,2.773571256329877,4.392951967173546
T11636,Artificial Intelligence in Healthcare and Education,Health Sciences,Medicine,Health Informatics,22904,7378,3793,7162,3.1043643263757117,52.96006702038537
T10300,Congenital Heart Disease Studies,Health Sciences,Medicine,Epidemiology,22862,11721,475,11666,1.9505161675624947,4.071661237785016
T11599,Aviation Industry Analysis and Trends,Social Sciences,"Economics, Econometrics and Finance","General Economics, Econometrics and Finance",22841,5587,253,5582,4.088240558439234,4.532425653887495
T13546,Census and Population Estimation,Physical Sciences,Mathematics,Statistics and Probability,22792,3992,128,3976,5.709418837675351,3.2193158953722336
T11735,Peripheral Neuropathies and Disorders,Health Sciences,Medicine,Neurology,22791,8355,300,8347,2.7278276481149013,3.5941056667066014
T11772,Genetics and Neurodevelopmental Disorders,Life Sciences,"Biochemistry, Genetics and Molecular Biology",Genetics,22752,10221,246,10220,2.2260052832403874,2.407045009784736
T11134,Breast Lesions and Carcinomas,Health Sciences,Medicine,Pathology and Forensic Medicine,22748,8978,188,8973,2.533749164624638,2.0951744121252647
T11551,Infective Endocarditis Diagnosis and Management,Health Sciences,Medicine,Epidemiology,22738,9790,306,9773,2.322574055158325,3.131075411848972
T10708,Mindfulness and Compassion Interventions,Social Sciences,Psychology,Clinical Psychology,22713,7541,397,7510,3.0119347566635724,5.286284953395473
T11816,Nursing Roles and Practices,Health Sciences,Health Professions,General Health Professions,22703,7097,381,7078,3.198957305903903,5.382876518790619
T10324,Microbial bioremediation and biosurfactants,Physical Sciences,Environmental Science,Pollution,22674,8187,79,8187,2.769512641993404,0.9649444240869671
T12474,Education Discipline and Inequality,Social Sciences,Social Sciences,Education,22628,4794,273,4783,4.720066750104297,5.707714823332636
T11003,Disability Rights and Representation,Social Sciences,Social Sciences,Safety Research,22584,6503,425,6468,3.4728586806089496,6.570810142238714
T10467,Psychometric Methodologies and Testing,Social Sciences,Decision Sciences,Management Science and Operations Research,22559,4760,120,4749,4.739285714285714,2.5268477574226154
T11123,Obsessive-Compulsive Spectrum Disorders,Social Sciences,Psychology,Clinical Psychology,22525,9175,307,9143,2.455040871934605,3.357760034999453
T13120,Nuclear Issues and Defense,Social Sciences,Social Sciences,Political Science and International Relations,22502,6710,430,6692,3.3535022354694486,6.425582785415421
T10250,Glaucoma and retinal disorders,Health Sciences,Medicine,Ophthalmology,22459,11679,239,11675,1.923024231526672,2.0471092077087794
T11807,Infrastructure Resilience and Vulnerability Analysis,Physical Sciences,Engineering,Civil and Structural Engineering,22449,5216,455,5200,4.303872699386503,8.75
T10919,Neurological disorders and treatments,Health Sciences,Medicine,Neurology,22440,10711,373,10703,2.0950424796937726,3.4850042044286647
T11642,Genomics and Rare Diseases,Life Sciences,"Biochemistry, Genetics and Molecular Biology",Genetics,22437,9078,570,9062,2.4715796430931922,6.290002207018318
T10935,Endometriosis Research and Treatment,Health Sciences,Medicine,Reproductive Medicine,22436,10925,316,10881,2.053638443935927,2.9041448396287106
T12554,Vitamin C and Antioxidants Research,Health Sciences,Nursing,Nutrition and Dietetics,22396,7846,124,7844,2.8544481264338515,1.5808261091279958
T12795,Banana Cultivation and Research,Life Sciences,Agricultural and Biological Sciences,Plant Science,22391,9236,239,9235,2.424317886530966,2.5879805089334056
T11358,Dysphagia Assessment and Management,Health Sciences,Health Professions,Speech and Hearing,22345,9483,317,9464,2.3563218390804597,3.349535080304311
T12402,Travel-related health issues,Health Sciences,Medicine,"Public Health, Environmental and Occupational Health",22342,6676,251,6663,3.346614739364889,3.7670718895392468
T13289,Infant Health and Development,Health Sciences,Health Professions,Pharmacy,22301,7930,182,7927,2.812232030264817,2.2959505487574114
T14249,Water Quality Monitoring and Analysis,Physical Sciences,Environmental Science,Industrial and Manufacturing Engineering,22277,7684,175,7682,2.8991410723581468,2.2780525904712317
T11118,Evolutionary Psychology and Human Behavior,Social Sciences,Psychology,Experimental and Cognitive Psychology,22272,7525,175,7511,2.959734219269103,2.3299161230195713
T10269,Epigenetics and DNA Methylation,Life Sciences,"Biochemistry, Genetics and Molecular Biology",Molecular Biology,22182,11409,342,11404,1.9442545358927164,2.998947737635917
T11067,Colorectal Cancer Treatments and Studies,Health Sciences,Medicine,Oncology,22178,9693,287,9683,2.28804291756938,2.9639574512031395
T10140,Food composition and properties,Health Sciences,Nursing,Nutrition and Dietetics,22163,8874,214,8870,2.4975208474194277,2.4126268320180384
T10153,"Education, sociology, and vocational training",Social Sciences,Social Sciences,Sociology and Political Science,21993,7923,355,7913,2.775842483907611,4.4862883861999245
T11943,Pharmacovigilance and Adverse Drug Reactions,Life Sciences,"Pharmacology, Toxicology and Pharmaceutics",Toxicology,21967,6415,321,6399,3.4243180046765396,5.0164088138771685
T13177,Geological and Geophysical Studies,Physical Sciences,Earth and Planetary Sciences,Geology,21901,9311,286,9308,2.35216410697025,3.0726256983240225
T13074,Global Financial Regulation and Crises,Social Sciences,"Economics, Econometrics and Finance",Finance,21742,4345,240,4309,5.003912543153049,5.569737758180552
T10371,Immune Response and Inflammation,Life Sciences,Immunology and Microbiology,Immunology,21735,10975,126,10973,1.9804100227790433,1.1482730338102616
T11227,Diabetic Foot Ulcer Assessment and Management,Health Sciences,Medicine,"Endocrinology, Diabetes and Metabolism",21724,8499,243,8489,2.556065419461113,2.862527977382495
T12578,Diagnosis and treatment of tuberculosis,Health Sciences,Medicine,Surgery,21638,6605,235,6593,3.276003028009084,3.5643864704990142
T14293,Biotechnology and Related Fields,Health Sciences,Medicine,"Public Health, Environmental and Occupational Health",21615,5975,390,5957,3.617573221757322,6.546919590397851
T13417,Biomedical Ethics and Regulation,Health Sciences,Medicine,Physiology,21612,7996,563,7975,2.7028514257128564,7.059561128526646
T12334,Lung Cancer Research Studies,Health Sciences,Medicine,Oncology,21608,9599,390,9594,2.251067819564538,4.065040650406504
T10072,Science Education and Pedagogy,Social Sciences,Social Sciences,Education,21595,7496,158,7491,2.880869797225187,2.1091977039113603
T12956,Asian Geopolitics and Ethnography,Social Sciences,Social Sciences,Political Science and International Relations,21577,7029,422,7022,3.06971119647176,6.0096838507547705
T12006,Ergonomics and Musculoskeletal Disorders,Social Sciences,Psychology,Social Psychology,21562,7311,239,7304,2.9492545479414582,3.2721796276013144
T13591,Pasture and Agricultural Systems,Life Sciences,Agricultural and Biological Sciences,Forestry,21549,6063,153,6055,3.5541810984661057,2.526837324525186
T11759,Occupational Therapy Practice and Research,Health Sciences,Health Professions,Occupational Therapy,21486,7310,385,7277,2.939261285909713,5.290641747973066
T11859,Educator Training and Historical Pedagogy,Social Sciences,Social Sciences,Sociology and Political Science,21417,7564,261,7554,2.8314383923849813,3.455123113582208
T13138,Legal and Constitutional Studies,Social Sciences,"Economics, Econometrics and Finance",Economics and Econometrics,21390,5535,142,5529,3.86449864498645,2.5682763610056067
T11016,Monoclonal and Polyclonal Antibodies Research,Health Sciences,Medicine,"Radiology, Nuclear Medicine and Imaging",21376,11372,300,11365,1.879704537460429,2.639683238011439
T10830,Airway Management and Intubation Techniques,Health Sciences,Medicine,Anesthesiology and Pain Medicine,21331,10648,374,10639,2.0032870022539444,3.5153679857129427
T11015,Down syndrome and intellectual disability research,Health Sciences,Medicine,"Public Health, Environmental and Occupational Health",21331,6927,373,6904,3.079399451421972,5.402665121668598
T10270,Blockchain Technology Applications and Security,Physical Sciences,Computer Science,Information Systems,21296,6795,1206,6774,3.1340691685062545,17.803365810451727
T12539,Pharmacology and Obesity Treatment,Health Sciences,Medicine,Pharmacology,21264,6982,340,6966,3.045545688914351,4.880849842090152
T11616,Autoimmune and Inflammatory Disorders Research,Health Sciences,Medicine,Hematology,21248,7705,258,7704,2.7576898118105126,3.3489096573208723
T12544,Working Capital and Financial Performance,Social Sciences,"Business, Management and Accounting",Accounting,21246,2623,142,2611,8.099885627144491,5.438529299119112
T11660,Blood groups and transfusion,Health Sciences,Medicine,Hematology,21211,9220,274,9213,2.3005422993492406,2.9740583957451427
T10512,Orthopaedic implants and arthroplasty,Health Sciences,Medicine,Surgery,21189,10079,298,10075,2.1022918940371067,2.957816377171216
T13412,Education and Technology Integration,Social Sciences,Social Sciences,Education,21178,6185,151,6183,3.424090541632983,2.4421801714378133
T11339,"Metabolism, Diabetes, and Cancer",Life Sciences,"Biochemistry, Genetics and Molecular Biology",Molecular Biology,21173,8316,288,8307,2.546055796055796,3.466955579631636
T11457,Adipose Tissue and Metabolism,Health Sciences,Medicine,Physiology,21165,10798,169,10794,1.9600852009631413,1.5656846396146007
T13055,Global Security and Public Health,Social Sciences,Social Sciences,Sociology and Political Science,21124,6030,575,5978,3.503150912106136,9.618601538976247
T11670,Pressure Ulcer Prevention and Management,Health Sciences,Health Professions,Occupational Therapy,21115,7168,205,7160,2.9457310267857144,2.863128491620112
T11246,Sports injuries and prevention,Health Sciences,Medicine,Orthopedics and Sports Medicine,21112,9430,241,9426,2.2388123011664898,2.556757903670698
T10718,Political Philosophy and Ethics,Social Sciences,Social Sciences,Political Science and International Relations,21067,5958,165,5952,3.535918093319906,2.7721774193548385
T13695,"Aging, Elder Care, and Social Issues",Health Sciences,Health Professions,General Health Professions,21032,6928,277,6917,3.035796766743649,4.004626283070696
T12235,Child Abuse and Related Trauma,Health Sciences,Medicine,"Pediatrics, Perinatology and Child Health",21022,4864,165,4855,4.321957236842105,3.398558187435633
T10656,Child and Animal Learning Development,Social Sciences,Psychology,Developmental and Educational Psychology,21001,7358,121,7356,2.854172329437347,1.644915715062534
T12279,Body Composition Measurement Techniques,Health Sciences,Medicine,Physiology,20977,6962,187,6960,3.0130709566216605,2.6867816091954024
T13389,German Economic Analysis & Policies,Social Sciences,"Economics, Econometrics and Finance",Economics and Econometrics,20916,3390,351,3351,6.169911504424779,10.474485228290062
T10685,Viral-associated cancers and disorders,Health Sciences,Medicine,Oncology,20895,10030,203,10025,2.0832502492522433,2.024937655860349
T11849,Intellectual Capital and Performance Analysis,Social Sciences,"Business, Management and Accounting",Strategy and Management,20849,3654,97,3650,5.705801860974275,2.6575342465753424
T11453,Diagnosis and Treatment of Venous Diseases,Health Sciences,Medicine,Surgery,20842,8376,169,8368,2.488299904489016,2.0195984703632885
T10225,Essential Oils and Antimicrobial Activity,Life Sciences,Agricultural and Biological Sciences,Food Science,20786,10074,241,10072,2.063331348024618,2.3927720413026212
T13563,Chemical Analysis and Environmental Impact,Physical Sciences,Environmental Science,"Health, Toxicology and Mutagenesis",20710,4057,121,4056,5.104757209760907,2.983234714003945
T10881,Blood Coagulation and Thrombosis Mechanisms,Health Sciences,Medicine,Hematology,20703,8892,186,8872,2.328272604588394,2.096483318304779
T10572,Geophysical and Geoelectrical Methods,Physical Sciences,Earth and Planetary Sciences,Geophysics,20689,8186,162,8184,2.5273637918397265,1.9794721407624634
T11247,Plant nutrient uptake and metabolism,Life Sciences,Agricultural and Biological Sciences,Plant Science,20671,9840,163,9838,2.100711382113821,1.6568408213051433
T10726,Career Development and Diversity,Social Sciences,Social Sciences,Safety Research,20602,5669,272,5662,3.6341506438525313,4.803956199222889
T10518,Gallbladder and Bile Duct Disorders,Health Sciences,Medicine,Pulmonary and Respiratory Medicine,20584,11234,268,11175,1.832294819298558,2.3982102908277403
T13022,Health and Medical Studies,Health Sciences,Health Professions,General Health Professions,20497,6855,422,6832,2.990080233406273,6.176814988290398
T10434,Chromosomal and Genetic Variations,Life Sciences,Agricultural and Biological Sciences,Plant Science,20492,9338,163,9337,2.194474191475691,1.7457427439220305
T10516,Parathyroid Disorders and Treatments,Health Sciences,Medicine,Nephrology,20462,9299,209,9295,2.2004516614689753,2.2485207100591715
T10618,Aortic Disease and Treatment Approaches,Health Sciences,Medicine,Pulmonary and Respiratory Medicine,20457,10048,237,10024,2.035927547770701,2.3643256185155628
T10797,Accounting and Organizational Management,Social Sciences,"Business, Management and Accounting",Management Information Systems,20437,5982,86,5980,3.4164159144098964,1.4381270903010033
T12729,Tree Root and Stability Studies,Physical Sciences,Engineering,Mechanical Engineering,20430,7532,166,7525,2.712426978226235,2.2059800664451825
T11624,Constructed Wetlands for Wastewater Treatment,Physical Sciences,Environmental Science,Industrial and Manufacturing Engineering,20423,6887,181,6884,2.965442137360244,2.6292852992446254
T12043,Insect behavior and control techniques,Life Sciences,Agricultural and Biological Sciences,Insect Science,20402,9286,214,9275,2.1970708593581736,2.307277628032345
T10684,Acute Kidney Injury Research,Health Sciences,Medicine,Nephrology,20388,9082,277,9072,2.2448799823827352,3.053350970017637
T11436,Entomopathogenic Microorganisms in Pest Control,Life Sciences,Agricultural and Biological Sciences,Insect Science,20387,9116,256,9110,2.236397542781922,2.8100987925356753
T12574,Clinical Reasoning and Diagnostic Skills,Health Sciences,Medicine,Family Practice,20356,6555,463,6533,3.1054157131960336,7.087096280422471
T11815,Urological Disorders and Treatments,Health Sciences,Medicine,Urology,20350,9953,207,9946,2.0446096654275094,2.081238688920169
T11317,Fire dynamics and safety research,Physical Sciences,Engineering,"Safety, Risk, Reliability and Quality",20295,6388,332,6387,3.177050720100188,5.198058556442774
T13180,Chemistry and Chemical Engineering,Physical Sciences,Environmental Science,Environmental Chemistry,20255,4620,226,4612,4.384199134199134,4.900260190806591
T12465,"Cancer, Lipids, and Metabolism",Life Sciences,"Biochemistry, Genetics and Molecular Biology",Cancer Research,20239,6788,198,6784,2.981585150265174,2.918632075471698
T11901,Bayesian Methods and Mixture Models,Physical Sciences,Computer Science,Artificial Intelligence,20190,4524,60,4523,4.462864721485412,1.3265531726730047
T13002,Southeast Asian Sociopolitical Studies,Social Sciences,Social Sciences,Political Science and International Relations,20162,6799,223,6790,2.9654360935431683,3.284241531664212
T11763,Intracerebral and Subarachnoid Hemorrhage Research,Health Sciences,Medicine,Neurology,20150,7403,415,7356,2.721869512359854,5.6416530723219145
T11306,Nonmelanoma Skin Cancer Studies,Health Sciences,Medicine,Epidemiology,20143,8455,182,8453,2.3823772915434653,2.1530817461256357
T12963,Anesthesia and Neurotoxicity Research,Life Sciences,Neuroscience,Developmental Neuroscience,20123,8112,192,8110,2.480645956607495,2.367447595561036
T13984,"Nutrition, Genetics, and Disease",Life Sciences,"Biochemistry, Genetics and Molecular Biology",Genetics,20100,6529,379,6504,3.078572522591515,5.827183271832718
T12746,Sustainable Industrial Ecology,Physical Sciences,Engineering,Industrial and Manufacturing Engineering,20091,3527,318,3517,5.696342500708818,9.041796986067672
T12316,Oil Spill Detection and Mitigation,Physical Sciences,Environmental Science,Pollution,20044,5582,155,5572,3.590827660336797,2.7817659727207467
T11785,Nausea and vomiting management,Health Sciences,Medicine,Surgery,20041,8993,147,8979,2.228511064161014,1.6371533578349482
T11107,Selenium in Biological Systems,Health Sciences,Nursing,Nutrition and Dietetics,20013,7216,76,7214,2.773420177383592,1.0535070695869144
T10777,Politics and Society in Latin America,Social Sciences,Social Sciences,Political Science and International Relations,19995,5107,219,5097,3.9152144115919327,4.29664508534432
T10836,Metabolomics and Mass Spectrometry Studies,Life Sciences,"Biochemistry, Genetics and Molecular Biology",Molecular Biology,19995,9474,368,9468,2.1105129829005698,3.886776510350655
T11767,Poxvirus research and outbreaks,Life Sciences,Immunology and Microbiology,Virology,19974,5681,853,5666,3.5159302939623305,15.054712319096364
T10259,Sociology and Education Studies,Social Sciences,Social Sciences,Sociology and Political Science,19954,7932,515,7922,2.5156328794755423,6.500883615248674
T12180,Polar Research and Ecology,Physical Sciences,Environmental Science,Ecology,19891,6785,261,6777,2.931613854089904,3.851261620185923
T11980,Human Mobility and Location-Based Analysis,Social Sciences,Social Sciences,Transportation,19886,6144,448,6137,3.2366536458333335,7.299983705393514
T13309,Reliability and Agreement in Measurement,Social Sciences,Decision Sciences,"Statistics, Probability and Uncertainty",19877,3204,95,3199,6.203807740324594,2.9696780243826195
T14395,African history and culture studies,Social Sciences,Social Sciences,Anthropology,19839,7235,169,7235,2.7420870767104355,2.3358673116793365
T10746,Platelet Disorders and Treatments,Health Sciences,Medicine,Hematology,19813,9045,275,9040,2.1904919845218354,3.0420353982300883
T11117,Drug-Induced Adverse Reactions,Health Sciences,Medicine,Pharmacology,19757,7465,304,7458,2.6466175485599464,4.076159828372218
T10776,Spinal Fractures and Fixation Techniques,Health Sciences,Medicine,Surgery,19733,8915,171,8914,2.2134604598990464,1.9183307157280682
T10593,Bacterial biofilms and quorum sensing,Life Sciences,"Biochemistry, Genetics and Molecular Biology",Molecular Biology,19730,8049,218,8046,2.4512361784072554,2.7094208302261995
T13756,International Environmental Law and Policies,Physical Sciences,Environmental Science,"Management, Monitoring, Policy and Law",19696,5213,325,5196,3.7782466909648953,6.254811393379523
T11912,Outsourcing and Supply Chain Management,Social Sciences,"Business, Management and Accounting",Management Information Systems,19687,5363,157,5356,3.6708931568152154,2.9312920089619117
T11536,Consumer Retail Behavior Studies,Social Sciences,"Business, Management and Accounting",Marketing,19621,6058,401,6051,3.2388577088147903,6.627003801024624
T12207,Assistive Technology in Communication and Mobility,Health Sciences,Health Professions,Occupational Therapy,19605,7273,391,7261,2.6955864155094185,5.384933204792728
T11028,Social Work Education and Practice,Social Sciences,Social Sciences,Public Administration,19600,7645,358,7632,2.563767168083715,4.690775681341719
T11474,Sport and Mega-Event Impacts,Social Sciences,Social Sciences,Sociology and Political Science,19591,8144,356,8136,2.405574656188605,4.375614552605703
T12399,Wine Industry and Tourism,Social Sciences,"Business, Management and Accounting","Tourism, Leisure and Hospitality Management",19587,5673,174,5670,3.452670544685352,3.068783068783069
T12255,Biosimilars and Bioanalytical Methods,Life Sciences,Immunology and Microbiology,Immunology,19573,6146,422,6142,3.184672958021477,6.870726147834581
T12822,Turfgrass Adaptation and Management,Physical Sciences,Environmental Science,Environmental Chemistry,19516,6410,96,6410,3.0446177847113884,1.497659906396256
T10035,Phytochemicals and Antioxidant Activities,Health Sciences,Medicine,Biochemistry,19477,10582,238,10578,1.8405783405783407,2.24995273208546
T11793,"Recreation, Leisure, Wilderness Management",Social Sciences,Psychology,Social Psychology,19399,5708,192,5703,3.398563419761738,3.3666491320357705
T10522,Medical Imaging Techniques and Applications,Health Sciences,Medicine,"Radiology, Nuclear Medicine and Imaging",19363,10269,332,10262,1.8855779530626156,3.2352367959462094
T12174,Hospital Admissions and Outcomes,Health Sciences,Medicine,Emergency Medicine,19361,6552,311,6536,2.95497557997558,4.758261933904529
T11702,Parasitic Diseases Research and Treatment,Health Sciences,Medicine,Infectious Diseases,19346,6198,244,6182,3.1213294611164892,3.946942736978324
T11852,Clay minerals and soil interactions,Physical Sciences,Materials Science,Biomaterials,19338,8493,135,8490,2.2769339456022606,1.5901060070671378
T12305,Cassava research and cyanide,Life Sciences,Agricultural and Biological Sciences,Plant Science,19303,7381,169,7379,2.6152282888497496,2.2902832362108687
T10521,RNA and protein synthesis mechanisms,Life Sciences,"Biochemistry, Genetics and Molecular Biology",Molecular Biology,19291,9543,286,9536,2.0214817143455934,2.9991610738255035
T10129,Glioma Diagnosis and Treatment,Health Sciences,Medicine,Genetics,19288,10350,308,10346,1.8635748792270532,2.976995940460081
T10959,Student Assessment and Feedback,Social Sciences,Social Sciences,Education,19167,5052,205,5044,3.793942992874109,4.064234734337827
T11921,Electroconvulsive Therapy Studies,Health Sciences,Medicine,Psychiatry and Mental health,19160,7551,202,7549,2.537412263276387,2.675851106106769
T13888,Social Policies and Family,Social Sciences,Social Sciences,Sociology and Political Science,19079,6173,268,6152,3.090717641341325,4.356306892067621
T10158,Cancer Immunotherapy and Biomarkers,Health Sciences,Medicine,Oncology,19055,8790,791,8778,2.1678043230944253,9.01116427432217
T11037,Fungal Infections and Studies,Health Sciences,Medicine,Epidemiology,19045,8702,330,8699,2.1885773385428635,3.7935394872973904
T13634,Middle East and Rwanda Conflicts,Social Sciences,Social Sciences,Sociology and Political Science,19027,6761,455,6748,2.8142286643987577,6.742738589211618
T11157,Chronic Lymphocytic Leukemia Research,Health Sciences,Medicine,Genetics,18956,9543,392,9543,1.9863774494393796,4.107722938279367
T10614,Transcranial Magnetic Stimulation Studies,Life Sciences,Neuroscience,Neurology,18941,8264,509,8249,2.2919893514036787,6.170444902412414
T13780,Diverse Education Studies and Reforms,Social Sciences,Social Sciences,Education,18928,4891,188,4886,3.869965242281742,3.8477282030290625
T11074,Helminth infection and control,Health Sciences,Veterinary,Small Animals,18888,8649,145,8644,2.183836281651058,1.6774641369736234
T12887,Educational Strategies and Epistemologies,Social Sciences,Psychology,Developmental and Educational Psychology,18866,6017,161,6009,3.1354495595811867,2.6793143617906474
T11559,Retinoids in leukemia and cellular processes,Life Sciences,"Biochemistry, Genetics and Molecular Biology",Molecular Biology,18829,7817,78,7816,2.4087245746450043,0.9979529170931423
T10130,Mathematics Education and Teaching Techniques,Social Sciences,Social Sciences,Education,18801,6604,181,6600,2.846910963052695,2.742424242424242
T14399,Invertebrate Taxonomy and Ecology,Life Sciences,Agricultural and Biological Sciences,"Ecology, Evolution, Behavior and Systematics",18746,5493,122,5488,3.412707081740397,2.2230320699708455
T12712,Myofascial pain diagnosis and treatment,Life Sciences,"Biochemistry, Genetics and Molecular Biology",Cell Biology,18746,5398,135,5391,3.4727676917376806,2.5041736227045077
T12542,Second Language Learning and Teaching,Social Sciences,Arts and Humanities,Literature and Literary Theory,18719,7123,285,7123,2.627965744770462,4.001123122279938
T11359,Effects of Radiation Exposure,Health Sciences,Medicine,"Radiology, Nuclear Medicine and Imaging",18685,7790,137,7787,2.3985879332477533,1.75934249390009
T11745,Potato Plant Research,Life Sciences,Agricultural and Biological Sciences,Food Science,18683,7722,128,7720,2.4194509194509193,1.6580310880829014
T12703,Oil Palm Production and Sustainability,Physical Sciences,Environmental Science,Ecology,18678,3666,225,3661,5.094926350245499,6.145861786397159
T12028,Knowledge Management and Sharing,Social Sciences,Social Sciences,Communication,18674,6588,183,6586,2.8345476624165147,2.778621317947161
T12870,Seedling growth and survival studies,Physical Sciences,Environmental Science,Nature and Landscape Conservation,18671,7984,85,7983,2.338552104208417,1.0647626205687084
T11335,Prion Diseases and Protein Misfolding,Life Sciences,"Biochemistry, Genetics and Molecular Biology",Molecular Biology,18623,5255,140,5253,3.5438629876308276,2.66514372739387
T13498,Economic Development and Digital Transformation,Social Sciences,"Economics, Econometrics and Finance","General Economics, Econometrics and Finance",18613,1673,216,1648,11.125523012552302,13.106796116504855
T11768,Music Therapy and Health,Social Sciences,Psychology,Social Psychology,18518,7518,311,7486,2.4631550944400105,4.1544215869623295
T11234,Precipitation Measurement and Analysis,Physical Sciences,Earth and Planetary Sciences,Atmospheric Science,18518,5865,287,5861,3.157374254049446,4.896775294318376
T14078,Multiple and Secondary Primary Cancers,Health Sciences,Medicine,Epidemiology,18515,6045,315,6042,3.0628618693134824,5.213505461767626
T13709,Education in Diverse Contexts,Social Sciences,Social Sciences,Education,18489,1236,78,1232,14.95873786407767,6.3311688311688314
T12715,Pregnancy-related medical research,Health Sciences,Medicine,"Public Health, Environmental and Occupational Health",18475,6623,227,6580,2.7895213649403594,3.4498480243161094
T10509,"Religion, Spirituality, and Psychology",Social Sciences,Social Sciences,Health,18452,7557,255,7537,2.4417096731507213,3.3833090088894786
T12895,Environmental law and policy,Social Sciences,Social Sciences,Law,18405,5135,600,5096,3.584225900681597,11.773940345368917
T13252,Sex and Gender in Healthcare,Health Sciences,Medicine,"Public Health, Environmental and Occupational Health",18370,4978,608,4961,3.6902370429891524,12.255593630316469
T10661,biodegradable polymer synthesis and properties,Physical Sciences,Materials Science,Biomaterials,18346,5973,623,5955,3.071488364306044,10.461796809403863
T13125,Agricultural pest management studies,Life Sciences,Agricultural and Biological Sciences,Plant Science,18345,7526,220,7514,2.43754982726548,2.927867979771094
T10760,Pancreatitis Pathology and Treatment,Health Sciences,Medicine,Surgery,18325,10010,267,9991,1.8306693306693307,2.6724051646481835
T11174,Pediatric Urology and Nephrology Studies,Health Sciences,Medicine,"Pediatrics, Perinatology and Child Health",18290,8067,181,8058,2.2672616834015122,2.246214941672872
T11163,Organ Donation and Transplantation,Health Sciences,Medicine,"Public Health, Environmental and Occupational Health",18256,8290,289,8277,2.202171290711701,3.491603237888124
T12636,Regional Development and Innovation,Social Sciences,Social Sciences,Development,18209,4522,327,4518,4.026758071649713,7.237715803452855
T11040,Personality Traits and Psychology,Social Sciences,Psychology,Clinical Psychology,18196,5205,134,5198,3.4958693563880883,2.577914582531743
T12856,Transgenic Plants and Applications,Life Sciences,"Biochemistry, Genetics and Molecular Biology",Biotechnology,18196,6679,128,6676,2.7243599341218747,1.9173157579388855
T13069,Cocoa and Sweet Potato Agronomy,Life Sciences,Agricultural and Biological Sciences,Horticulture,18193,5426,276,5415,3.352930335422042,5.096952908587258
T12194,Cultural Competency in Health Care,Social Sciences,Social Sciences,Sociology and Political Science,18188,5574,325,5557,3.263006817366344,5.848479395357207
T13522,Cardiovascular Health and Risk Factors,Health Sciences,Medicine,Cardiology and Cardiovascular Medicine,18166,4359,347,4339,4.167469603119982,7.99723438580318
T11039,Evaluation of Teaching Practices,Social Sciences,Social Sciences,Education,18161,5646,116,5643,3.216613531703861,2.0556441609073186
T10021,EFL/ESL Teaching and Learning,Social Sciences,Arts and Humanities,Language and Linguistics,18148,7524,186,7521,2.4120148856990964,2.4730753889110493
T10989,Uterine Myomas and Treatments,Health Sciences,Medicine,Obstetrics and Gynecology,18145,8781,226,8745,2.0663933492768476,2.5843339050886223
T11312,Soil Moisture and Remote Sensing,Physical Sciences,Environmental Science,Environmental Engineering,18133,6031,156,6022,3.006632399270436,2.590501494520093
T13194,ICT in Developing Communities,Physical Sciences,Computer Science,Information Systems,18124,4706,301,4694,3.8512537186570337,6.412441414571794
T11466,Innovative Education and Learning Practices,Social Sciences,Social Sciences,Human Factors and Ergonomics,18083,5343,241,5330,3.3844282238442824,4.521575984990619
T14051,Regional Economic and Spatial Analysis,Social Sciences,"Economics, Econometrics and Finance",Economics and Econometrics,18081,2950,66,2950,6.129152542372881,2.23728813559322
T11922,Cardiovascular Effects of Exercise,Health Sciences,Medicine,Cardiology and Cardiovascular Medicine,18048,6937,238,6909,2.601701023497189,3.4447821681864235
T13894,Indian Economic and Social Development,Social Sciences,"Economics, Econometrics and Finance",Economics and Econometrics,18028,3954,228,3945,4.559433485078402,5.779467680608365
T13861,Health and Lifestyle Studies,Health Sciences,Health Professions,General Health Professions,17907,5693,313,5687,3.1454417705954683,5.503780552136451
T10925,Spinal Cord Injury Research,Health Sciences,Medicine,Pathology and Forensic Medicine,17871,7828,228,7820,2.282958610117527,2.915601023017903
T14483,Education and Teacher Training,Social Sciences,Social Sciences,Education,17856,3641,311,3641,4.904147212304312,8.541609447953858
T12904,Diverse Educational Innovations Studies,Life Sciences,Agricultural and Biological Sciences,General Agricultural and Biological Sciences,17837,5767,172,5763,3.09294260447373,2.9845566545202153
T10751,Forensic and Genetic Research,Life Sciences,"Biochemistry, Genetics and Molecular Biology",Genetics,17806,6033,149,6024,2.9514337808718714,2.4734395750332006
T10476,Algal biology and biofuel production,Physical Sciences,Energy,"Renewable Energy, Sustainability and the Environment",17789,7335,202,7332,2.425221540558964,2.755046372067649
T10014,Plant Stress Responses and Tolerance,Life Sciences,Agricultural and Biological Sciences,Plant Science,17787,9041,167,9040,1.96737086605464,1.8473451327433628
T11840,Pain Management and Treatment,Health Sciences,Medicine,Anesthesiology and Pain Medicine,17777,6387,230,6373,2.783309848129012,3.6089753648203358
T10448,Memory and Neural Mechanisms,Life Sciences,Neuroscience,Cognitive Neuroscience,17771,8092,98,8092,2.1961196243203163,1.2110726643598615
T13408,Corporate Law and Human Rights,Social Sciences,"Business, Management and Accounting",Organizational Behavior and Human Resource Management,17763,4412,252,4395,4.026065276518586,5.733788395904437
T10395,Construction Project Management and Performance,Social Sciences,Decision Sciences,Management Science and Operations Research,17759,6573,276,6562,2.7018104366347178,4.20603474550442
T13338,Pharmacological Effects and Assays,Life Sciences,Agricultural and Biological Sciences,Animal Science and Zoology,17739,6230,96,6227,2.8473515248796146,1.5416733579572828
T13255,"Business, Innovation, and Economy",Social Sciences,"Economics, Econometrics and Finance",Economics and Econometrics,17708,4140,625,4136,4.277294685990338,15.111218568665377
T13536,Psychological and Temporal Perspectives Research,Social Sciences,Psychology,Experimental and Cognitive Psychology,17660,3778,204,3777,4.674430915828481,5.401111993645751
T13839,"Tourism, Volunteerism, and Development",Social Sciences,Social Sciences,Demography,17628,4847,293,4842,3.636888797194141,6.0512185047501035
T11848,Heme Oxygenase-1 and Carbon Monoxide,Life Sciences,"Biochemistry, Genetics and Molecular Biology",Molecular Biology,17601,6505,87,6503,2.7057647963105302,1.3378440719667846
T13773,International Labor and Employment Law,Social Sciences,Social Sciences,Political Science and International Relations,17559,3992,247,3960,4.398547094188377,6.237373737373737
T11327,Acupuncture Treatment Research Studies,Health Sciences,Medicine,Complementary and alternative medicine,17554,5603,143,5598,3.132964483312511,2.5544837441943553
T10924,Cardiovascular Health and Disease Prevention,Health Sciences,Medicine,Cardiology and Cardiovascular Medicine,17551,7354,133,7345,2.3865923307043784,1.8107556160653506
T11293,Orthopedic Infections and Treatments,Health Sciences,Medicine,Surgery,17541,8506,244,8504,2.062191394309899,2.8692380056444025
T13092,Environmental Chemistry and Analysis,Physical Sciences,Environmental Science,Environmental Chemistry,17520,5108,93,5101,3.4299138606108066,1.8231719270731228
T11285,Hearing Impairment and Communication,Social Sciences,Psychology,Developmental and Educational Psychology,17452,6743,186,6740,2.588165504968115,2.7596439169139466
T11122,Online Learning and Analytics,Physical Sciences,Computer Science,Computer Science Applications,17432,5158,1018,5148,3.3796044978673905,19.774669774669775
T11434,Electrochemical Analysis and Applications,Physical Sciences,Chemistry,Electrochemistry,17416,8053,85,8053,2.1626722960387434,1.0555072643735255
T12472,Plant responses to water stress,Life Sciences,Agricultural and Biological Sciences,Plant Science,17398,6357,165,6354,2.7368255466414975,2.5967894239848914
T12211,Aluminum toxicity and tolerance in plants and animals,Life Sciences,Agricultural and Biological Sciences,Plant Science,17370,6075,91,6073,2.859259259259259,1.498435698995554
T12113,Growth and nutrition in plants,Life Sciences,Agricultural and Biological Sciences,Plant Science,17350,9818,158,9815,1.7671623548584232,1.609780947529292
T11606,Infrastructure Maintenance and Monitoring,Physical Sciences,Engineering,Civil and Structural Engineering,17336,8815,352,8810,1.966647759500851,3.995459704880817
T13294,Livestock and Poultry Management,Life Sciences,Agricultural and Biological Sciences,Animal Science and Zoology,17327,6222,192,6213,2.7847958855673416,3.0902945436986964
T11891,Big Data and Business Intelligence,Social Sciences,"Business, Management and Accounting",Management Information Systems,17311,5176,798,5167,3.3444744976816074,15.444164892587574
T10528,"Adipokines, Inflammation, and Metabolic Diseases",Health Sciences,Medicine,Epidemiology,17281,8194,192,8179,2.108982182084452,2.3474752414720625
T13007,Economic Sanctions and International Relations,Social Sciences,"Economics, Econometrics and Finance",Economics and Econometrics,17271,4433,647,4396,3.896007218587864,14.717925386715196
T10983,Aortic aneurysm repair treatments,Health Sciences,Medicine,Pulmonary and Respiratory Medicine,17271,7853,161,7847,2.1992868967273655,2.0517395182872433
T14072,Immunotoxicology and immune responses,Life Sciences,Immunology and Microbiology,Immunology,17267,4523,79,4517,3.817598938757462,1.7489484170909897
T14389,"Innovation, Technology, and Society",Social Sciences,Social Sciences,Sociology and Political Science,17247,4404,362,4396,3.9162125340599454,8.234758871701548
T10542,Vestibular and auditory disorders,Life Sciences,Neuroscience,Neurology,17195,8311,235,8305,2.0689447719889302,2.8296207104154125
T14056,Safety Warnings and Signage,Social Sciences,Psychology,Social Psychology,17188,5047,126,5044,3.4055874777095303,2.4980174464710547
T11518,Cervical and Thoracic Myelopathy,Health Sciences,Medicine,Surgery,17169,7263,154,7252,2.3638992152003304,2.1235521235521237
T11364,Cholangiocarcinoma and Gallbladder Cancer Studies,Health Sciences,Medicine,Surgery,17164,8249,237,8239,2.080737059037459,2.8765626896468017
T12837,American Environmental and Regional History,Physical Sciences,Environmental Science,"Management, Monitoring, Policy and Law",17122,6472,91,6471,2.645550061804697,1.406274146190697
T11348,Celiac Disease Research and Management,Health Sciences,Medicine,Gastroenterology,17060,6639,264,6635,2.5696641060400665,3.978899773926149
T11121,Public Relations and Crisis Communication,Social Sciences,Social Sciences,Communication,17058,5760,400,5745,2.9614583333333333,6.962576153176675
T11956,Sexual Differentiation and Disorders,Life Sciences,"Biochemistry, Genetics and Molecular Biology",Molecular Biology,17057,7218,255,7216,2.3631199778331946,3.5338137472283813
T13240,Bioeconomy and Sustainability Development,Life Sciences,Agricultural and Biological Sciences,General Agricultural and Biological Sciences,17045,3487,500,3463,4.888156008029825,14.43834825295986
T11068,Tendon Structure and Treatment,Health Sciences,Medicine,Orthopedics and Sports Medicine,17006,6059,132,6055,2.80673378445288,2.180016515276631
T12920,Healthcare and Environmental Waste Management,Health Sciences,Medicine,"Public Health, Environmental and Occupational Health",16991,4628,398,4617,3.6713483146067416,8.620316222655404
T10164,Quality and Supply Management,Social Sciences,"Business, Management and Accounting",Management Information Systems,16966,6737,217,6735,2.518331601603087,3.2219747587230883
T11839,Hormonal Regulation and Hypertension,Health Sciences,Medicine,"Endocrinology, Diabetes and Metabolism",16938,7881,224,7869,2.1492196421773886,2.846613292667429
T11953,"Neuroethics, Human Enhancement, Biomedical Innovations",Life Sciences,Neuroscience,Cognitive Neuroscience,16902,5060,480,5039,3.340316205533597,9.525699543560231
T12741,Maternal and Neonatal Healthcare,Health Sciences,Health Professions,General Health Professions,16902,4655,250,4644,3.6309344790547797,5.383290267011197
T11589,Gynecological conditions and treatments,Health Sciences,Medicine,Obstetrics and Gynecology,16873,8141,230,8102,2.0725955042378086,2.8388052332757345
T13099,"Health, Medicine and Society",Health Sciences,Health Professions,General Health Professions,16830,6456,316,6439,2.606877323420074,4.907594346948284
T12744,Medical Device Sterilization and Disinfection,Life Sciences,Immunology and Microbiology,Microbiology,16809,4974,150,4946,3.379372738238842,3.03275374039628
T13004,Vitamin K Research Studies,Health Sciences,Nursing,Nutrition and Dietetics,16808,5052,135,5049,3.3269992082343625,2.6737967914438503
T12538,Eosinophilic Esophagitis,Health Sciences,Medicine,Surgery,16806,7452,208,7448,2.255233494363929,2.7926960257787323
T11356,Pleural and Pulmonary Diseases,Health Sciences,Medicine,Pulmonary and Respiratory Medicine,16797,7540,165,7538,2.2277188328912465,2.1889095250729635
T10050,Multi-Criteria Decision Making,Social Sciences,Decision Sciences,Management Science and Operations Research,16786,4710,80,4710,3.5639065817409765,1.6985138004246285
T11864,Supply Chain Resilience and Risk Management,Social Sciences,"Business, Management and Accounting",Strategy and Management,16780,4557,622,4532,3.6822470923853414,13.724624889673434
T11801,Reservoir Engineering and Simulation Methods,Physical Sciences,Engineering,Ocean Engineering,16744,6132,204,6131,2.730593607305936,3.327352797259827
T14296,Climate Change and Sustainable Development,Physical Sciences,Environmental Science,Global and Planetary Change,16709,1767,233,1753,9.456140350877194,13.291500285225329
T10345,Hematopoietic Stem Cell Transplantation,Health Sciences,Medicine,Hematology,16707,8752,281,8751,1.908935100548446,3.2110615929608044
T11916,Legionella and Acanthamoeba research,Life Sciences,"Biochemistry, Genetics and Molecular Biology",Endocrinology,16556,4763,184,4754,3.475960529078312,3.870424905342869
T11055,Cardiac and Coronary Surgery Techniques,Health Sciences,Medicine,Surgery,16538,7946,209,7924,2.0812987666750566,2.6375567895002523
T12655,Female Genital Mutilation/Cutting Issues,Health Sciences,Medicine,"Public Health, Environmental and Occupational Health",16537,4544,153,4535,3.6393045774647885,3.3737596471885336
T10031,T-cell and B-cell Immunology,Life Sciences,Immunology and Microbiology,Immunology,16536,10294,160,10292,1.6063726442587916,1.554605518849592
T10301,Mitochondrial Function and Pathology,Life Sciences,"Biochemistry, Genetics and Molecular Biology",Molecular Biology,16512,9493,189,9490,1.739386916675445,1.9915700737618547
T11420,Geographies of human-animal interactions,Social Sciences,Social Sciences,"Geography, Planning and Development",16456,5980,293,5973,2.751839464882943,4.905407667838607
T10640,Spectroscopy and Chemometric Analyses,Physical Sciences,Chemistry,Analytical Chemistry,16403,7167,239,7161,2.2886842472443143,3.337522692361402
T10748,Growth Hormone and Insulin-like Growth Factors,Health Sciences,Medicine,"Endocrinology, Diabetes and Metabolism",16312,8664,95,8659,1.8827331486611265,1.097124379258575
T13110,Colorectal and Anal Carcinomas,Health Sciences,Medicine,Surgery,16310,7213,255,7211,2.2611950644669347,3.536264041048398
T12352,Heparin-Induced Thrombocytopenia and Thrombosis,Health Sciences,Medicine,Surgery,16310,5085,232,5077,3.207472959685349,4.569627732913138
T12114,Sensory Analysis and Statistical Methods,Life Sciences,Agricultural and Biological Sciences,Food Science,16286,4611,125,4607,3.5319887226198223,2.7132624267419145
T11079,Creativity in Education and Neuroscience,Social Sciences,Psychology,Experimental and Cognitive Psychology,16253,5462,235,5461,2.975649945075064,4.3032411646218645
T11455,Microbial Inactivation Methods,Life Sciences,"Biochemistry, Genetics and Molecular Biology",Biotechnology,16252,6377,158,6373,2.5485337933197427,2.479209163659187
T13220,Plant and Fungal Interactions Research,Life Sciences,"Biochemistry, Genetics and Molecular Biology",Endocrinology,16238,6931,217,6928,2.3428076756600777,3.1322170900692843
T12775,Legal Issues in South Africa,Social Sciences,Social Sciences,Law,16226,5456,184,5454,2.9739736070381233,3.3736707004033737
T11937,Research Data Management Practices,Physical Sciences,Computer Science,Information Systems,16168,5353,811,5328,3.0203624135998504,15.221471471471471
T11585,Exercise and Physiological Responses,Health Sciences,Medicine,Rehabilitation,16087,7282,224,7273,2.209145839055205,3.0798845043310874
T11927,Plant Reproductive Biology,Life Sciences,"Biochemistry, Genetics and Molecular Biology",Molecular Biology,16057,8283,106,8282,1.9385488349631776,1.2798840859695726
T12509,Corporate Insolvency and Governance,Social Sciences,"Business, Management and Accounting",Accounting,16041,2847,101,2837,5.634351949420442,3.5600986958054284
T13001,Restraint-Related Deaths,Health Sciences,Medicine,Emergency Medicine,15940,5301,134,5297,3.006979815129221,2.5297338115914667
T10088,Thermochemical Biomass Conversion Processes,Physical Sciences,Engineering,Biomedical Engineering,15936,6436,258,6432,2.476072094468614,4.0111940298507465
T10755,HER2/EGFR in Cancer Research,Health Sciences,Medicine,Oncology,15919,6677,341,6670,2.3841545604313312,5.112443778110944
T11534,Erythropoietin and Anemia Treatment,Health Sciences,Medicine,Hematology,15857,5988,177,5982,2.64812959251837,2.958876629889669
T12480,Health and Wellbeing Research,Health Sciences,Health Professions,General Health Professions,15849,4874,212,4871,3.2517439474764056,4.35228905768836
T11674,Sports Analytics and Performance,Social Sciences,"Economics, Econometrics and Finance",Economics and Econometrics,15834,4320,236,4307,3.665277777777778,5.47945205479452
T11609,Geophysical Methods and Applications,Physical Sciences,Engineering,Ocean Engineering,15824,7598,157,7598,2.082653329823638,2.066333245590945
T11203,Jewish and Middle Eastern Studies,Social Sciences,Social Sciences,Sociology and Political Science,15798,6850,326,6841,2.3062773722627736,4.765385177605613
T13369,European and Russian Geopolitical Military Strategies,Social Sciences,Social Sciences,Political Science and International Relations,15787,4928,783,4871,3.203530844155844,16.074727981933894
T12838,Photovoltaic Systems and Sustainability,Physical Sciences,Environmental Science,Environmental Engineering,15776,3307,427,3288,4.770486846084064,12.98661800486618
T12682,Smart Materials for Construction,Physical Sciences,Environmental Science,Pollution,15776,4981,163,4977,3.167235494880546,3.275065300381756
T11332,"Genomics, phytochemicals, and oxidative stress",Life Sciences,"Biochemistry, Genetics and Molecular Biology",Molecular Biology,15771,6566,63,6565,2.401918976545842,0.9596344249809596
T10683,Mass Spectrometry Techniques and Applications,Physical Sciences,Chemistry,Spectroscopy,15757,8488,153,8486,1.8563854853911403,1.8029695969832666
T11433,Emotional Intelligence and Performance,Social Sciences,Psychology,Social Psychology,15736,4481,162,4477,3.511716134791341,3.6184945275854368
T11827,Polyomavirus and related diseases,Health Sciences,Medicine,Oncology,15728,7244,160,7242,2.1711761457758145,2.2093344380005524
T12221,Cybersecurity and Cyber Warfare Studies,Social Sciences,Social Sciences,Political Science and International Relations,15723,4299,624,4254,3.6573621772505236,14.668547249647391
T13067,Geological Modeling and Analysis,Physical Sciences,Earth and Planetary Sciences,Geochemistry and Petrology,15721,6281,860,6267,2.5029453908613277,13.722674325833733
T12233,Geotechnical Engineering and Underground Structures,Physical Sciences,Engineering,Civil and Structural Engineering,15710,7626,115,7626,2.060057697351167,1.5079989509572516
T11058,Ethics in Business and Education,Social Sciences,Decision Sciences,Information Systems and Management,15666,5289,150,5286,2.9619965967101534,2.837684449489217
T10658,Bone fractures and treatments,Health Sciences,Medicine,Epidemiology,15665,7394,180,7389,2.1186096835271844,2.43605359317905
T13146,Sustainable Finance and Green Bonds,Social Sciences,"Economics, Econometrics and Finance",Finance,15634,2157,713,2108,7.248029670839128,33.8235294117647
T10449,Renal cell carcinoma treatment,Health Sciences,Medicine,Pulmonary and Respiratory Medicine,15630,8227,426,8225,1.8998419837121672,5.179331306990881
T10442,Knee injuries and reconstruction techniques,Health Sciences,Medicine,Surgery,15629,6560,137,6558,2.382469512195122,2.08905154010369
T12336,Insect Utilization and Effects,Life Sciences,Agricultural and Biological Sciences,Insect Science,15622,5738,348,5730,2.722551411641687,6.0732984293193715
T13030,Survey Sampling and Estimation Techniques,Physical Sciences,Mathematics,Statistics and Probability,15590,2574,65,2569,6.056721056721057,2.53016738030362
T12126,Maritime Transport Emissions and Efficiency,Physical Sciences,Environmental Science,Environmental Engineering,15545,3788,469,3775,4.103748680042239,12.42384105960265
T11972,Chromium effects and bioremediation,Physical Sciences,Environmental Science,"Health, Toxicology and Mutagenesis",15524,4983,72,4983,3.11539233393538,1.4449127031908489
T12697,Water Quality Monitoring Technologies,Physical Sciences,Environmental Science,Water Science and Technology,15478,5361,399,5357,2.8871479201641486,7.448198618629831
T10284,Anaerobic Digestion and Biogas Production,Physical Sciences,Engineering,Building and Construction,15436,5292,212,5289,2.9168556311413454,4.008319152958971
T10429,EEG and Brain-Computer Interfaces,Life Sciences,Neuroscience,Cognitive Neuroscience,15411,8021,345,8012,1.9213315047999002,4.306040938592112
T10932,Microbial Metabolic Engineering and Bioproduction,Life Sciences,"Biochemistry, Genetics and Molecular Biology",Molecular Biology,15405,7356,200,7354,2.0942088091353996,2.7196083763937993
T12422,Radiomics and Machine Learning in Medical Imaging,Health Sciences,Medicine,"Radiology, Nuclear Medicine and Imaging",15384,7375,869,7364,2.085966101694915,11.800651819663226
T12455,Mediterranean and Iberian flora and fauna,Life Sciences,Agricultural and Biological Sciences,Plant Science,15378,6270,109,6261,2.4526315789473685,1.7409359527232071
T12143,Place Attachment and Urban Studies,Social Sciences,Social Sciences,Sociology and Political Science,15362,3221,186,3209,4.76932629618131,5.796198192583359
T11977,Technology Use by Older Adults,Social Sciences,Social Sciences,Demography,15313,5216,555,5198,2.9357745398773005,10.677183532127742
T12910,Eicosanoids and Hypertension Pharmacology,Life Sciences,"Biochemistry, Genetics and Molecular Biology",Biochemistry,15305,6163,62,6162,2.483368489372059,1.006166828951639
T10649,Multiple Myeloma Research and Treatments,Health Sciences,Medicine,Hematology,15287,6821,343,6817,2.2411669843131508,5.0315388000586765
T10149,Anthropological Studies and Insights,Social Sciences,Social Sciences,Anthropology,15286,5617,147,5613,2.721381520384547,2.6189203634420095
T12121,Cooperative Studies and Economics,Social Sciences,"Business, Management and Accounting",Strategy and Management,15284,3885,166,3879,3.934105534105534,4.279453467388502
T10861,Ear Surgery and Otitis Media,Health Sciences,Medicine,Otorhinolaryngology,15276,6462,196,6460,2.3639740018570103,3.0340557275541795
T11925,Culinary Culture and Tourism,Life Sciences,Agricultural and Biological Sciences,Food Science,15260,5045,210,5041,3.024777006937562,4.16584011108907
T11176,Radiation Therapy and Dosimetry,Health Sciences,Medicine,Pulmonary and Respiratory Medicine,15248,7330,180,7329,2.080218281036835,2.4559967253376995
T10505,Pluripotent Stem Cells Research,Life Sciences,"Biochemistry, Genetics and Molecular Biology",Molecular Biology,15243,6980,267,6972,2.183810888252149,3.82960413080895
T13841,Psychology of Social Influence,Social Sciences,Social Sciences,Sociology and Political Science,15202,3789,49,3789,4.012140406439694,1.293217207706519
T11303,Bayesian Modeling and Causal Inference,Physical Sciences,Computer Science,Artificial Intelligence,15168,3281,95,3279,4.622980798537031,2.8972247636474533
T10482,Mathematical and Theoretical Epidemiology and Ecology Models,Health Sciences,Medicine,"Public Health, Environmental and Occupational Health",15133,3782,47,3782,4.001322051824432,1.2427287149656268
T10378,Advanced MRI Techniques and Applications,Health Sciences,Medicine,"Radiology, Nuclear Medicine and Imaging",15098,9321,179,9316,1.6197832850552516,1.9214255045083728
T11750,Phytoplasmas and Hemiptera pathogens,Life Sciences,Agricultural and Biological Sciences,Plant Science,15023,5770,185,5758,2.6036395147313693,3.2129211531781867
T11950,Cardiovascular Syncope and Autonomic Disorders,Health Sciences,Medicine,Surgery,14985,6956,181,6942,2.154255319148936,2.607317775857102
T11024,Information Systems Theories and Implementation,Social Sciences,Social Sciences,Sociology and Political Science,14979,3979,140,3969,3.764513696908771,3.527336860670194
T10271,Seismic Imaging and Inversion Techniques,Physical Sciences,Earth and Planetary Sciences,Geophysics,14944,6951,294,6949,2.1499064882750685,4.230824579076126
T12788,Space Science and Extraterrestrial Life,Physical Sciences,Physics and Astronomy,Astronomy and Astrophysics,14936,3849,300,3843,3.880488438555469,7.8064012490242
T11220,Water Systems and Optimization,Physical Sciences,Engineering,Civil and Structural Engineering,14923,5290,163,5289,2.820982986767486,3.0818680279826056
T12108,Management of metastatic bone disease,Health Sciences,Medicine,Surgery,14923,6347,152,6347,2.3511895383645816,2.394832204190956
T12116,Dermatological diseases and infestations,Health Sciences,Medicine,Infectious Diseases,14887,5213,157,5210,2.8557452522539806,3.013435700575816
T13048,Patient Dignity and Privacy,Health Sciences,Medicine,"Public Health, Environmental and Occupational Health",14869,5545,221,5537,2.6815148782687106,3.9913310456926134
T10563,Corneal surgery and disorders,Health Sciences,Medicine,"Radiology, Nuclear Medicine and Imaging",14792,7871,253,7871,1.8793037733451912,3.214331088807013
T11213,Genomic variations and chromosomal abnormalities,Life Sciences,"Biochemistry, Genetics and Molecular Biology",Genetics,14776,7035,151,7034,2.100355366027008,2.146715951094683
T10757,Geographic Information Systems Studies,Social Sciences,Social Sciences,"Geography, Planning and Development",14756,5111,245,5101,2.8871062414400313,4.802979807880807
T11238,Simulation-Based Education in Healthcare,Health Sciences,Medicine,Physiology,14735,6896,532,6871,2.136745939675174,7.7426866540532675
T10581,Neural dynamics and brain function,Life Sciences,Neuroscience,Cognitive Neuroscience,14725,7620,239,7620,1.9324146981627297,3.136482939632546
T11178,Receptor Mechanisms and Signaling,Life Sciences,"Biochemistry, Genetics and Molecular Biology",Molecular Biology,14717,8190,92,8190,1.796947496947497,1.1233211233211233
T11926,Subterranean biodiversity and taxonomy,Physical Sciences,Earth and Planetary Sciences,Paleontology,14690,2112,162,2106,6.955492424242424,7.6923076923076925
T11600,Brain Metastases and Treatment,Health Sciences,Medicine,Pulmonary and Respiratory Medicine,14675,6829,193,6828,2.148923707717089,2.826596367896895
T11491,CAR-T cell therapy research,Health Sciences,Medicine,Oncology,14629,7068,687,7055,2.0697509903791738,9.737774627923459
T12849,Parvovirus B19 Infection Studies,Health Sciences,Medicine,Infectious Diseases,14619,6480,154,6472,2.2560185185185184,2.379480840543881
T10309,Acute Myeloid Leukemia Research,Health Sciences,Medicine,Hematology,14603,7809,312,7804,1.8700217697528492,3.9979497693490518
T12439,Dental Research and COVID-19,Health Sciences,Dentistry,General Dentistry,14587,5173,247,5170,2.8198337521747536,4.777562862669246
T13508,Agricultural Economics and Practices,Life Sciences,Agricultural and Biological Sciences,General Agricultural and Biological Sciences,14574,3629,261,3618,4.015982364287683,7.213930348258707
T12296,Autopsy Techniques and Outcomes,Health Sciences,Medicine,"Radiology, Nuclear Medicine and Imaging",14566,4631,211,4628,3.1453249838047936,4.559204840103717
T11719,Data Quality and Management,Social Sciences,Decision Sciences,Management Science and Operations Research,14547,4511,403,4507,3.2247838616714697,8.941646327934324
T12979,Cardiovascular Disease and Adiposity,Health Sciences,Medicine,Cardiology and Cardiovascular Medicine,14536,5484,223,5467,2.6506199854121077,4.079019571977319
T12348,Rural Development and Agriculture,Physical Sciences,Environmental Science,"Management, Monitoring, Policy and Law",14536,5460,476,5455,2.662271062271062,8.725939505041246
T13504,African history and culture analysis,Social Sciences,Social Sciences,Political Science and International Relations,14529,5114,160,5108,2.841024638247947,3.1323414252153485
T13525,Cambodian History and Society,Social Sciences,Social Sciences,Sociology and Political Science,14468,4176,218,4169,3.46455938697318,5.229071719836892
T13075,Legal Systems and Judicial Processes,Social Sciences,Social Sciences,Political Science and International Relations,14450,4695,131,4693,3.0777422790202342,2.791391434050714
T11986,Scientific Computing and Data Management,Social Sciences,Decision Sciences,Information Systems and Management,14439,5079,663,5053,2.8428824571766094,13.12091826637641
T12668,Yeasts and Rust Fungi Studies,Life Sciences,"Biochemistry, Genetics and Molecular Biology",Molecular Biology,14419,6984,175,6981,2.064576174112257,2.5068041827818366
T11258,Breast Implant and Reconstruction,Health Sciences,Medicine,Surgery,14380,7067,188,7062,2.0348096787887364,2.6621353724157464
T11422,Burn Injury Management and Outcomes,Health Sciences,Medicine,Epidemiology,14363,5283,175,5274,2.718720424001514,3.3181645809632156
T10855,Amyotrophic Lateral Sclerosis Research,Health Sciences,Medicine,Neurology,14362,6030,320,6027,2.3817578772802652,5.309440849510536
T11479,Smart Cities and Technologies,Physical Sciences,Engineering,Media Technology,14347,4038,597,4029,3.5529965329370974,14.817572598659718
T11974,Lepidoptera: Biology and Taxonomy,Life Sciences,"Biochemistry, Genetics and Molecular Biology",Genetics,14329,5416,103,5413,2.6456794682422453,1.9028265287271384
T11675,Open Source Software Innovations,Physical Sciences,Computer Science,Computer Science Applications,14320,4031,178,4029,3.552468370131481,4.417969719533383
T14306,Technology Assessment and Management,Physical Sciences,Engineering,"Safety, Risk, Reliability and Quality",14304,3633,234,3629,3.9372419488026424,6.448057316065031
T12421,Adrenal Hormones and Disorders,Health Sciences,Medicine,"Endocrinology, Diabetes and Metabolism",14301,6160,210,6149,2.3215909090909093,3.4151894617010896
T12012,Diatoms and Algae Research,Physical Sciences,Materials Science,Biomaterials,14298,4798,134,4792,2.979991663192997,2.7963272120200333
T10907,International Student and Expatriate Challenges,Social Sciences,Social Sciences,Communication,14295,4396,147,4382,3.251819836214741,3.3546325878594248
T11253,Nail Diseases and Treatments,Health Sciences,Medicine,Epidemiology,14284,6587,176,6581,2.16851373918324,2.674365597933445
T12745,Dietary Effects on Health,Health Sciences,Medicine,Physiology,14280,4915,232,4909,2.9053916581892167,4.72601344469342
T12765,"Race, History, and American Society",Social Sciences,Social Sciences,Sociology and Political Science,14260,6179,136,6174,2.307816798834763,2.202785876255264
T13582,"Stalking, Cyberstalking, and Harassment",Social Sciences,Social Sciences,Sociology and Political Science,14243,3431,155,3427,4.1512678519382105,4.522906332068865
T12934,Plant and fungal interactions,Life Sciences,Agricultural and Biological Sciences,"Ecology, Evolution, Behavior and Systematics",14235,6443,112,6438,2.209374514977495,1.7396707051879465
T10992,Forensic Anthropology and Bioarchaeology Studies,Social Sciences,Arts and Humanities,Archeology,14235,6602,124,6596,2.156164798545895,1.879927228623408
T14049,Plant and Fungal Species Descriptions,Life Sciences,"Biochemistry, Genetics and Molecular Biology",Molecular Biology,14225,6320,172,6320,2.2507911392405062,2.721518987341772
T12716,Congenital Anomalies and Fetal Surgery,Health Sciences,Medicine,Surgery,14209,5806,137,5804,2.447295900792284,2.3604410751206064
T10750,Fermentation and Sensory Analysis,Life Sciences,Agricultural and Biological Sciences,Food Science,14203,7217,221,7210,1.967992240543162,3.0651872399445215
T14274,Education and Vocational Training,Social Sciences,Social Sciences,Education,14202,446,38,446,31.84304932735426,8.52017937219731
T12005,Spaceflight effects on biology,Health Sciences,Medicine,Physiology,14196,5770,173,5767,2.460311958405546,2.999826599618519
T12238,Green IT and Sustainability,Physical Sciences,Engineering,Electrical and Electronic Engineering,14183,3288,329,3285,4.313564476885645,10.015220700152208
T12187,Glutathione Transferases and Polymorphisms,Life Sciences,"Biochemistry, Genetics and Molecular Biology",Molecular Biology,14176,5179,41,5177,2.7372079552037074,0.7919644581804134
T10680,Wind Energy Research and Development,Physical Sciences,Engineering,Aerospace Engineering,14170,3922,255,3918,3.612952575216726,6.508422664624809
T12950,Educational Environments and Student Outcomes,Social Sciences,Social Sciences,Education,14169,3517,136,3513,4.028717657094115,3.8713350412752634
T11072,Peroxisome Proliferator-Activated Receptors,Life Sciences,"Biochemistry, Genetics and Molecular Biology",Molecular Biology,14163,5807,63,5806,2.438952987773377,1.0850843954529796
T12172,Neutropenia and Cancer Infections,Health Sciences,Medicine,Oncology,14160,6307,176,6302,2.2451244648802917,2.7927642018406855
T10524,Traffic control and management,Physical Sciences,Engineering,Control and Systems Engineering,14129,6035,199,6029,2.3411764705882354,3.3007132194393765
T12832,Biocrusts and Microbial Ecology,Life Sciences,Agricultural and Biological Sciences,"Ecology, Evolution, Behavior and Systematics",14110,4960,85,4954,2.844758064516129,1.7157852240613645
T11473,Appendicitis Diagnosis and Management,Health Sciences,Medicine,Emergency Medicine,14105,7256,177,7236,1.9439084895259096,2.4461028192371477
T11452,Oral Health Pathology and Treatment,Health Sciences,Dentistry,Periodontics,14093,6144,143,6137,2.2937825520833335,2.3301287273912337
T13018,Seismology and Earthquake Studies,Physical Sciences,Computer Science,Artificial Intelligence,14065,5136,353,5127,2.73851246105919,6.885118002730642
T13899,Agricultural Systems and Practices,Life Sciences,Agricultural and Biological Sciences,"Ecology, Evolution, Behavior and Systematics",14030,3214,278,3206,4.365276913503423,8.671241422333125
T11361,Digital Radiography and Breast Imaging,Health Sciences,Medicine,Pulmonary and Respiratory Medicine,13984,5199,190,5197,2.689748028467013,3.655955358860881
T14180,"Law, logistics, and international trade",Social Sciences,"Business, Management and Accounting",Accounting,13976,4612,181,4604,3.0303555941023417,3.9313640312771505
T11905,Veterinary Pharmacology and Anesthesia,Health Sciences,Veterinary,Small Animals,13957,5011,187,5000,2.7852724007184193,3.74
T12519,Cybercrime and Law Enforcement Studies,Physical Sciences,Computer Science,Information Systems,13941,4238,497,4213,3.289523360075507,11.796819368620936
T11194,Ocular Diseases and Behçet’s Syndrome,Health Sciences,Medicine,Ophthalmology,13933,6018,178,6015,2.3152210036556995,2.9592684954280966
T10725,RNA Interference and Gene Delivery,Life Sciences,"Biochemistry, Genetics and Molecular Biology",Molecular Biology,13917,7045,183,7041,1.975443577004968,2.5990626331487006
T11318,Phytoestrogen effects and research,Health Sciences,Medicine,Pathology and Forensic Medicine,13907,5582,92,5578,2.491400931565747,1.6493366798135531
T12568,Plant Taxonomy and Phylogenetics,Life Sciences,Agricultural and Biological Sciences,"Ecology, Evolution, Behavior and Systematics",13880,6146,139,6144,2.258379433778067,2.2623697916666665
T13562,Cruise Tourism Development and Management,Social Sciences,Social Sciences,Transportation,13861,4166,194,4159,3.3271723475756123,4.664582832411638
T12209,Bone and Joint Diseases,Health Sciences,Medicine,Orthopedics and Sports Medicine,13824,5587,114,5585,2.4743153749776265,2.0411817367949867
T12624,Maritime and Coastal Archaeology,Social Sciences,Arts and Humanities,Archeology,13823,6137,196,6132,2.2524034544565747,3.1963470319634704
T11865,Anorectal Disease Treatments and Outcomes,Health Sciences,Medicine,Surgery,13819,6852,160,6847,2.0167834208990074,2.3367898349642178
T11098,Seed Germination and Physiology,Life Sciences,Agricultural and Biological Sciences,Plant Science,13805,7033,133,7033,1.962889236456704,1.891084885539599
T11264,Coffee research and impacts,Health Sciences,Medicine,Pharmacology,13781,4525,162,4521,3.045524861878453,3.5832780358327803
T12717,Space exploration and regulation,Physical Sciences,Physics and Astronomy,Astronomy and Astrophysics,13781,4183,455,4170,3.2945254601960317,10.911270983213429
T13398,Data Analysis with R,Physical Sciences,Computer Science,Artificial Intelligence,13760,1852,170,1847,7.429805615550756,9.2041147807255
T11114,Service and Product Innovation,Social Sciences,"Business, Management and Accounting",Marketing,13738,3900,217,3891,3.5225641025641026,5.576972500642508
T11077,Genetic and Clinical Aspects of Sex Determination and Chromosoma,Life Sciences,"Biochemistry, Genetics and Molecular Biology",Genetics,13721,6496,130,6495,2.112222906403941,2.001539645881447
T11867,Traumatic Ocular and Foreign Body Injuries,Health Sciences,Medicine,Ophthalmology,13719,5405,171,5398,2.5382053654024053,3.167839940718785
T11189,Transplantation: Methods and Outcomes,Health Sciences,Medicine,Surgery,13679,7576,216,7562,1.805570221752904,2.856387199153663
T12500,Reflective Practices in Education,Social Sciences,Social Sciences,Education,13675,4721,109,4718,2.896632069476806,2.3103009749894023
T11967,Electrolyte and hormonal disorders,Health Sciences,Medicine,Pulmonary and Respiratory Medicine,13664,6010,144,6005,2.2735440931780366,2.3980016652789344
T13802,Vietnamese History and Culture Studies,Social Sciences,Social Sciences,Sociology and Political Science,13661,5723,146,5720,2.3870347719727416,2.5524475524475525
T10465,Neurobiology of Language and Bilingualism,Life Sciences,Neuroscience,Cognitive Neuroscience,13660,6024,160,6019,2.267596281540505,2.6582488785512544
T11155,Toxoplasma gondii Research Studies,Life Sciences,Immunology and Microbiology,Parasitology,13656,5439,87,5436,2.5107556536127964,1.6004415011037527
T13063,Education and experiences of immigrants and refugees,Social Sciences,Social Sciences,Education,13627,3300,268,3285,4.129393939393939,8.158295281582953
T13465,"Graphite, nuclear technology, radiation studies",Physical Sciences,Materials Science,Materials Chemistry,13577,5083,177,5083,2.6710603974031084,3.482195553806807
T14118,Social and Demographic Issues in Germany,Health Sciences,Health Professions,General Health Professions,13561,4470,357,4450,3.033780760626398,8.02247191011236
T12395,Educational Innovations and Technology,Physical Sciences,Computer Science,Information Systems,13555,3137,348,3136,4.3210073318457125,11.096938775510203
T10493,Ion channel regulation and function,Life Sciences,"Biochemistry, Genetics and Molecular Biology",Molecular Biology,13544,7832,53,7831,1.7293156281920328,0.6767973438896693
T10794,Islamic Studies and History,Social Sciences,Social Sciences,Political Science and International Relations,13526,6285,155,6271,2.152108194112967,2.471695104449051
T10325,Astro and Planetary Science,Physical Sciences,Physics and Astronomy,Astronomy and Astrophysics,13518,8779,159,8778,1.539810912404602,1.8113465481886535
T11393,Biosensors and Analytical Detection,Physical Sciences,Engineering,Biomedical Engineering,13506,6175,323,6171,2.1872064777327935,5.234159779614325
T12543,Groundwater and Watershed Analysis,Physical Sciences,Environmental Science,Environmental Engineering,13493,4161,175,4154,3.242730112953617,4.2128069330765525
T11834,Liver Diseases and Immunity,Health Sciences,Medicine,Hepatology,13486,6155,224,6149,2.1910641754671,3.642868759147829
T12663,Body Image and Dysmorphia Studies,Social Sciences,Psychology,Clinical Psychology,13478,5104,235,5063,2.6406739811912225,4.641516887221015
T10784,Muscle activation and electromyography studies,Physical Sciences,Engineering,Biomedical Engineering,13448,7028,172,7022,1.9134889015367103,2.4494446026773
T10954,Peripheral Nerve Disorders,Health Sciences,Medicine,"Radiology, Nuclear Medicine and Imaging",13435,4641,62,4638,2.894850247791424,1.3367830961621388
T10207,Advanced biosensing and bioanalysis techniques,Life Sciences,"Biochemistry, Genetics and Molecular Biology",Molecular Biology,13398,7091,254,7084,1.8894373149062191,3.585544889892716
T11949,Nuclear Physics and Applications,Physical Sciences,Physics and Astronomy,Radiation,13393,7005,95,7004,1.91192005710207,1.3563677898343804
T12847,Healthcare Systems and Challenges,Health Sciences,Health Professions,General Health Professions,13371,4476,421,4426,2.9872654155495977,9.511974694984184
T10942,"Sports, Gender, and Society",Social Sciences,Social Sciences,Gender Studies,13343,5722,243,5715,2.3318769660957708,4.251968503937008
T11994,Human Resource Development and Performance Evaluation,Social Sciences,Psychology,Applied Psychology,13327,3530,106,3527,3.775354107648725,3.005387014459881
T10970,Team Dynamics and Performance,Social Sciences,Psychology,Social Psychology,13325,4816,109,4809,2.7668189368770766,2.266583489290913
T11786,Geomagnetism and Paleomagnetism Studies,Life Sciences,"Biochemistry, Genetics and Molecular Biology",Molecular Biology,13325,6418,76,6418,2.0761919601121845,1.184169523215955
T12027,Social Media in Health Education,Social Sciences,Social Sciences,Health,13315,4721,370,4689,2.820377038762974,7.890808274685434
T13077,Cancer-related cognitive impairment studies,Health Sciences,Medicine,Pulmonary and Respiratory Medicine,13292,4995,242,4987,2.661061061061061,4.852616803689593
T10984,Sinusitis and nasal conditions,Health Sciences,Medicine,Otorhinolaryngology,13258,5762,185,5757,2.3009371745921556,3.213479242661108
T10606,Kidney Stones and Urolithiasis Treatments,Health Sciences,Medicine,Pulmonary and Respiratory Medicine,13252,6764,121,6760,1.9591957421643997,1.7899408284023668
T11326,Stock Market Forecasting Methods,Social Sciences,Decision Sciences,Management Science and Operations Research,13247,2885,285,2869,4.591681109185442,9.933774834437086
T12767,Conflict of Laws and Jurisdiction,Social Sciences,Social Sciences,Political Science and International Relations,13242,5138,146,5135,2.577267419229272,2.843232716650438
T12660,Plant Disease Management Techniques,Life Sciences,Agricultural and Biological Sciences,Plant Science,13240,6627,195,6624,1.997887430209748,2.943840579710145
T12598,Cardiac Structural Anomalies and Repair,Health Sciences,Medicine,Surgery,13228,6972,358,6948,1.8973034997131382,5.152561888313183
T12096,Ectopic Pregnancy Diagnosis and Management,Health Sciences,Medicine,"Public Health, Environmental and Occupational Health",13219,5168,137,5154,2.5578560371517027,2.658129608071401
T10028,Topic Modeling,Physical Sciences,Computer Science,Artificial Intelligence,13196,5602,1509,5583,2.3555872902534807,27.028479312197742
T12819,Environmental Philosophy and Ethics,Physical Sciences,Environmental Science,Nature and Landscape Conservation,13191,2958,200,2951,4.459432048681542,6.777363605557438
T10764,Privacy-Preserving Technologies in Data,Physical Sciences,Computer Science,Artificial Intelligence,13148,4064,640,4062,3.2352362204724407,15.755785327424913
T11363,Dental Radiography and Imaging,Health Sciences,Dentistry,Oral Surgery,13089,6756,206,6751,1.9373889875666075,3.051399792623315
T13352,International Relations in Latin America,Social Sciences,Social Sciences,Political Science and International Relations,13021,4378,318,4369,2.974189127455459,7.278553444724193
T14490,Human Rights and Immigration,Social Sciences,Social Sciences,Sociology and Political Science,13016,4521,541,4511,2.879009068790091,11.992906229217468
T12151,Interpreting and Communication in Healthcare,Health Sciences,Health Professions,General Health Professions,13011,4442,231,4437,2.929085997298514,5.206220419202164
T11487,Automotive and Human Injury Biomechanics,Health Sciences,Medicine,Pulmonary and Respiratory Medicine,13002,3927,122,3925,3.310924369747899,3.1082802547770703
T10320,Neural Networks and Applications,Physical Sciences,Computer Science,Artificial Intelligence,12997,3446,147,3444,3.7716192687173535,4.2682926829268295
T10420,Intracranial Aneurysms: Treatment and Complications,Health Sciences,Medicine,Neurology,12938,7455,184,7431,1.7354795439302482,2.4761135782532633
T10423,Neurobiology and Insect Physiology Research,Life Sciences,Neuroscience,Cellular and Molecular Neuroscience,12916,7116,93,7115,1.8150646430578976,1.3070976809557273
T11728,Thyroid and Parathyroid Surgery,Health Sciences,Medicine,Surgery,12897,7215,131,7204,1.7875259875259875,1.818434203220433
T13086,Post-Soviet Geopolitical Dynamics,Social Sciences,Social Sciences,Political Science and International Relations,12876,4910,374,4890,2.6224032586558046,7.6482617586912065
T10754,Neuroendocrine Tumor Research Advances,Health Sciences,Medicine,Epidemiology,12845,7308,243,7303,1.7576628352490422,3.3273996987539367
T11029,Renal Diseases and Glomerulopathies,Health Sciences,Medicine,Nephrology,12841,6468,198,6467,1.9853123067408782,3.061697850626256
T13228,Socioeconomic Development in Asia,Social Sciences,Social Sciences,Sociology and Political Science,12838,4020,124,4014,3.1935323383084575,3.089187842551071
T11295,Counseling Practices and Supervision,Social Sciences,Psychology,Social Psychology,12832,5060,118,5047,2.5359683794466403,2.338022587675847
T11344,Traffic Prediction and Management Techniques,Physical Sciences,Engineering,Building and Construction,12826,5438,303,5434,2.358587716072085,5.576002944423997
T12054,Menstrual Health and Disorders,Health Sciences,Medicine,"Public Health, Environmental and Occupational Health",12824,4473,272,4444,2.86697965571205,6.120612061206121
T11846,Cultural Heritage Management and Preservation,Social Sciences,Arts and Humanities,Archeology,12817,4674,273,4668,2.7421908429610613,5.848329048843188
T12840,Renal function and acid-base balance,Health Sciences,Medicine,Nephrology,12799,5394,85,5394,2.3728216536892845,1.5758249907304411
T13170,Discrimination and Equality Law,Social Sciences,Social Sciences,Law,12795,2820,232,2806,4.537234042553192,8.2679971489665
T12982,Legal principles and applications,Social Sciences,Social Sciences,Law,12780,4613,93,4611,2.770431389551268,2.0169160702667535
T11330,Systemic Sclerosis and Related Diseases,Health Sciences,Medicine,Pathology and Forensic Medicine,12765,6275,247,6271,2.0342629482071715,3.9387657470897786
T11018,Lower Extremity Biomechanics and Pathologies,Physical Sciences,Engineering,Biomedical Engineering,12762,5989,95,5985,2.130906662214059,1.5873015873015872
T10928,Probabilistic and Robust Engineering Design,Social Sciences,Decision Sciences,"Statistics, Probability and Uncertainty",12752,4281,73,4279,2.978743284279374,1.7060060761860247
T12635,African studies and sociopolitical issues,Social Sciences,Social Sciences,Sociology and Political Science,12728,3765,134,3760,3.3806108897742364,3.5638297872340425
T12515,Gender and Technology in Education,Social Sciences,Social Sciences,Gender Studies,12719,3379,181,3374,3.764131399822433,5.364552459988144
T11256,Asian Studies and History,Social Sciences,Social Sciences,Sociology and Political Science,12716,5542,196,5536,2.294478527607362,3.540462427745665
T10160,Seismic Performance and Analysis,Physical Sciences,Engineering,Civil and Structural Engineering,12715,4979,114,4974,2.5537256477204258,2.2919179734620023
T13916,Environmental Policies and Emissions,Physical Sciences,Environmental Science,Pollution,12691,2126,176,2118,5.969426152398871,8.309726156751653
T12704,Stress and Burnout Research,Social Sciences,Psychology,Social Psychology,12683,3565,230,3562,3.5576437587657783,6.457046603032005
T11932,Wireless Body Area Networks,Physical Sciences,Engineering,Biomedical Engineering,12681,2471,114,2470,5.131930392553622,4.615384615384615
T12424,Earthquake Detection and Analysis,Physical Sciences,Earth and Planetary Sciences,Geophysics,12656,5815,308,5809,2.176440240756664,5.302117404028232
T12115,Genetic and Environmental Crop Studies,Life Sciences,Agricultural and Biological Sciences,Plant Science,12652,4464,162,4462,2.8342293906810037,3.630658897355446
T10157,Sports Performance and Training,Health Sciences,Medicine,Orthopedics and Sports Medicine,12639,6747,150,6746,1.8732770120053357,2.223539875481767
T11030,Scoliosis diagnosis and treatment,Health Sciences,Medicine,Surgery,12636,6047,180,6046,2.0896312220936,2.9771749917300694
T12400,Neurogenetic and Muscular Disorders Research,Health Sciences,Medicine,Genetics,12609,5741,336,5738,2.196307263542937,5.85569884977344
T11276,Solar Radiation and Photovoltaics,Physical Sciences,Computer Science,Artificial Intelligence,12597,4264,239,4258,2.9542682926829267,5.612963832785345
T10406,Planetary Science and Exploration,Physical Sciences,Physics and Astronomy,Astronomy and Astrophysics,12582,7705,144,7699,1.6329656067488645,1.8703727756851538
T11197,Digital Games and Media,Social Sciences,Social Sciences,Sociology and Political Science,12572,4860,299,4857,2.5868312757201646,6.156063413629813
T13624,Social Sciences and Policies,Social Sciences,Social Sciences,General Social Sciences,12537,4687,502,4685,2.6748453168337956,10.71504802561366
T12463,Amoebic Infections and Treatments,Health Sciences,Medicine,Infectious Diseases,12513,4514,82,4514,2.7720425343376163,1.8165706690296854
T14313,Health and Well-being Studies,Social Sciences,Psychology,Clinical Psychology,12505,3966,194,3962,3.1530509329299043,4.8965169106511865
T10303,Photosynthetic Processes and Mechanisms,Life Sciences,"Biochemistry, Genetics and Molecular Biology",Molecular Biology,12480,7179,124,7178,1.7384036773923945,1.7275006965728614
T13530,Climate Change and Environmental Impact,Physical Sciences,Environmental Science,Global and Planetary Change,12475,1237,186,1206,10.084882780921584,15.422885572139304
T10997,Ocular Surface and Contact Lens,Health Sciences,Medicine,"Public Health, Environmental and Occupational Health",12455,6173,150,6169,2.0176575409039366,2.4315124007132436
T10583,Cancer-related Molecular Pathways,Health Sciences,Medicine,Oncology,12443,6004,84,6003,2.0724516988674218,1.3993003498250876
T11798,Optimal Experimental Design Methods,Social Sciences,Decision Sciences,Management Science and Operations Research,12427,2956,27,2956,4.203991880920162,0.9133964817320703
T11482,RNA modifications and cancer,Life Sciences,"Biochemistry, Genetics and Molecular Biology",Molecular Biology,12423,7129,270,7128,1.7426006452517884,3.787878787878788
T13506,Botanical Research and Chemistry,Life Sciences,Agricultural and Biological Sciences,"Ecology, Evolution, Behavior and Systematics",12417,5949,121,5943,2.087241553202219,2.0360087497896684
T10734,Information and Cyber Security,Physical Sciences,Computer Science,Information Systems,12413,4605,534,4587,2.6955483170466885,11.641595814257684
T11944,Participatory Visual Research Methods,Social Sciences,Social Sciences,Sociology and Political Science,12404,4138,278,4126,2.99758337361044,6.737760542898691
T11663,Viral Infectious Diseases and Gene Expression in Insects,Life Sciences,"Biochemistry, Genetics and Molecular Biology",Molecular Biology,12403,5720,190,5719,2.1683566433566432,3.3222591362126246
T12198,Oral health in cancer treatment,Health Sciences,Medicine,Pulmonary and Respiratory Medicine,12397,5497,151,5492,2.2552301255230125,2.749453750910415
T10033,Concrete and Cement Materials Research,Physical Sciences,Engineering,Civil and Structural Engineering,12393,7072,185,7070,1.7524038461538463,2.6166902404526167
T12159,T-cell and Retrovirus Studies,Life Sciences,Immunology and Microbiology,Immunology,12387,5653,80,5651,2.191225897753405,1.4156786409485047
T12234,Mollusks and Parasites Studies,Life Sciences,Agricultural and Biological Sciences,Insect Science,12382,4154,71,4153,2.9807414540202215,1.709607512641464
T13540,Animal Diversity and Health Studies,Life Sciences,Agricultural and Biological Sciences,Food Science,12359,4039,153,4034,3.05991582074771,3.7927615270203274
T10597,Nuclear reactor physics and engineering,Physical Sciences,Engineering,Aerospace Engineering,12354,5925,151,5921,2.0850632911392406,2.5502448910656983
T12626,"Cancer, Stress, Anesthesia, and Immune Response",Health Sciences,Medicine,Psychiatry and Mental health,12346,4970,133,4965,2.4841046277665995,2.678751258811682
T10862,AI in cancer detection,Physical Sciences,Computer Science,Artificial Intelligence,12341,5352,517,5335,2.305866965620329,9.690721649484535
T10949,Genetic Neurodegenerative Diseases,Life Sciences,Neuroscience,Cellular and Molecular Neuroscience,12323,6642,258,6637,1.8553146642577536,3.8872984782281153
T10473,Postharvest Quality and Shelf Life Management,Life Sciences,Agricultural and Biological Sciences,Plant Science,12314,7124,116,7116,1.7285233015160022,1.6301292861157954
T13690,Quality and Safety in Healthcare,Health Sciences,Health Professions,Medical Laboratory Technology,12302,4146,271,4141,2.9671972986010613,6.544312967882154
T14086,Military and Defense Studies,Social Sciences,Social Sciences,Political Science and International Relations,12287,4673,171,4659,2.6293601540766103,3.6703155183515777
T10728,Pulmonary Hypertension Research and Treatments,Health Sciences,Medicine,Pulmonary and Respiratory Medicine,12282,6572,234,6565,1.868837492391966,3.5643564356435644
T13047,Pharmacological Receptor Mechanisms and Effects,Life Sciences,"Biochemistry, Genetics and Molecular Biology",Molecular Biology,12278,3204,135,3204,3.8320848938826466,4.213483146067416
T11291,Intraocular Surgery and Lenses,Health Sciences,Medicine,Ophthalmology,12215,6708,94,6705,1.8209600477042338,1.4019388516032811
T13655,Canadian Policy and Governance,Social Sciences,Social Sciences,Political Science and International Relations,12208,3023,201,3004,4.038372477671188,6.691078561917443
T11951,Trauma Management and Diagnosis,Health Sciences,Medicine,Surgery,12203,6240,164,6237,1.9556089743589744,2.6294692961359627
T11879,Protist diversity and phylogeny,Life Sciences,"Biochemistry, Genetics and Molecular Biology",Molecular Biology,12194,5318,183,5309,2.2929672809326815,3.446976831795065
T14400,Medical Coding and Health Information,Health Sciences,Health Professions,Health Information Management,12171,3324,167,3313,3.661552346570397,5.04074856625415
T12735,Blood donation and transfusion practices,Social Sciences,"Business, Management and Accounting",Management of Technology and Innovation,12155,4601,165,4597,2.641816996305151,3.589297367848597
T13494,Military History and Strategy,Social Sciences,Social Sciences,Political Science and International Relations,12154,4928,158,4920,2.466314935064935,3.2113821138211383
T12053,Minimally Invasive Surgical Techniques,Health Sciences,Medicine,Surgery,12153,6417,236,6390,1.8938756428237493,3.6932707355242567
T12576,vaccines and immunoinformatics approaches,Life Sciences,"Biochemistry, Genetics and Molecular Biology",Molecular Biology,12135,4076,290,4063,2.9771835132482827,7.1375830666994835
T12276,Risk Management in Financial Firms,Social Sciences,"Business, Management and Accounting",Accounting,12134,2670,138,2661,4.544569288389513,5.186020293122886
T13176,Winter Sports Injuries and Performance,Health Sciences,Medicine,Pulmonary and Respiratory Medicine,12125,3744,147,3744,3.2385149572649574,3.926282051282051
T10264,Asphalt Pavement Performance Evaluation,Physical Sciences,Engineering,Civil and Structural Engineering,12105,6078,152,6078,1.991609081934847,2.5008226390259956
T11375,Geotechnical Engineering and Soil Stabilization,Physical Sciences,Engineering,Civil and Structural Engineering,12096,5191,67,5184,2.3301868618763244,1.2924382716049383
T13305,Teacher Professional Development and Motivation,Social Sciences,Social Sciences,Education,12084,2966,174,2965,4.074173971679029,5.8684654300168635
T14093,Global Health and Epidemiology,Health Sciences,Health Professions,Health Information Management,12021,3107,154,3103,3.8690054715159317,4.962939091202062
T12602,Medical Education and Admissions,Health Sciences,Medicine,"Public Health, Environmental and Occupational Health",11996,4650,240,4641,2.579784946236559,5.171299288946348
T11999,Empathy and Medical Education,Health Sciences,Medicine,Psychiatry and Mental health,11987,5119,191,5115,2.341668294588787,3.7341153470185726
T12828,Plant Genetic and Mutation Studies,Life Sciences,Agricultural and Biological Sciences,Plant Science,11973,4833,62,4831,2.4773432650527623,1.2833781825708963
T11403,Invertebrate Immune Response Mechanisms,Life Sciences,Immunology and Microbiology,Immunology,11961,4453,93,4449,2.6860543453851338,2.0903573836817264
T11710,Biomedical Text Mining and Ontologies,Life Sciences,"Biochemistry, Genetics and Molecular Biology",Molecular Biology,11924,4702,316,4684,2.5359421522756276,6.746370623398804
T11443,Advanced Statistical Process Monitoring,Social Sciences,Decision Sciences,"Statistics, Probability and Uncertainty",11903,2955,59,2954,4.028087986463621,1.997291807718348
T12943,COVID-19 Digital Contact Tracing,Physical Sciences,Computer Science,Information Systems,11866,2676,287,2661,4.4342301943198805,10.785419015407742
T11981,Qualitative Research Methods and Ethics,Social Sciences,Social Sciences,Sociology and Political Science,11861,3707,143,3695,3.1996223361208522,3.8700947225981057
T11280,Hemophilia Treatment and Research,Health Sciences,Medicine,Hematology,11857,5403,211,5397,2.194521562095132,3.909579395960719
T12218,Coal and Its By-products,Physical Sciences,Earth and Planetary Sciences,Geochemistry and Petrology,11852,5054,155,5050,2.3450732093391373,3.0693069306930694
T12230,Cardiovascular Issues in Pregnancy,Health Sciences,Medicine,Cardiology and Cardiovascular Medicine,11850,5164,217,5136,2.2947327652982183,4.225077881619938
T11738,Ultrasound in Clinical Applications,Health Sciences,Medicine,Critical Care and Intensive Care Medicine,11848,6014,301,6002,1.9700698370468905,5.014995001666112
T11384,Critical Race Theory in Education,Social Sciences,Social Sciences,Sociology and Political Science,11848,3821,177,3813,3.1007589636220882,4.642014162077104
T10120,Bacterial Genetics and Biotechnology,Life Sciences,"Biochemistry, Genetics and Molecular Biology",Genetics,11847,5865,118,5864,2.019948849104859,2.0122783083219646
T12140,Renal and related cancers,Life Sciences,"Biochemistry, Genetics and Molecular Biology",Molecular Biology,11847,6348,215,6346,1.866257088846881,3.387960920264734
T10968,Statistical Distribution Estimation and Applications,Physical Sciences,Mathematics,Statistics and Probability,11842,2717,26,2716,4.358483621641517,0.9572901325478645
T11490,Hydrological Forecasting Using AI,Physical Sciences,Environmental Science,Environmental Engineering,11818,3554,289,3547,3.325267304445695,8.14773047645898
T12521,Death Anxiety and Social Exclusion,Social Sciences,Psychology,Social Psychology,11795,3504,187,3493,3.3661529680365296,5.353564271399943
T11894,Radiology practices and education,Health Sciences,Medicine,"Radiology, Nuclear Medicine and Imaging",11752,5355,300,5343,2.1945845004668536,5.614823133071308
T12991,Phytase and its Applications,Life Sciences,Agricultural and Biological Sciences,Plant Science,11742,5180,87,5179,2.2667953667953666,1.6798609770225912
T10489,Regulation of Appetite and Obesity,Life Sciences,Neuroscience,Endocrine and Autonomic Systems,11739,5761,99,5758,2.0376670716889427,1.7193469954845433
T10945,Lysosomal Storage Disorders Research,Health Sciences,Medicine,Physiology,11728,5882,227,5874,1.9938796327779666,3.8644875723527408
T12411,Shoulder and Clavicle Injuries,Health Sciences,Medicine,Epidemiology,11724,4601,135,4600,2.548141708324277,2.9347826086956523
T10507,Biodiesel Production and Applications,Physical Sciences,Engineering,Biomedical Engineering,11721,4771,140,4771,2.4567176692517294,2.934395304967512
T13051,Qualitative Comparative Analysis Research,Social Sciences,Social Sciences,Sociology and Political Science,11704,2469,157,2462,4.740380720939652,6.376929325751422
T12093,Greenhouse Technology and Climate Control,Life Sciences,Agricultural and Biological Sciences,Plant Science,11700,4395,145,4392,2.6621160409556315,3.3014571948998177
T10885,Gene expression and cancer classification,Life Sciences,"Biochemistry, Genetics and Molecular Biology",Molecular Biology,11696,4753,151,4751,2.460761624237324,3.1782782572090085
T13215,Global Maritime and Colonial Histories,Social Sciences,Social Sciences,Anthropology,11692,4613,124,4607,2.534576197702146,2.6915563273279792
T11586,Congenital Diaphragmatic Hernia Studies,Health Sciences,Medicine,Surgery,11690,6429,161,6421,1.8183232228962514,2.5073976016196853
T13163,Organizational Learning and Leadership,Social Sciences,"Business, Management and Accounting",Organizational Behavior and Human Resource Management,11683,3655,90,3648,3.1964432284541724,2.4671052631578947
T14246,E-Learning and Knowledge Management,Physical Sciences,Computer Science,Computer Science Applications,11643,3384,391,3379,3.4406028368794326,11.571470849363717
T13849,Enterobacteriaceae and Cronobacter Research,Life Sciences,"Biochemistry, Genetics and Molecular Biology",Endocrinology,11639,3623,140,3620,3.212531051614684,3.867403314917127
T12766,Interdisciplinary Research and Collaboration,Social Sciences,Decision Sciences,Information Systems and Management,11579,2984,225,2970,3.880361930294906,7.575757575757576
T12459,Nerve Injury and Rehabilitation,Health Sciences,Medicine,Surgery,11574,5167,108,5167,2.2399845171279273,2.0901877298238825
T14061,Educational Practices and Policies,Social Sciences,Social Sciences,Education,11548,3044,161,3041,3.7936925098554535,5.29431108188096
T10018,Advancements in Battery Materials,Physical Sciences,Engineering,Electrical and Electronic Engineering,11535,4599,526,4597,2.508153946510111,11.442244942353708
T12571,Soybean genetics and cultivation,Life Sciences,Agricultural and Biological Sciences,Plant Science,11532,5310,106,5310,2.1717514124293786,1.9962335216572504
T14065,Biological Research and Disease Studies,Life Sciences,"Biochemistry, Genetics and Molecular Biology",Molecular Biology,11517,3313,129,3306,3.47630546332629,3.901996370235935
T13728,"Crime, Deviance, and Social Control",Social Sciences,Social Sciences,Sociology and Political Science,11483,3455,105,3449,3.323589001447178,3.044360684256306
T12616,Religious Education and Schools,Social Sciences,Social Sciences,Education,11451,3939,129,3935,2.907083015993907,3.278271918678526
T11826,Ocular Infections and Treatments,Health Sciences,Medicine,Ophthalmology,11437,5257,119,5254,2.175575423245197,2.2649409973353634
T12878,Pharmaceutical Quality and Counterfeiting,Health Sciences,Medicine,"Public Health, Environmental and Occupational Health",11423,3368,245,3353,3.391627078384798,7.306889352818372
T11073,Metal Extraction and Bioleaching,Physical Sciences,Engineering,Biomedical Engineering,11412,4618,194,4615,2.4711996535296663,4.203683640303359
T12771,Plant pathogens and resistance mechanisms,Life Sciences,Agricultural and Biological Sciences,Plant Science,11389,5093,99,5089,2.236206558020813,1.9453723717822755
T11952,Landfill Environmental Impact Studies,Physical Sciences,Environmental Science,Industrial and Manufacturing Engineering,11379,3938,64,3928,2.8895378364652107,1.629327902240326
T12489,Microbial Metabolites in Food Biotechnology,Health Sciences,Nursing,Nutrition and Dietetics,11374,5721,93,5720,1.9881139660898444,1.6258741258741258
T10704,Advancements in Transdermal Drug Delivery,Life Sciences,"Pharmacology, Toxicology and Pharmaceutics",Pharmaceutical Science,11370,4372,66,4369,2.60064043915828,1.5106431677729457
T10184,Plant Molecular Biology Research,Life Sciences,Agricultural and Biological Sciences,Plant Science,11366,6382,139,6381,1.7809464117831402,2.178341952671995
T10253,Sarcoma Diagnosis and Treatment,Health Sciences,Medicine,Pulmonary and Respiratory Medicine,11359,6697,181,6696,1.6961325966850829,2.7031063321385904
T10155,Nitric Oxide and Endothelin Effects,Health Sciences,Medicine,Physiology,11334,5700,31,5698,1.9884210526315789,0.5440505440505441
T12023,Cholinesterase and Neurodegenerative Diseases,Health Sciences,Medicine,Pharmacology,11334,5114,94,5111,2.2162690653109114,1.8391704167481902
T14213,Global Politics and Economy,Social Sciences,"Economics, Econometrics and Finance",Economics and Econometrics,11334,995,77,983,11.390954773869346,7.8331637843336726
T11773,Healthcare Operations and Scheduling Optimization,Health Sciences,Health Professions,Emergency Medical Services,11321,3872,196,3864,2.9238119834710745,5.072463768115942
T10958,Ultrasound and Hyperthermia Applications,Physical Sciences,Engineering,Biomedical Engineering,11308,4382,141,4378,2.580556823368325,3.2206486980356326
T11756,Mentoring and Academic Development,Social Sciences,Psychology,Social Psychology,11300,3816,156,3814,2.961215932914046,4.0901940220241215
T13399,Unemployment and Economic Growth,Social Sciences,"Economics, Econometrics and Finance",Economics and Econometrics,11181,1307,74,1289,8.554705432287681,5.740884406516679
T11219,Bone Metabolism and Diseases,Life Sciences,"Biochemistry, Genetics and Molecular Biology",Molecular Biology,11152,4107,72,4102,2.71536401266131,1.7552413456850318
T13201,Infectious Encephalopathies and Encephalitis,Health Sciences,Medicine,Infectious Diseases,11121,3689,100,3686,3.01463811330984,2.7129679869777537
T11775,COVID-19 diagnosis using AI,Health Sciences,Medicine,"Radiology, Nuclear Medicine and Imaging",11118,3711,633,3708,2.9959579628132578,17.071197411003237
T12634,Ureteral procedures and complications,Health Sciences,Medicine,Obstetrics and Gynecology,11110,5365,128,5352,2.070829450139795,2.391629297458894
T12608,Spatial Neglect and Hemispheric Dysfunction,Life Sciences,Neuroscience,Cognitive Neuroscience,11087,4171,151,4162,2.6581155598177895,3.6280634310427677
T12064,Intraperitoneal and Appendiceal Malignancies,Health Sciences,Medicine,Surgery,11055,5281,150,5273,2.0933535315281198,2.844680447563057
T14404,European Socioeconomic and Political Studies,Social Sciences,"Economics, Econometrics and Finance",Economics and Econometrics,11047,2967,143,2960,3.723289518031682,4.831081081081081
T11783,Turkey's Politics and Society,Social Sciences,Social Sciences,Political Science and International Relations,11044,4359,217,4352,2.533608625831613,4.986213235294118
T10192,Catalytic Processes in Materials Science,Physical Sciences,Materials Science,Materials Chemistry,11042,5756,235,5756,1.9183460736622655,4.082696316886727
T13029,South Asian Studies and Conflicts,Social Sciences,Social Sciences,Political Science and International Relations,11028,4163,173,4157,2.649051165025222,4.161655039692086
T10689,Remote-Sensing Image Classification,Physical Sciences,Engineering,Media Technology,11023,4234,200,4225,2.603448275862069,4.733727810650888
T12219,Canadian Identity and History,Social Sciences,Social Sciences,Sociology and Political Science,11015,5439,92,5437,2.0251884537598825,1.6921096192753358
T10197,Membrane Separation Technologies,Physical Sciences,Environmental Science,Water Science and Technology,10994,5275,206,5274,2.084170616113744,3.905953735305271
T11242,Nuclear Materials and Properties,Physical Sciences,Materials Science,Materials Chemistry,10983,6280,137,6280,1.7488853503184714,2.1815286624203822
T11481,Sulfur Compounds in Biology,Life Sciences,"Biochemistry, Genetics and Molecular Biology",Biochemistry,10950,4176,37,4175,2.6221264367816093,0.8862275449101796
T11500,Evacuation and Crowd Dynamics,Physical Sciences,Engineering,Ocean Engineering,10945,4413,285,4410,2.4801722184455017,6.462585034013605
T11154,Parasitic infections in humans and animals,Health Sciences,Medicine,Pathology and Forensic Medicine,10920,4106,64,4102,2.6595226497808087,1.560214529497806
T14010,Food Industry and Aquatic Biology,Life Sciences,Agricultural and Biological Sciences,Food Science,10919,2928,218,2924,3.7291666666666665,7.4555403556771545
T14493,Criminal Law and Evidence,Social Sciences,Social Sciences,Law,10911,4303,158,4301,2.5356727864280733,3.673564287375029
T10961,Hernia repair and management,Health Sciences,Medicine,Surgery,10893,5966,121,5961,1.825846463291988,2.0298607616171784
T12173,Body Contouring and Surgery,Health Sciences,Medicine,Surgery,10863,4675,156,4673,2.3236363636363637,3.33832655681575
T13906,Social Issues and Policies,Social Sciences,Social Sciences,Safety Research,10834,1840,124,1821,5.88804347826087,6.809445359692477
T10631,"Cancer, Hypoxia, and Metabolism",Life Sciences,"Biochemistry, Genetics and Molecular Biology",Cancer Research,10828,6403,119,6402,1.691082305169452,1.858794126835364
T13656,"Science, Research, and Medicine",Health Sciences,Medicine,Reproductive Medicine,10826,4264,318,4222,2.5389305816135086,7.531975367124586
T10432,DNA and Nucleic Acid Chemistry,Life Sciences,"Biochemistry, Genetics and Molecular Biology",Molecular Biology,10810,4849,42,4847,2.2293256341513716,0.8665153703321642
T12805,Cognitive Science and Mapping,Physical Sciences,Computer Science,Artificial Intelligence,10798,2982,110,2981,3.621059691482227,3.690036900369004
T11314,Clinical Laboratory Practices and Quality Control,Health Sciences,Medicine,Physiology,10793,4292,143,4286,2.5146784715750234,3.336444237050863
T10731,Educational Games and Gamification,Social Sciences,Psychology,Developmental and Educational Psychology,10785,4202,339,4194,2.5666349357448834,8.082975679542203
T12245,"Counseling, Therapy, and Family Dynamics",Social Sciences,Psychology,Clinical Psychology,10781,4345,113,4329,2.4812428078250863,2.61030261030261
T12902,Public Policy and Governance,Social Sciences,Social Sciences,Political Science and International Relations,10776,2697,187,2696,3.9955506117908786,6.936201780415431
T12386,Advanced X-ray and CT Imaging,Physical Sciences,Engineering,Biomedical Engineering,10769,5588,242,5585,1.9271653543307086,4.333034914950761
T11561,Protein Hydrolysis and Bioactive Peptides,Life Sciences,"Biochemistry, Genetics and Molecular Biology",Molecular Biology,10768,5594,229,5591,1.9249195566678585,4.095868359864067
T13019,African Studies and Geopolitics,Social Sciences,Social Sciences,Anthropology,10759,3476,195,3466,3.0952243958573074,5.626081938834392
T11172,Dermatologic Treatments and Research,Health Sciences,Medicine,Dermatology,10734,5421,130,5421,1.9800774764803541,2.3980815347721824
T10832,Pituitary Gland Disorders and Treatments,Health Sciences,Medicine,"Endocrinology, Diabetes and Metabolism",10718,6102,125,6100,1.7564732874467388,2.0491803278688523
T13920,Urban Planning and Valuation,Physical Sciences,Environmental Science,"Management, Monitoring, Policy and Law",10711,2645,160,2640,4.04952741020794,6.0606060606060606
T14324,Insects and Parasite Interactions,Physical Sciences,Environmental Science,"Health, Toxicology and Mutagenesis",10654,4096,115,4083,2.60107421875,2.816556453588048
T13641,Historical Studies and Socio-cultural Analysis,Social Sciences,Arts and Humanities,History and Philosophy of Science,10637,5537,107,5536,1.9210763951598337,1.9328034682080926
T10455,Foot and Ankle Surgery,Health Sciences,Medicine,Orthopedics and Sports Medicine,10636,4838,122,4837,2.1984291029350973,2.5222245193301633
T11275,Composting and Vermicomposting Techniques,Life Sciences,Agricultural and Biological Sciences,Soil Science,10629,4217,147,4208,2.520512212473322,3.4933460076045626
T12667,Economic and Technological Developments in Russia,Social Sciences,Social Sciences,Development,10627,1412,221,1410,7.526203966005665,15.673758865248226
T13172,Economic Issues in Ukraine,Social Sciences,"Economics, Econometrics and Finance","General Economics, Econometrics and Finance",10619,1666,298,1659,6.373949579831932,17.96262808921037
T12499,"Diphtheria, Corynebacterium, and Tetanus",Life Sciences,"Biochemistry, Genetics and Molecular Biology",Endocrinology,10596,3606,151,3594,2.9384359400998337,4.201446855870896
T11386,Bee Products Chemical Analysis,Life Sciences,Agricultural and Biological Sciences,Insect Science,10589,5254,137,5253,2.01541682527598,2.6080335046640015
T12695,Urinary and Genital Oncology Studies,Health Sciences,Medicine,Surgery,10582,5306,129,5304,1.99434602336977,2.432126696832579
T11983,"Identity, Memory, and Therapy",Social Sciences,Psychology,Developmental and Educational Psychology,10581,3613,117,3607,2.9285911984500417,3.2436928195176047
T12374,European and International Contract Law,Social Sciences,Social Sciences,Law,10576,3775,158,3761,2.80158940397351,4.201010369582558
T12674,"Rabbits: Nutrition, Reproduction, Health",Life Sciences,Agricultural and Biological Sciences,Animal Science and Zoology,10573,5089,103,5089,2.077618392611515,2.0239732756926703
T11618,Cholesterol and Lipid Metabolism,Health Sciences,Medicine,Surgery,10559,4648,63,4646,2.2717297762478483,1.3560051657339647
T13791,Veterinary medicine and infectious diseases,Health Sciences,Veterinary,Small Animals,10545,4260,93,4258,2.4753521126760565,2.1841240018788164
T10223,Microgrid Control and Optimization,Physical Sciences,Engineering,Control and Systems Engineering,10543,4738,291,4733,2.225200506542845,6.148320304246778
T11579,Cardiovascular and Diving-Related Complications,Health Sciences,Medicine,Pulmonary and Respiratory Medicine,10529,4576,127,4564,2.300917832167832,2.782646801051709
T11377,Retinal and Macular Surgery,Health Sciences,Medicine,"Radiology, Nuclear Medicine and Imaging",10525,5724,72,5722,1.8387491264849756,1.258301293254107
T12269,Effects of Vibration on Health,Health Sciences,Medicine,Orthopedics and Sports Medicine,10523,3679,67,3674,2.860288121772221,1.8236254763200872
T11395,Radiopharmaceutical Chemistry and Applications,Health Sciences,Medicine,"Radiology, Nuclear Medicine and Imaging",10520,5479,204,5476,1.9200584048183975,3.7253469685902116
T11374,Cleft Lip and Palate Research,Life Sciences,"Biochemistry, Genetics and Molecular Biology",Genetics,10518,5074,121,5068,2.072920772566023,2.387529597474349
T12679,Focus Groups and Qualitative Methods,Social Sciences,Social Sciences,Sociology and Political Science,10502,2781,114,2774,3.7763394462423587,4.109589041095891
T13459,Public Administration and Political Analysis,Social Sciences,Social Sciences,Political Science and International Relations,10496,4276,286,4263,2.4546304957904583,6.708890452732818
T11266,Neuroinflammation and Neurodegeneration Mechanisms,Life Sciences,Neuroscience,Neurology,10482,6090,234,6081,1.7211822660098521,3.8480513073507647
T11553,Acne and Rosacea Treatments and Effects,Health Sciences,Medicine,Dermatology,10479,4579,145,4573,2.288490936885783,3.170785042641592
T11554,Vascular Procedures and Complications,Health Sciences,Medicine,Pulmonary and Respiratory Medicine,10470,5409,104,5405,1.9356627842484748,1.9241443108233118
T11472,Analytical Chemistry and Sensors,Physical Sciences,Chemical Engineering,Bioengineering,10456,5718,99,5717,1.8286114025883176,1.7316774532097254
T14472,Environmental and Cultural Studies in Latin America and Beyond,Physical Sciences,Environmental Science,Ecology,10452,2968,181,2955,3.5215633423180592,6.125211505922166
T10814,Neuropeptides and Animal Physiology,Life Sciences,Neuroscience,Cellular and Molecular Neuroscience,10449,6154,85,6152,1.6979200519987,1.3816644993498048
T10251,Solar and Space Plasma Dynamics,Physical Sciences,Physics and Astronomy,Astronomy and Astrophysics,10425,5388,117,5387,1.9348552338530067,2.171895303508446
T14256,Agricultural and Food Sciences,Life Sciences,Agricultural and Biological Sciences,Forestry,10408,5300,304,5296,1.9637735849056603,5.740181268882175
T10383,"Language, Discourse, Communication Strategies",Social Sciences,Arts and Humanities,Language and Linguistics,10401,4824,118,4823,2.156094527363184,2.446609993779805
T13911,"Employment, Labor, and Gender Studies",Social Sciences,Social Sciences,Safety Research,10400,2635,273,2631,3.9468690702087286,10.376282782212087
T13199,Digestive system and related health,Life Sciences,"Biochemistry, Genetics and Molecular Biology",Genetics,10399,4922,124,4919,2.1127590410402277,2.5208375686115065
T10599,Reconstructive Surgery and Microvascular Techniques,Health Sciences,Medicine,Surgery,10391,6342,181,6339,1.6384421318196152,2.8553399589840667
T11438,Retinal Imaging and Analysis,Health Sciences,Medicine,"Radiology, Nuclear Medicine and Imaging",10385,4492,156,4487,2.3118878005342833,3.4767104969913083
T11218,Hip disorders and treatments,Health Sciences,Medicine,Surgery,10384,4867,114,4866,2.1335524964043557,2.342786683107275
T13103,Middle East Politics and Society,Social Sciences,Social Sciences,Sociology and Political Science,10371,3841,206,3828,2.700078104660245,5.381400208986416
T11085,Fungal Biology and Applications,Health Sciences,Medicine,Pharmacology,10354,5874,105,5869,1.7626830098740212,1.789061168853297
T13877,Law in Society and Culture,Social Sciences,Social Sciences,Law,10349,4029,159,4025,2.5686274509803924,3.950310559006211
T12022,Hydraulic flow and structures,Physical Sciences,Engineering,Civil and Structural Engineering,10335,3399,45,3396,3.040600176522507,1.325088339222615
T10181,Natural Language Processing Techniques,Physical Sciences,Computer Science,Artificial Intelligence,10307,4888,800,4883,2.108633387888707,16.383370878558264
T11850,Concrete Corrosion and Durability,Physical Sciences,Engineering,Civil and Structural Engineering,10306,5956,130,5956,1.7303559435862996,2.1826729348556078
T13108,Therapeutic Uses of Natural Elements,Health Sciences,Health Professions,Complementary and Manual Therapy,10282,3464,118,3456,2.9682448036951503,3.4143518518518516
T11251,Meningioma and schwannoma management,Health Sciences,Medicine,Epidemiology,10276,5608,138,5605,1.832382310984308,2.4620874219446924
T12518,Diverticular Disease and Complications,Health Sciences,Medicine,Surgery,10270,4991,113,4986,2.0577038669605288,2.2663457681508223
T12488,Mental Health via Writing,Social Sciences,Psychology,Social Psychology,10255,3183,477,3117,3.221803330191643,15.30317613089509
T13123,Advances in Oncology and Radiotherapy,Health Sciences,Medicine,"Radiology, Nuclear Medicine and Imaging",10254,4077,205,4063,2.515084621044886,5.045532857494462
T13184,Research in Social Sciences,Social Sciences,Social Sciences,Education,10254,3495,351,3486,2.9339055793991418,10.068846815834767
T12332,Comparative constitutional jurisprudence studies,Social Sciences,Social Sciences,Political Science and International Relations,10240,4278,422,4277,2.3936418887330526,9.866729015665186
T10882,Cardiomyopathy and Myosin Studies,Health Sciences,Medicine,Cardiology and Cardiovascular Medicine,10232,5658,241,5637,1.8084128667373631,4.275323753769736
T10916,Surgical Simulation and Training,Health Sciences,Medicine,Surgery,10230,5407,429,5391,1.8919918624005918,7.957707289927657
T13890,Remote Sensing and Land Use,Physical Sciences,Earth and Planetary Sciences,Atmospheric Science,10211,3328,193,3328,3.0682091346153846,5.799278846153846
T11917,"Coagulation, Bradykinin, Polyphosphates, and Angioedema",Health Sciences,Medicine,Genetics,10202,5453,253,5445,1.8708967540803227,4.646464646464646
T10427,Visual perception and processing mechanisms,Life Sciences,Neuroscience,Cognitive Neuroscience,10200,5479,75,5478,1.8616535864208796,1.3691128148959475
T10431,Ethnobotanical and Medicinal Plants Studies,Life Sciences,Agricultural and Biological Sciences,Plant Science,10164,4287,108,4286,2.370888733379986,2.5198320111992536
T12755,Legal Education and Practice Innovations,Social Sciences,Social Sciences,Law,10162,3889,182,3885,2.613011056826948,4.684684684684685
T13142,GABA and Rice Research,Life Sciences,Agricultural and Biological Sciences,Plant Science,10161,3927,133,3926,2.5874713521772343,3.3876719307182883
T12403,Seed and Plant Biochemistry,Life Sciences,Agricultural and Biological Sciences,Food Science,10156,3096,149,3084,3.2803617571059434,4.831387808041504
T10918,Memory Processes and Influences,Life Sciences,Neuroscience,Cognitive Neuroscience,10131,4223,58,4221,2.3990054463651433,1.3740819710968966
T12268,Deception detection and forensic psychology,Social Sciences,Psychology,Social Psychology,10128,3865,100,3864,2.6204398447606727,2.587991718426501
T13000,World Systems and Global Transformations,Social Sciences,Social Sciences,Political Science and International Relations,10105,1691,72,1671,5.975753991720875,4.308797127468582
T13280,Biomedical and Engineering Education,Physical Sciences,Engineering,Biomedical Engineering,10093,3749,383,3746,2.692184582555348,10.224239188467699
T11516,Visual and Cognitive Learning Processes,Social Sciences,Psychology,Experimental and Cognitive Psychology,10083,3556,62,3555,2.8354893138357706,1.7440225035161745
T12690,Cross-Border Cooperation and Integration,Social Sciences,Social Sciences,Political Science and International Relations,10078,2873,175,2858,3.5078315349808564,6.123163051084674
T12280,Magnesium in Health and Disease,Health Sciences,Nursing,Nutrition and Dietetics,10068,3775,94,3773,2.667019867549669,2.4913861648555526
T12058,Allelopathy and phytotoxic interactions,Life Sciences,Agricultural and Biological Sciences,Plant Science,10057,4678,96,4675,2.149850363403164,2.053475935828877
T14152,Healthcare Facilities Design and Sustainability,Social Sciences,Social Sciences,Urban Studies,10012,1440,182,1410,6.9527777777777775,12.907801418439716
T12154,Pelvic and Acetabular Injuries,Health Sciences,Medicine,Surgery,9971,5084,133,5082,1.9612509834775766,2.6170798898071626
T13058,Soil and Land Suitability Analysis,Physical Sciences,Environmental Science,"Management, Monitoring, Policy and Law",9957,3055,180,3050,3.2592471358428807,5.901639344262295
T11226,Milk Quality and Mastitis in Dairy Cows,Life Sciences,Agricultural and Biological Sciences,Agronomy and Crop Science,9955,4493,129,4479,2.2156688181615847,2.880107166778299
T10534,Structural Health Monitoring Techniques,Physical Sciences,Engineering,Civil and Structural Engineering,9955,5156,128,5156,1.9307602792862684,2.482544608223429
T10533,Teaching and Learning Programming,Physical Sciences,Computer Science,Computer Science Applications,9951,2964,199,2956,3.3572874493927127,6.7320703653585925
T14238,Historical Gender and Feminism Studies,Social Sciences,Social Sciences,Sociology and Political Science,9940,3434,145,3427,2.8945835760046594,4.231105923548293
T12067,Renal and Vascular Pathologies,Health Sciences,Medicine,Pulmonary and Respiratory Medicine,9919,5026,124,5019,1.9735376044568245,2.470611675632596
T10159,Ionosphere and magnetosphere dynamics,Physical Sciences,Physics and Astronomy,Astronomy and Astrophysics,9918,6045,172,6042,1.640694789081886,2.8467394902350214
T13143,Child Therapy and Development,Social Sciences,Psychology,Clinical Psychology,9903,3236,142,3228,3.060259579728059,4.399008674101611
T12338,Digital literacy in education,Physical Sciences,Computer Science,Information Systems,9899,2363,323,2358,4.189166314007617,13.6980491942324
T11622,Maritime Navigation and Safety,Physical Sciences,Engineering,Ocean Engineering,9895,3372,354,3362,2.9344602609727164,10.529446757882212
T10993,Complement system in diseases,Life Sciences,Immunology and Microbiology,Immunology,9874,4833,223,4830,2.0430374508586797,4.616977225672878
T12645,European history and politics,Social Sciences,Social Sciences,Political Science and International Relations,9872,5053,102,5050,1.9536908767069068,2.01980198019802
T12906,Surgical Sutures and Adhesives,Health Sciences,Medicine,Surgery,9864,4249,82,4246,2.321487408802071,1.9312293923692887
T12295,"Foucault, Power, and Ethics",Social Sciences,Social Sciences,Sociology and Political Science,9863,2543,70,2541,3.8784899724734565,2.7548209366391183
T10887,Bioinformatics and Genomic Networks,Life Sciences,"Biochemistry, Genetics and Molecular Biology",Molecular Biology,9856,4725,204,4720,2.0859259259259257,4.322033898305085
T10960,Hypothalamic control of reproductive hormones,Health Sciences,Medicine,Reproductive Medicine,9848,4663,114,4658,2.1119450997212095,2.4474023185916702
T12464,Neurological Complications and Syndromes,Health Sciences,Medicine,Psychiatry and Mental health,9842,3852,84,3842,2.5550363447559707,2.1863612701717856
T12477,Toxin Mechanisms and Immunotoxins,Life Sciences,Immunology and Microbiology,Immunology,9837,5196,66,5196,1.8931870669745958,1.2702078521939955
T12552,Fetal and Pediatric Neurological Disorders,Health Sciences,Medicine,"Pediatrics, Perinatology and Child Health",9833,4559,172,4547,2.156832638736565,3.7827138772817244
T13076,"Torture, Ethics, and Law",Social Sciences,Social Sciences,Sociology and Political Science,9831,3894,153,3886,2.524653312788906,3.937210499227998
T12070,Writing and Handwriting Education,Social Sciences,Social Sciences,Education,9814,3512,90,3508,2.7944191343963554,2.565564424173318
T14350,"Innovation, Sustainability, Human-Machine Systems",Social Sciences,Social Sciences,Sociology and Political Science,9813,1597,284,1569,6.144646211646838,18.10070108349267
T10763,Digital Transformation in Industry,Physical Sciences,Engineering,Industrial and Manufacturing Engineering,9786,3548,816,3524,2.758173618940248,23.15550510783201
T12438,Urticaria and Related Conditions,Health Sciences,Medicine,Rheumatology,9773,5075,210,5068,1.9257142857142857,4.143646408839779
T12876,Potassium and Related Disorders,Health Sciences,Medicine,Pulmonary and Respiratory Medicine,9765,4177,245,4174,2.337802250418961,5.869669381887877
T12829,Advanced Breast Cancer Therapies,Health Sciences,Medicine,Pulmonary and Respiratory Medicine,9758,3496,358,3488,2.7911899313501145,10.263761467889909
T11885,MRI in cancer diagnosis,Health Sciences,Medicine,"Radiology, Nuclear Medicine and Imaging",9752,5662,153,5657,1.7223595902507949,2.704613752872547
T11267,Abdominal Trauma and Injuries,Health Sciences,Medicine,Surgery,9747,4910,118,4907,1.985132382892057,2.404727939678011
T12759,Vehicle Noise and Vibration Control,Physical Sciences,Engineering,Automotive Engineering,9730,2007,83,2006,4.848031888390633,4.137587238285144
T11835,Sustainability in Higher Education,Social Sciences,Social Sciences,Education,9713,2364,208,2358,4.108714043993232,8.82103477523325
T13866,Occupational health in dentistry,Health Sciences,Health Professions,Medical Laboratory Technology,9711,2733,70,2731,3.553238199780461,2.563163676309044
T11669,Head and Neck Surgical Oncology,Health Sciences,Medicine,Surgery,9710,5451,105,5450,1.781324527609613,1.926605504587156
T11069,Testicular diseases and treatments,Health Sciences,Medicine,Surgery,9707,4601,101,4597,2.1097587480982396,2.1970850554709593
T10360,Fluid Dynamics and Turbulent Flows,Physical Sciences,Engineering,Computational Mechanics,9693,5754,73,5753,1.6845672575599584,1.26890318094907
T12599,Retinal and Optic Conditions,Health Sciences,Medicine,Ophthalmology,9692,3922,159,3919,2.4711881693013766,4.05715743812197
T12525,Australian History and Society,Social Sciences,Social Sciences,Sociology and Political Science,9690,4070,70,4064,2.380835380835381,1.7224409448818898
T12526,Antimicrobial agents and applications,Physical Sciences,Chemistry,Organic Chemistry,9688,2998,91,2987,3.2314876584389594,3.046534984934717
T12908,"Media, Gender, and Advertising",Social Sciences,Social Sciences,Gender Studies,9687,3922,123,3922,2.469913309535951,3.136155022947476
T11139,"Gout, Hyperuricemia, Uric Acid",Health Sciences,Medicine,Nephrology,9671,3865,69,3859,2.5021992238033635,1.7880279865250064
T13542,"Grit, Self-Efficacy, and Motivation",Social Sciences,Psychology,Social Psychology,9645,2416,231,2414,3.9921357615894038,9.569179784589892
T11225,Geothermal Energy Systems and Applications,Physical Sciences,Energy,"Renewable Energy, Sustainability and the Environment",9639,3203,165,3194,3.0093662191695287,5.165936130244208
T10328,Supply Chain and Inventory Management,Social Sciences,"Business, Management and Accounting",Management Information Systems,9625,2932,114,2929,3.2827421555252387,3.892113349265961
T12790,Nursing Diagnosis and Documentation,Health Sciences,Nursing,"Issues, ethics and legal aspects",9614,3491,121,3487,2.7539386995130335,3.470031545741325
T11469,Lymphatic System and Diseases,Health Sciences,Medicine,Oncology,9610,4383,160,4375,2.1925621720282913,3.657142857142857
T12026,Explainable Artificial Intelligence (XAI),Physical Sciences,Computer Science,Artificial Intelligence,9572,2686,1140,2634,3.563663440059568,43.28018223234624
T13248,Healthcare Technology and Patient Monitoring,Health Sciences,Medicine,Surgery,9569,3959,225,3946,2.4170245011366505,5.701976685250887
T13013,Free Radicals and Antioxidants,Physical Sciences,Chemistry,Organic Chemistry,9555,4365,34,4365,2.189003436426117,0.7789232531500573
T13464,Higher Education and Sustainability,Social Sciences,Social Sciences,Education,9548,1725,156,1723,5.535072463768116,9.053975623911782
T10863,Voice and Speech Disorders,Health Sciences,Medicine,Physiology,9538,5313,162,5306,1.795219273480143,3.053147380324161
T10441,Muscle Physiology and Disorders,Life Sciences,"Biochemistry, Genetics and Molecular Biology",Molecular Biology,9530,5186,171,5183,1.8376397994600848,3.2992475400347288
T11052,Energy Load and Power Forecasting,Physical Sciences,Engineering,Electrical and Electronic Engineering,9520,3641,316,3636,2.614666300466905,8.690869086908691
T12258,"Perfectionism, Procrastination, Anxiety Studies",Social Sciences,Psychology,Clinical Psychology,9514,3414,159,3410,2.7867603983596956,4.6627565982404695
T13956,Sociopolitical Dynamics in Nepal,Social Sciences,Social Sciences,Demography,9509,1044,103,1009,9.10823754789272,10.20812685827552
T13564,Education and Public Policy,Social Sciences,Social Sciences,Political Science and International Relations,9502,2690,208,2687,3.532342007434944,7.740975065128396
T12505,Peptidase Inhibition and Analysis,Health Sciences,Medicine,Oncology,9500,5164,200,5161,1.8396591789310612,3.875217981011432
T14402,Political and Social Issues,Social Sciences,Social Sciences,Political Science and International Relations,9499,3339,112,3338,2.8448637316561847,3.3553025763930497
T10803,Innovative Human-Technology Interaction,Physical Sciences,Computer Science,Human-Computer Interaction,9487,3971,291,3960,2.389070763031982,7.348484848484849
T10602,Glycosylation and Glycoproteins Research,Life Sciences,"Biochemistry, Genetics and Molecular Biology",Molecular Biology,9474,5836,67,5834,1.6233721727210417,1.148440178265341
T13042,Economic and Fiscal Studies,Social Sciences,"Economics, Econometrics and Finance",Economics and Econometrics,9466,1448,83,1440,6.537292817679558,5.763888888888889
T12600,Eosinophilic Disorders and Syndromes,Health Sciences,Medicine,Rheumatology,9458,5167,139,5161,1.830462550803174,2.693276496802945
T13607,Academic Publishing and Open Access,Social Sciences,Decision Sciences,Information Systems and Management,9435,3062,293,3036,3.081319399085565,9.650856389986824
T12985,Maritime Security and History,Social Sciences,Social Sciences,Transportation,9434,3635,247,3609,2.5953232462173315,6.844001108340261
T11619,Combustion and Detonation Processes,Physical Sciences,Engineering,Aerospace Engineering,9428,4561,155,4560,2.067090550317913,3.3991228070175437
T13989,Labour Market and Migration,Social Sciences,Social Sciences,Gender Studies,9394,1015,42,1015,9.255172413793103,4.137931034482759
T12460,Pediatric Hepatobiliary Diseases and Treatments,Health Sciences,Medicine,Surgery,9392,5120,117,5112,1.834375,2.288732394366197
T12145,Dental Anxiety and Anesthesia Techniques,Health Sciences,Dentistry,Oral Surgery,9390,4902,87,4899,1.915544675642595,1.7758726270667484
T12811,"Aging, Health, and Disability",Health Sciences,Medicine,"Public Health, Environmental and Occupational Health",9387,3374,266,3369,2.7821576763485476,7.895517957850994
T12284,Emotional Labor in Professions,Social Sciences,Social Sciences,Sociology and Political Science,9384,3262,124,3248,2.8767627222562844,3.8177339901477834
T11601,Neuroscience and Neural Engineering,Life Sciences,Neuroscience,Cellular and Molecular Neuroscience,9379,5131,180,5130,1.8279087897096082,3.508771929824561
T10117,Advanced Combustion Engine Technologies,Physical Sciences,Chemical Engineering,Fluid Flow and Transfer Processes,9373,4391,128,4389,2.1345934866772946,2.916381863750285
T10914,Tactile and Sensory Interactions,Life Sciences,Neuroscience,Cognitive Neuroscience,9361,4645,181,4641,2.0152852529601724,3.9000215470803705
T13106,"Neuroscience, Education and Cognitive Function",Life Sciences,Neuroscience,Cognitive Neuroscience,9356,2977,140,2972,3.1427611689620423,4.710632570659489
T12330,Botanical Research and Applications,Life Sciences,Agricultural and Biological Sciences,Food Science,9354,4526,112,4526,2.0667255855059654,2.474591250552364
T10215,Semantic Web and Ontologies,Physical Sciences,Computer Science,Artificial Intelligence,9351,4594,248,4591,2.035481062255115,5.401873230233065
T12256,Facilities and Workplace Management,Social Sciences,Psychology,Social Psychology,9348,3347,188,3341,2.792948909471168,5.627057767135589
T10233,Geotechnical Engineering and Soil Mechanics,Physical Sciences,Engineering,Civil and Structural Engineering,9330,3830,50,3825,2.436031331592689,1.3071895424836601
T12593,Communication in Education and Healthcare,Social Sciences,Psychology,Social Psychology,9328,3801,87,3800,2.454091028676664,2.289473684210526
T11855,Gastrointestinal disorders and treatments,Health Sciences,Medicine,Surgery,9320,5190,106,5185,1.7957610789980731,2.0443587270973964
T11836,Bryophyte Studies and Records,Life Sciences,Agricultural and Biological Sciences,"Ecology, Evolution, Behavior and Systematics",9320,3782,78,3780,2.464304600740349,2.0634920634920637
T10161,Rock Mechanics and Modeling,Physical Sciences,Engineering,Mechanics of Materials,9317,5013,128,5010,1.8585677239178138,2.5548902195608783
T10604,RNA Research and Splicing,Life Sciences,"Biochemistry, Genetics and Molecular Biology",Molecular Biology,9301,5740,154,5739,1.620383275261324,2.683394319567869
T12948,Inclusion and Disability in Education and Sport,Social Sciences,Social Sciences,Sociology and Political Science,9281,3502,146,3498,2.6501998857795543,4.173813607775872
T11718,Physical Education and Pedagogy,Health Sciences,Health Professions,"Physical Therapy, Sports Therapy and Rehabilitation",9280,3257,121,3252,2.8492477740251765,3.7207872078720787
T12770,Amino Acid Enzymes and Metabolism,Life Sciences,"Biochemistry, Genetics and Molecular Biology",Biochemistry,9268,4793,56,4793,1.9336532443146255,1.1683705403713749
T12142,Marine Invertebrate Physiology and Ecology,Physical Sciences,Earth and Planetary Sciences,Paleontology,9268,3182,114,3175,2.9126335637963545,3.590551181102362
T12193,Trigeminal Neuralgia and Treatments,Health Sciences,Medicine,Pathology and Forensic Medicine,9264,3892,83,3891,2.3802672147995887,2.1331277306604988
T11806,Service-Learning and Community Engagement,Social Sciences,Social Sciences,Education,9255,3207,127,3203,2.8858746492048644,3.965032781767093
T13206,Neonatal skin health care,Health Sciences,Health Professions,Speech and Hearing,9252,3047,78,3040,3.0364292746964225,2.5657894736842106
T12226,Neuroblastoma Research and Treatments,Health Sciences,Medicine,Neurology,9241,4971,128,4968,1.8589820961577148,2.576489533011272
T10788,Neuroscience and Music Perception,Life Sciences,Neuroscience,Cognitive Neuroscience,9236,4523,120,4518,2.0420075171346452,2.6560424966799467
T13560,Socioeconomic Development in MENA,Social Sciences,Social Sciences,Sociology and Political Science,9209,2858,204,2847,3.222183344996501,7.165437302423604
T11730,Autoimmune Bullous Skin Diseases,Health Sciences,Medicine,Pathology and Forensic Medicine,9192,5102,175,5102,1.8016464131713055,3.4300274402195217
T11406,Cerebrospinal fluid and hydrocephalus,Life Sciences,Neuroscience,Cellular and Molecular Neuroscience,9187,5178,142,5161,1.7742371572035536,2.7514047665181165
T11413,Risk and Portfolio Optimization,Social Sciences,Decision Sciences,Management Science and Operations Research,9169,1843,31,1841,4.975040694519804,1.683867463335144
T11485,Gastrointestinal Tumor Research and Treatment,Health Sciences,Medicine,Gastroenterology,9155,5048,200,5022,1.8135895404120443,3.982477100756671
T10648,Virtual Reality Applications and Impacts,Physical Sciences,Computer Science,Human-Computer Interaction,9153,4536,511,4512,2.017857142857143,11.325354609929079
T10876,Fault Detection and Control Systems,Physical Sciences,Engineering,Control and Systems Engineering,9141,3183,154,3183,2.8718190386427898,4.838202953188816
T10479,Structural Behavior of Reinforced Concrete,Physical Sciences,Engineering,Building and Construction,9136,5468,65,5466,1.6708119970738844,1.1891694109037687
T11378,Gastrointestinal Bleeding Diagnosis and Treatment,Health Sciences,Medicine,Gastroenterology,9117,4319,120,4288,2.1109053021532764,2.798507462686567
T13325,Dye analysis and toxicity,Physical Sciences,Chemistry,Analytical Chemistry,9113,2856,111,2848,3.190826330532213,3.8974719101123596
T12364,Archaeological Research and Protection,Physical Sciences,Earth and Planetary Sciences,Space and Planetary Science,9089,3957,270,3953,2.2969421278746527,6.830255502150266
T12083,Karst Systems and Hydrogeology,Physical Sciences,Earth and Planetary Sciences,Earth-Surface Processes,9075,2720,68,2716,3.3363970588235294,2.503681885125184
T12880,Qualitative Research Methods and Applications,Social Sciences,Social Sciences,Education,9070,1436,63,1432,6.316155988857939,4.399441340782123
T13937,"Genetics, Bioinformatics, and Biomedical Research",Life Sciences,"Biochemistry, Genetics and Molecular Biology",Molecular Biology,9066,3397,269,3390,2.668825434206653,7.935103244837758
T11902,Intelligent Tutoring Systems and Adaptive Learning,Physical Sciences,Computer Science,Artificial Intelligence,9064,2553,245,2539,3.5503329416372895,9.649468294604175
T10822,Acoustic Wave Phenomena Research,Physical Sciences,Engineering,Biomedical Engineering,9053,2895,82,2895,3.1271157167530226,2.832469775474957
T11304,Advanced Neuroimaging Techniques and Applications,Health Sciences,Medicine,"Radiology, Nuclear Medicine and Imaging",9030,4997,144,4995,1.8070842505503302,2.8828828828828827
T13702,Machine Learning in Healthcare,Physical Sciences,Computer Science,Artificial Intelligence,9004,3176,871,3143,2.8350125944584383,27.712376710149538
T11845,Cancer therapeutics and mechanisms,Life Sciences,"Biochemistry, Genetics and Molecular Biology",Molecular Biology,8997,4398,80,4396,2.0457025920873124,1.8198362147406733
T11828,Corneal Surgery and Treatments,Health Sciences,Medicine,"Radiology, Nuclear Medicine and Imaging",8992,4653,88,4650,1.9325166559209113,1.89247311827957
T11533,Melanoma and MAPK Pathways,Life Sciences,"Biochemistry, Genetics and Molecular Biology",Molecular Biology,8987,3756,116,3756,2.392705005324814,3.08839190628328
T11001,Renin-Angiotensin System Studies,Health Sciences,Medicine,Cardiology and Cardiovascular Medicine,8983,3107,62,3103,2.8912133891213387,1.998066387367064
T14468,Plant Ecology and Soil Science,Physical Sciences,Environmental Science,Ecology,8981,2530,147,2520,3.549802371541502,5.833333333333333
T10778,Philosophy and History of Science,Social Sciences,Arts and Humanities,History and Philosophy of Science,8950,2654,65,2652,3.372268274302939,2.450980392156863
T13126,Scientific Research and Discoveries,Physical Sciences,Physics and Astronomy,Statistical and Nonlinear Physics,8946,2832,49,2831,3.1588983050847457,1.7308371600141292
T13481,Neurological diseases and metabolism,Life Sciences,Neuroscience,Neurology,8934,3542,67,3542,2.5223037831733484,1.8915866741953697
T14288,"Law, Rights, and Freedoms",Social Sciences,Social Sciences,Sociology and Political Science,8927,2796,93,2792,3.1927753934191703,3.330945558739255
T13205,Geological and Geophysical Studies Worldwide,Physical Sciences,Earth and Planetary Sciences,Geophysics,8922,4248,71,4240,2.1002824858757063,1.6745283018867925
T11958,Dental Erosion and Treatment,Health Sciences,Dentistry,Orthodontics,8897,3557,57,3555,2.5012651110486366,1.6033755274261603
T14126,Intramuscular injections and effects,Health Sciences,Medicine,Emergency Medicine,8896,2757,93,2752,3.226695683714182,3.379360465116279
T11924,Polyamine Metabolism and Applications,Life Sciences,"Biochemistry, Genetics and Molecular Biology",Molecular Biology,8889,4257,55,4255,2.088090204369274,1.2925969447708578
T12919,Blood disorders and treatments,Life Sciences,"Biochemistry, Genetics and Molecular Biology",Genetics,8872,4289,123,4284,2.0685474469573326,2.8711484593837535
T10676,"Genetics, Aging, and Longevity in Model Organisms",Life Sciences,"Biochemistry, Genetics and Molecular Biology",Aging,8859,4044,135,4043,2.190652818991098,3.339104625278259
T14220,"Workaholism, burnout, and well-being",Social Sciences,Psychology,Social Psychology,8857,2426,97,2422,3.650865622423743,4.004954582989265
T12827,Biochemical and Molecular Research,Life Sciences,"Biochemistry, Genetics and Molecular Biology",Molecular Biology,8822,4633,61,4632,1.90416576732139,1.3169257340241796
T11489,Air Traffic Management and Optimization,Physical Sciences,Engineering,Aerospace Engineering,8802,3489,209,3482,2.522785898538263,6.002297530155083
T12843,Human Resource and Talent Management,Social Sciences,"Business, Management and Accounting",Organizational Behavior and Human Resource Management,8799,2843,170,2838,3.0949701020049245,5.990133897110641
T12372,Art Therapy and Mental Health,Social Sciences,Arts and Humanities,Conservation,8796,3148,341,3124,2.7941550190597204,10.915492957746478
T11215,Chronic Myeloid Leukemia Treatments,Health Sciences,Medicine,Hematology,8792,4664,223,4660,1.8850771869639795,4.785407725321888
T12078,Environmental remediation with nanomaterials,Physical Sciences,Engineering,Biomedical Engineering,8791,3756,51,3754,2.3405218317358893,1.3585508790623335
T13374,Hematological disorders and diagnostics,Health Sciences,Medicine,Emergency Medicine,8749,3877,85,3875,2.2566417332989426,2.193548387096774
T12301,Facial Nerve Paralysis Treatment and Research,Health Sciences,Medicine,Neurology,8748,3401,124,3397,2.5721846515730666,3.6502796585222255
T12484,Retinopathy of Prematurity Studies,Health Sciences,Medicine,"Radiology, Nuclear Medicine and Imaging",8746,3767,160,3758,2.321741438810725,4.25758382118148
T11023,Prosthetics and Rehabilitation Robotics,Physical Sciences,Engineering,Biomedical Engineering,8708,4106,261,4098,2.120798830979055,6.36896046852123
T11875,Statistics Education and Methodologies,Physical Sciences,Mathematics,Statistics and Probability,8701,2186,59,2181,3.9803293687099726,2.7051811095827603
T11882,Plant biochemistry and biosynthesis,Life Sciences,"Biochemistry, Genetics and Molecular Biology",Molecular Biology,8688,4749,86,4748,1.8294377763739735,1.8112889637742207
T13337,Korean Peninsula Historical and Political Studies,Social Sciences,Social Sciences,Sociology and Political Science,8687,2982,165,2977,2.9131455399061035,5.542492442055761
T10312,"Health, Nursing, Elderly Care",Health Sciences,Health Professions,General Health Professions,8682,3971,263,3969,2.186351045076807,6.626354245401864
T10758,Cinema and Media Studies,Social Sciences,"Economics, Econometrics and Finance",Economics and Econometrics,8666,4234,73,4233,2.0467642890883324,1.72454523978266
T11598,Internet Traffic Analysis and Secure E-voting,Physical Sciences,Computer Science,Artificial Intelligence,8665,3233,216,3232,2.6801732137333745,6.683168316831683
T11353,Venomous Animal Envenomation and Studies,Life Sciences,"Biochemistry, Genetics and Molecular Biology",Genetics,8635,3211,77,3210,2.689193397695422,2.398753894080997
T12430,Academic and Historical Perspectives in Psychology,Social Sciences,Psychology,General Psychology,8615,2789,35,2789,3.0889207601290787,1.254930082466834
T11538,Ophthalmology and Eye Disorders,Health Sciences,Medicine,Pathology and Forensic Medicine,8608,4330,95,4328,1.9879907621247113,2.1950092421441774
T11935,"Literacy, Media, and Education",Social Sciences,Arts and Humanities,Literature and Literary Theory,8607,3102,133,3094,2.774661508704062,4.298642533936651
T12572,"Intelligence, Security, War Strategy",Social Sciences,Social Sciences,Political Science and International Relations,8592,3362,170,3346,2.5556216537775134,5.080693365212194
T13946,Musculoskeletal Disorders and Rehabilitation,Health Sciences,Medicine,Rehabilitation,8578,2993,112,2987,2.8660207150016705,3.749581519919652
T11106,Data Management and Algorithms,Physical Sciences,Computer Science,Signal Processing,8576,3364,79,3364,2.549346016646849,2.3483947681331747
T14230,Occupational and Professional Licensing Regulation,Social Sciences,"Economics, Econometrics and Finance",Economics and Econometrics,8567,1474,95,1460,5.812075983717775,6.506849315068493
T13761,HIV/AIDS oral health manifestations,Health Sciences,Medicine,"Public Health, Environmental and Occupational Health",8565,2917,64,2916,2.936235858758999,2.1947873799725652
T11847,Recycled Aggregate Concrete Performance,Physical Sciences,Engineering,Building and Construction,8562,3228,211,3225,2.6524163568773234,6.542635658914729
T12563,History and Politics in Latin America,Social Sciences,Social Sciences,Demography,8546,2958,176,2956,2.8891142663962137,5.953991880920162
T11628,Myeloproliferative Neoplasms: Diagnosis and Treatment,Health Sciences,Medicine,Genetics,8540,3958,161,3954,2.157655381505811,4.071825998988366
T11196,Non-Invasive Vital Sign Monitoring,Physical Sciences,Engineering,Biomedical Engineering,8525,4270,190,4265,1.9964871194379392,4.4548651817116065
T11570,Periodontal Regeneration and Treatments,Health Sciences,Medicine,Urology,8514,4571,102,4557,1.8626121198862393,2.238314680710994
T11677,Congenital heart defects research,Life Sciences,"Biochemistry, Genetics and Molecular Biology",Molecular Biology,8504,5242,121,5236,1.6222815719191148,2.310924369747899
T11006,BIM and Construction Integration,Physical Sciences,Engineering,Building and Construction,8503,4476,363,4474,1.899687220732797,8.1135449262405
T14164,Marine and Offshore Engineering Studies,Physical Sciences,Engineering,Ocean Engineering,8473,2584,216,2581,3.2790247678018574,8.368849283223557
T10113,Dental materials and restorations,Health Sciences,Dentistry,Orthodontics,8462,4757,128,4751,1.7788522177843178,2.6941696484950537
T13843,African Sexualities and LGBTQ+ Issues,Social Sciences,Social Sciences,Sociology and Political Science,8434,2765,174,2761,3.050271247739602,6.302064469395146
T12817,Pharmacological Effects of Natural Compounds,Life Sciences,"Pharmacology, Toxicology and Pharmaceutics",Pharmacology,8417,4681,54,4680,1.7981200598162785,1.1538461538461537
T10893,Chinese history and philosophy,Social Sciences,Social Sciences,Sociology and Political Science,8405,3644,82,3642,2.306531284302964,2.2515101592531575
T14378,Entomological Studies and Ecology,Life Sciences,Agricultural and Biological Sciences,"Ecology, Evolution, Behavior and Systematics",8396,3345,90,3340,2.5100149476831093,2.694610778443114
T11914,PARP inhibition in cancer therapy,Health Sciences,Medicine,Oncology,8391,3619,254,3617,2.3185962973197016,7.022394249377937
T13777,Cognitive and psychological constructs research,Social Sciences,Psychology,Social Psychology,8385,1719,15,1718,4.87783595113438,0.8731082654249127
T13632,Marriage and Sexual Relationships,Social Sciences,Social Sciences,Sociology and Political Science,8376,2793,79,2792,2.9989258861439314,2.829512893982808
T13385,Infectious Diseases and Mycology,Health Sciences,Veterinary,Small Animals,8370,4004,82,4001,2.0904095904095903,2.049487628092977
T12325,Urban Design and Spatial Analysis,Physical Sciences,Engineering,Building and Construction,8355,2535,109,2530,3.2958579881656807,4.308300395256917
T12866,Urologic and reproductive health conditions,Health Sciences,Medicine,Rheumatology,8346,4312,93,4309,1.9355287569573283,2.158273381294964
T12627,Graphene and Nanomaterials Applications,Physical Sciences,Engineering,Biomedical Engineering,8340,3644,214,3643,2.288693743139407,5.87427944002196
T11630,Petroleum Processing and Analysis,Physical Sciences,Chemistry,Analytical Chemistry,8338,3600,45,3600,2.3161111111111112,1.25
T12884,Educational Assessment and Pedagogy,Social Sciences,Social Sciences,Education,8326,2266,86,2264,3.674315975286849,3.7985865724381624
T13896,Health Services Management and Policy,Health Sciences,Health Professions,General Health Professions,8301,2647,143,2634,3.136003022289384,5.429005315110099
T11769,Copyright and Intellectual Property,Social Sciences,"Business, Management and Accounting",Marketing,8290,2561,114,2556,3.2370167903162828,4.460093896713615
T12231,Contemporary Sociological Theory and Practice,Social Sciences,Social Sciences,Sociology and Political Science,8278,2397,47,2393,3.4534835210680015,1.9640618470539073
T12333,Abdominal Surgery and Complications,Health Sciences,Medicine,Pulmonary and Respiratory Medicine,8269,4220,84,4216,1.959478672985782,1.9924098671726755
T12313,Emotions and Moral Behavior,Social Sciences,Psychology,Social Psychology,8261,2835,33,2835,2.9139329805996472,1.164021164021164
T12294,Agricultural Science and Fertilization,Life Sciences,Agricultural and Biological Sciences,Soil Science,8255,3721,86,3720,2.218489653319,2.3118279569892475
T11706,Forensic Entomology and Diptera Studies,Life Sciences,Agricultural and Biological Sciences,Insect Science,8247,3606,76,3605,2.287021630615641,2.1081830790568654
T13279,Safe Handling of Antineoplastic Drugs,Health Sciences,Health Professions,Occupational Therapy,8241,2539,102,2537,3.245766049625837,4.020496649586125
T13235,Management Theory and Practice,Social Sciences,"Business, Management and Accounting",Organizational Behavior and Human Resource Management,8220,2489,17,2486,3.3025311370028123,0.6838294448913917
T13025,American History and Culture,Social Sciences,"Business, Management and Accounting",Marketing,8212,4061,33,4058,2.0221620290568825,0.8132084770823066
T11776,Irish and British Studies,Social Sciences,Social Sciences,Sociology and Political Science,8166,3492,119,3485,2.338487972508591,3.4146341463414633
T14329,Science and Climate Studies,Physical Sciences,Environmental Science,Global and Planetary Change,8163,1535,49,1525,5.317915309446254,3.2131147540983607
T12486,Food Supply Chain Traceability,Life Sciences,Agricultural and Biological Sciences,Food Science,8150,2533,256,2525,3.21752862218713,10.138613861386139
T11928,Genetic Syndromes and Imprinting,Life Sciences,"Biochemistry, Genetics and Molecular Biology",Genetics,8143,4690,94,4690,1.7362473347547975,2.0042643923240937
T14137,"Agriculture, Soil, Plant Science",Life Sciences,Agricultural and Biological Sciences,"Ecology, Evolution, Behavior and Systematics",8124,3238,79,3237,2.5089561457689933,2.4405313561940067
T10947,Fluorine in Organic Chemistry,Life Sciences,"Pharmacology, Toxicology and Pharmaceutics",Pharmaceutical Science,8123,928,64,922,8.75323275862069,6.941431670281996
T13659,Ombudsman and Human Rights,Social Sciences,Social Sciences,Sociology and Political Science,8117,2444,126,2438,3.3211947626841245,5.1681706316652996
T12314,Nuts composition and effects,Health Sciences,Nursing,Nutrition and Dietetics,8101,3274,95,3272,2.4743433109346364,2.9034229828850857
T13079,Heavy Metals in Plants,Physical Sciences,Chemistry,Analytical Chemistry,8093,3295,95,3292,2.456145675265554,2.885783718104496
T11643,Building materials and conservation,Physical Sciences,Earth and Planetary Sciences,Earth-Surface Processes,8092,4159,144,4157,1.9456600144265448,3.4640365648304066
T10400,Network Security and Intrusion Detection,Physical Sciences,Computer Science,Computer Networks and Communications,8053,4232,452,4225,1.902882797731569,10.698224852071005
T13561,Chemical Reactions and Isotopes,Life Sciences,"Pharmacology, Toxicology and Pharmaceutics",Pharmaceutical Science,8011,3185,39,3184,2.515227629513344,1.2248743718592965
T11892,Kawasaki Disease and Coronary Complications,Health Sciences,Medicine,Surgery,8010,2379,123,2374,3.3669609079445144,5.181128896377422
T13748,Advanced Statistical Modeling Techniques,Physical Sciences,Computer Science,Computer Networks and Communications,8005,1530,23,1528,5.23202614379085,1.5052356020942408
T11236,Control Systems and Identification,Physical Sciences,Engineering,Control and Systems Engineering,7996,1883,56,1881,4.246415294742432,2.977139819245082
T13551,Biochemical effects in animals,Health Sciences,Medicine,Physiology,7995,4355,47,4353,1.835820895522388,1.0797151389846082
T11811,Cutaneous lymphoproliferative disorders research,Health Sciences,Medicine,Dermatology,7987,3845,129,3837,2.0772431729518854,3.3620015637216576
T11241,Advanced Malware Detection Techniques,Physical Sciences,Computer Science,Signal Processing,7979,4371,491,4366,1.8254404026538549,11.245991754466331
T13487,Statistical and numerical algorithms,Physical Sciences,Mathematics,Applied Mathematics,7978,1577,21,1575,5.058972733037413,1.3333333333333333
T13759,Medical Imaging and Pathology Studies,Health Sciences,Medicine,Pulmonary and Respiratory Medicine,7978,4500,87,4500,1.772888888888889,1.9333333333333333
T12322,Animal health and immunology,Health Sciences,Veterinary,Small Animals,7971,3592,113,3586,2.219097995545657,3.151143335192415
T13457,"Dental Education, Practice, Research",Health Sciences,Health Professions,General Health Professions,7959,3344,94,3339,2.3800837320574164,2.815214135968853
T13534,"Migration, Identity, and Health",Social Sciences,Social Sciences,Sociology and Political Science,7957,3141,138,3134,2.5332696593441577,4.403318442884492
T12546,Smart Parking Systems Research,Physical Sciences,Engineering,Building and Construction,7941,2293,179,2288,3.463148713475796,7.823426573426573
T13124,Chemical synthesis and alkaloids,Physical Sciences,Chemistry,Organic Chemistry,7931,3714,196,3706,2.135433494884222,5.2887209929843495
T10852,Temporomandibular Joint Disorders,Health Sciences,Health Professions,Complementary and Manual Therapy,7930,4491,90,4489,1.7657537296815853,2.0049008687903767
T11078,Inflammasome and immune disorders,Life Sciences,"Biochemistry, Genetics and Molecular Biology",Molecular Biology,7914,3758,155,3754,2.1059073975518894,4.128929142248269
T13360,Economic and Social Issues,Social Sciences,Social Sciences,Sociology and Political Science,7913,2981,259,2970,2.654478362965448,8.72053872053872
T13915,Public Health in Brazil,Social Sciences,Social Sciences,Sociology and Political Science,7903,3151,268,3150,2.50809266899397,8.507936507936508
T12756,Plant Toxicity and Pharmacological Properties,Life Sciences,"Biochemistry, Genetics and Molecular Biology",Molecular Biology,7902,3448,43,3443,2.2917633410672855,1.2489108335753702
T11144,melanin and skin pigmentation,Life Sciences,"Biochemistry, Genetics and Molecular Biology",Cell Biology,7860,4127,93,4126,1.904531136418706,2.2539990305380515
T14290,Education Methods and Practices,Social Sciences,Social Sciences,Education,7853,1851,59,1848,4.2425715829281465,3.1926406926406927
T12468,Radiation Effects and Dosimetry,Life Sciences,Agricultural and Biological Sciences,Food Science,7851,3016,26,3016,2.6031167108753315,0.8620689655172413
T11355,Inflammatory Biomarkers in Disease Prognosis,Health Sciences,Medicine,Oncology,7848,3890,165,3881,2.0174807197943445,4.251481576913167
T14286,Parkinson's Disease and Spinal Disorders,Health Sciences,Medicine,Neurology,7846,3114,113,3109,2.519588953114965,3.6346091990993887
T12144,"Colonialism, slavery, and trade",Social Sciences,Social Sciences,Anthropology,7840,3524,69,3522,2.224744608399546,1.959114139693356
T10468,Photovoltaic System Optimization Techniques,Physical Sciences,Energy,"Renewable Energy, Sustainability and the Environment",7836,3305,171,3301,2.3709531013615734,5.180248409572857
T10691,Retinal Development and Disorders,Life Sciences,"Biochemistry, Genetics and Molecular Biology",Molecular Biology,7835,4837,91,4835,1.6198056646681827,1.8821096173733196
T10892,Drilling and Well Engineering,Physical Sciences,Engineering,Ocean Engineering,7815,3907,83,3906,2.0002559508574356,2.124935995903738
T10273,IoT and Edge/Fog Computing,Physical Sciences,Computer Science,Computer Networks and Communications,7809,3881,453,3874,2.0121102808554494,11.69334021683015
T10905,Solar Thermal and Photovoltaic Systems,Physical Sciences,Energy,"Renewable Energy, Sustainability and the Environment",7801,3382,134,3380,2.3066232998225904,3.964497041420118
T13332,"Historical Studies on Reproduction, Gender, Health, and Societal",Social Sciences,Arts and Humanities,History,7800,3310,94,3305,2.3564954682779455,2.8441754916792736
T12569,Restless Legs Syndrome Research,Health Sciences,Medicine,Epidemiology,7798,3089,88,3085,2.5244415668501134,2.852512155591572
T12089,Intestinal and Peritoneal Adhesions,Health Sciences,Medicine,Surgery,7791,4316,96,4306,1.8051436515291936,2.229447282861124
T10813,Sport Psychology and Performance,Social Sciences,Psychology,Developmental and Educational Psychology,7778,3360,114,3352,2.3148809523809524,3.4009546539379474
T12981,Conservation Techniques and Studies,Social Sciences,Arts and Humanities,Conservation,7775,3424,213,3422,2.270735981308411,6.224430157802455
T13796,Neurological Disorders and Treatments,Life Sciences,Neuroscience,Neurology,7770,2991,102,2988,2.597793380140421,3.4136546184738954
T11190,3D Printing in Biomedical Research,Physical Sciences,Engineering,Biomedical Engineering,7768,4066,300,4064,1.9104771273979342,7.381889763779528
T11046,Geotechnical Engineering and Analysis,Physical Sciences,Engineering,"Safety, Risk, Reliability and Quality",7762,3456,79,3453,2.245949074074074,2.28786562409499
T12030,S100 Proteins and Annexins,Life Sciences,"Biochemistry, Genetics and Molecular Biology",Molecular Biology,7758,3707,132,3703,2.092797410304829,3.5646772886848503
T11530,Business and Management Studies,Social Sciences,Decision Sciences,Information Systems and Management,7756,3221,276,3220,2.4079478422850045,8.571428571428571
T11340,Marine Sponges and Natural Products,Life Sciences,"Biochemistry, Genetics and Molecular Biology",Biotechnology,7735,3227,60,3225,2.3969631236442517,1.8604651162790697
T12321,Insect Pheromone Research and Control,Life Sciences,Agricultural and Biological Sciences,Insect Science,7726,3476,61,3472,2.222669735327963,1.7569124423963134
T10616,Smart Agriculture and AI,Life Sciences,Agricultural and Biological Sciences,Plant Science,7722,2956,496,2936,2.6123139377537212,16.893732970027248
T11211,3D Surveying and Cultural Heritage,Physical Sciences,Earth and Planetary Sciences,Geology,7688,4223,327,4220,1.8205067487568078,7.748815165876778
T11704,Mobile Crowdsensing and Crowdsourcing,Physical Sciences,Computer Science,Computer Science Applications,7681,2278,169,2275,3.3718173836698857,7.428571428571429
T10359,Dental Implant Techniques and Outcomes,Health Sciences,Dentistry,Oral Surgery,7669,4873,201,4852,1.573773855940899,4.142621599340478
T11427,Elbow and Forearm Trauma Treatment,Health Sciences,Medicine,Rehabilitation,7635,3408,90,3402,2.2403169014084505,2.6455026455026456
T12379,Cancer Diagnosis and Treatment,Health Sciences,Medicine,Oncology,7612,4332,88,4331,1.7571560480147739,2.031863311013623
T12359,Fern and Epiphyte Biology,Life Sciences,Agricultural and Biological Sciences,"Ecology, Evolution, Behavior and Systematics",7610,3747,61,3745,2.030958099813184,1.6288384512683578
T12286,Erythrocyte Function and Pathophysiology,Health Sciences,Medicine,Physiology,7607,4562,69,4560,1.6674704077159141,1.513157894736842
T10697,Vasculitis and related conditions,Health Sciences,Medicine,Pulmonary and Respiratory Medicine,7599,4005,169,4002,1.8973782771535581,4.222888555722139
T10783,Additive Manufacturing and 3D Printing Technologies,Physical Sciences,Engineering,Automotive Engineering,7560,3325,357,3324,2.2736842105263158,10.740072202166065
T14365,Leaf Properties and Growth Measurement,Life Sciences,Agricultural and Biological Sciences,Plant Science,7559,3297,105,3296,2.292690324537458,3.1856796116504853
T11268,Light effects on plants,Life Sciences,Agricultural and Biological Sciences,Plant Science,7553,3841,101,3837,1.966414996094767,2.6322647902006775
T10016,Adsorption and biosorption for pollutant removal,Physical Sciences,Environmental Science,Water Science and Technology,7532,3862,167,3861,1.9502848265147592,4.325304325304326
T12681,Global Healthcare and Medical Tourism,Health Sciences,Health Professions,General Health Professions,7498,2228,144,2217,3.365350089766607,6.495263870094723
T12447,Spider Taxonomy and Behavior Studies,Life Sciences,"Biochemistry, Genetics and Molecular Biology",Genetics,7475,1344,39,1344,5.5617559523809526,2.9017857142857144
T14144,Neurological Disease Mechanisms and Treatments,Life Sciences,Neuroscience,Neurology,7471,3244,107,3232,2.303020961775586,3.3106435643564356
T11644,Spam and Phishing Detection,Physical Sciences,Computer Science,Information Systems,7469,2443,208,2437,3.0573065902578795,8.53508411981945
T14178,Environmental Science and Water Management,Physical Sciences,Environmental Science,Water Science and Technology,7467,1761,135,1749,4.240204429301533,7.718696397941681
T13160,Synthesis and Biological Evaluation,Physical Sciences,Chemistry,Organic Chemistry,7445,3301,30,3301,2.255377158436837,0.9088155104513783
T10222,Genomics and Chromatin Dynamics,Life Sciences,"Biochemistry, Genetics and Molecular Biology",Molecular Biology,7434,4219,69,4218,1.7620289168049301,1.635846372688478
T10872,Veterinary Equine Medical Research,Health Sciences,Veterinary,Equine,7431,3771,107,3768,1.9705648369132855,2.8397027600849256
T11524,Advanced Aircraft Design and Technologies,Physical Sciences,Environmental Science,Global and Planetary Change,7425,2078,244,2067,3.5731472569778635,11.804547653604258
T11346,Mast cells and histamine,Life Sciences,Immunology and Microbiology,Immunology,7424,3859,108,3856,1.9238144597045868,2.800829875518672
T13342,Art History and Market Analysis,Social Sciences,Arts and Humanities,Visual Arts and Performing Arts,7412,2375,86,2372,3.120842105263158,3.6256323777403034
T10210,Advanced oxidation water treatment,Physical Sciences,Environmental Science,Water Science and Technology,7395,3480,68,3479,2.125,1.954584650761713
T12859,Cell Image Analysis Techniques,Life Sciences,"Biochemistry, Genetics and Molecular Biology",Biophysics,7391,3212,465,3200,2.3010585305105855,14.53125
T13297,History and advancements in chemistry,Physical Sciences,Chemistry,Physical and Theoretical Chemistry,7385,2338,44,2335,3.158682634730539,1.8843683083511777
T12236,Photoreceptor and optogenetics research,Life Sciences,Neuroscience,Cellular and Molecular Neuroscience,7373,4197,81,4196,1.756730998332142,1.9304099142040039
T13242,Male Reproductive Health Studies,Health Sciences,Health Professions,General Health Professions,7370,2932,141,2931,2.5136425648021827,4.81064483111566
T10982,Motor Control and Adaptation,Life Sciences,Neuroscience,Cognitive Neuroscience,7364,3642,42,3640,2.0219659527732015,1.1538461538461537
T14433,Post-Communist Economic and Political Transition,Social Sciences,Social Sciences,Political Science and International Relations,7351,1702,90,1693,4.31903642773208,5.31600708800945
T13851,"Law, AI, and Intellectual Property",Physical Sciences,Computer Science,Artificial Intelligence,7313,2371,576,2352,3.0843525938422607,24.489795918367346
T11653,Financial Distress and Bankruptcy Prediction,Social Sciences,"Business, Management and Accounting",Accounting,7301,1709,113,1698,4.272088940901112,6.654888103651355
T12561,bioluminescence and chemiluminescence research,Life Sciences,"Biochemistry, Genetics and Molecular Biology",Molecular Biology,7301,2995,55,2995,2.437729549248748,1.8363939899833055
T14185,"Research, Science, and Academia",Social Sciences,Decision Sciences,Information Systems and Management,7300,1791,62,1786,4.075935231714126,3.471444568868981
T11721,Blood properties and coagulation,Health Sciences,Medicine,Pulmonary and Respiratory Medicine,7298,3894,69,3890,1.874165382639959,1.7737789203084833
T10176,Mesenchymal stem cell research,Health Sciences,Medicine,Genetics,7296,4361,78,4356,1.6730107773446456,1.790633608815427
T12161,Plant Surface Properties and Treatments,Life Sciences,Agricultural and Biological Sciences,Plant Science,7294,3495,68,3490,2.0869814020028614,1.9484240687679084
T12237,Congenital gastrointestinal and neural anomalies,Health Sciences,Medicine,Surgery,7257,3552,91,3543,2.043074324324324,2.568444820773356
T11566,Laser Applications in Dentistry and Medicine,Health Sciences,Medicine,"Radiology, Nuclear Medicine and Imaging",7251,3392,79,3390,2.1376768867924527,2.330383480825959
T12297,Otolaryngology and Infectious Diseases,Health Sciences,Medicine,Infectious Diseases,7227,2678,81,2676,2.69865571321882,3.0269058295964126
T12212,CNS Lymphoma Diagnosis and Treatment,Health Sciences,Medicine,Neurology,7223,3489,100,3487,2.070220693608484,2.8677946659019216
T11844,Lipid metabolism and biosynthesis,Life Sciences,"Biochemistry, Genetics and Molecular Biology",Biochemistry,7222,3542,47,3542,2.038961038961039,1.3269339356295877
T12802,Competency Development and Evaluation,Social Sciences,Psychology,Social Psychology,7213,1803,98,1801,4.000554631170272,5.441421432537479
T11148,"Language, Metaphor, and Cognition",Social Sciences,Psychology,Experimental and Cognitive Psychology,7207,3346,78,3346,2.1539151225343693,2.331141661685595
T11192,Underwater Vehicles and Communication Systems,Physical Sciences,Engineering,Ocean Engineering,7204,2818,170,2814,2.5564229950319377,6.041222459132907
T11521,Salivary Gland Disorders and Functions,Health Sciences,Medicine,Physiology,7191,4075,158,4071,1.7646625766871165,3.8811102923114715
T11929,Cerebral Venous Sinus Thrombosis,Health Sciences,Medicine,Neurology,7147,3440,96,3434,2.0776162790697676,2.7955736750145603
T12954,Law and Political Science,Social Sciences,Social Sciences,Law,7135,3296,142,3292,2.164745145631068,4.313487241798299
T14372,Environmental and Biological Research in Conflict Zones,Physical Sciences,Environmental Science,"Management, Monitoring, Policy and Law",7128,2085,438,2067,3.418705035971223,21.190130624092888
T13537,"German legal, social, and political studies",Social Sciences,Social Sciences,Sociology and Political Science,7126,2892,251,2884,2.464038727524205,8.703190013869625
T11968,High Altitude and Hypoxia,Life Sciences,"Biochemistry, Genetics and Molecular Biology",Genetics,7123,3612,67,3611,1.9720376522702103,1.855441705898643
T12094,Hemoglobin structure and function,Life Sciences,"Biochemistry, Genetics and Molecular Biology",Cell Biology,7116,3199,35,3196,2.2244451391059705,1.0951188986232792
T10608,Neurogenesis and neuroplasticity mechanisms,Life Sciences,Neuroscience,Developmental Neuroscience,7112,4372,68,4370,1.626715462031107,1.5560640732265447
T12848,Psychological Testing and Assessment,Social Sciences,Psychology,Applied Psychology,7112,2264,44,2258,3.1413427561837457,1.9486271036315324
T10366,Discourse Analysis in Language Studies,Social Sciences,Arts and Humanities,Literature and Literary Theory,7107,3419,75,3417,2.078677976016379,2.194907813871817
T13364,"Digitalization, Law, and Regulation",Social Sciences,Social Sciences,Law,7104,2452,264,2436,2.897226753670473,10.83743842364532
T12976,Magnetic and Electromagnetic Effects,Life Sciences,"Biochemistry, Genetics and Molecular Biology",Physiology,7100,2946,58,2946,2.4100475220638153,1.9687712152070604
T13162,African Studies and Ethnography,Social Sciences,Social Sciences,Sociology and Political Science,7092,2568,98,2555,2.7616822429906542,3.835616438356164
T10917,Smart Grid Security and Resilience,Physical Sciences,Engineering,Control and Systems Engineering,7090,2864,298,2856,2.475558659217877,10.434173669467787
T11535,Chemotherapy-induced cardiotoxicity and mitigation,Health Sciences,Medicine,Cardiology and Cardiovascular Medicine,7086,3022,142,3015,2.3448047650562542,4.7097844112769485
T13394,"Ecology, Conservation, and Geographical Studies",Physical Sciences,Environmental Science,Nature and Landscape Conservation,7073,2406,174,2398,2.9397339983374895,7.25604670558799
T12625,Sympathectomy and Hyperhidrosis Treatments,Health Sciences,Medicine,Physiology,7036,3061,68,3060,2.2985952303168897,2.2222222222222223
T11526,Innovative Teaching Methods,Social Sciences,Social Sciences,Education,7027,2958,148,2958,2.3755916159567274,5.003380662609872
T11571,Sarcoidosis and Beryllium Toxicity Research,Health Sciences,Medicine,Physiology,7013,2964,91,2962,2.366059379217274,3.0722484807562456
T12796,Dermatological and COVID-19 studies,Health Sciences,Medicine,Dermatology,7009,2438,96,2434,2.8748974569319112,3.944124897288414
T13942,International Human Rights and Reproductive Law,Social Sciences,Social Sciences,Political Science and International Relations,7008,1816,141,1808,3.859030837004405,7.798672566371682
T10062,MicroRNA in disease regulation,Life Sciences,"Biochemistry, Genetics and Molecular Biology",Cancer Research,6996,4720,140,4718,1.4822033898305085,2.9673590504451037
T12691,Coccidia and coccidiosis research,Life Sciences,Agricultural and Biological Sciences,Animal Science and Zoology,6992,3506,61,3496,1.9942954934398174,1.7448512585812357
T13544,Women's cancer prevention and management,Health Sciences,Medicine,"Public Health, Environmental and Occupational Health",6987,2050,91,2044,3.408292682926829,4.4520547945205475
T12872,Philippine History and Culture,Social Sciences,Social Sciences,Anthropology,6981,3082,66,3078,2.2650876054510056,2.1442495126705654
T14302,European Politics and Security,Social Sciences,Social Sciences,Political Science and International Relations,6980,2741,330,2731,2.546515870120394,12.083485902599781
T14497,Social Issues and Policies in Latin America,Social Sciences,Social Sciences,Law,6940,2160,233,2159,3.212962962962963,10.79203334877258
T13091,Human Health and Disease,Health Sciences,Medicine,"Pediatrics, Perinatology and Child Health",6923,1773,113,1772,3.90468133107727,6.376975169300226
T10336,Cancer Cells and Metastasis,Health Sciences,Medicine,Oncology,6909,4220,133,4218,1.6372037914691944,3.1531531531531534
T10687,Innovative concrete reinforcement materials,Physical Sciences,Engineering,Civil and Structural Engineering,6883,4384,85,4383,1.5700273722627738,1.9393109742185717
T12052,Polish socio-economic development,Social Sciences,"Economics, Econometrics and Finance",Economics and Econometrics,6866,1230,78,1230,5.582113821138211,6.341463414634147
T12826,Education Methods and Technologies,Social Sciences,Social Sciences,Education,6860,2584,288,2554,2.654798761609907,11.276429130775254
T13884,Educational Leadership and Practices,Social Sciences,Social Sciences,Education,6855,1452,35,1446,4.721074380165289,2.420470262793914
T13044,Biofield Effects and Biophysics,Health Sciences,Medicine,Physiology,6844,2124,67,2122,3.2222222222222223,3.1573986804901035
T13350,Myxozoan Parasites in Aquatic Species,Life Sciences,"Biochemistry, Genetics and Molecular Biology",Cancer Research,6831,2333,67,2325,2.9279897128161165,2.881720430107527
T11512,Anomaly Detection Techniques and Applications,Physical Sciences,Computer Science,Artificial Intelligence,6826,3133,451,3132,2.1787424194063196,14.399744572158365
T10672,Design Education and Practice,Physical Sciences,Engineering,Mechanical Engineering,6823,2988,117,2987,2.283467202141901,3.916973552058922
T10909,Edible Oils Quality and Analysis,Physical Sciences,Chemistry,Organic Chemistry,6818,2715,76,2712,2.511233885819521,2.8023598820059
T12273,Latin American Urban Studies,Social Sciences,Social Sciences,Urban Studies,6818,2476,172,2474,2.7536348949919223,6.952303961196443
T13822,Indigenous Health and Education,Health Sciences,Health Professions,General Health Professions,6802,2192,179,2186,3.103102189781022,8.18847209515096
T10621,Gene Regulatory Network Analysis,Life Sciences,"Biochemistry, Genetics and Molecular Biology",Molecular Biology,6798,2761,95,2760,2.462151394422311,3.4420289855072466
T12969,Economic and Social Development,Social Sciences,Social Sciences,Sociology and Political Science,6795,1433,100,1432,4.741800418702024,6.983240223463687
T12580,Vagus Nerve Stimulation Research,Life Sciences,Neuroscience,Neurology,6790,2517,119,2512,2.6976559396106476,4.737261146496815
T11696,Conflict Management and Negotiation,Social Sciences,Social Sciences,Sociology and Political Science,6789,2170,45,2155,3.1285714285714286,2.0881670533642693
T13083,Advanced Text Analysis Techniques,Physical Sciences,Computer Science,Artificial Intelligence,6784,2773,128,2772,2.446447890371439,4.617604617604617
T13370,Diverse Scientific and Economic Studies,Social Sciences,"Economics, Econometrics and Finance",Economics and Econometrics,6784,3100,348,3093,2.1883870967741936,11.25121241513094
T13689,Underground infrastructure and sustainability,Physical Sciences,Engineering,Building and Construction,6783,2409,119,2407,2.8156911581569117,4.943913585375987
T10495,Catalysts for Methane Reforming,Physical Sciences,Chemical Engineering,Catalysis,6770,2586,161,2584,2.617942768754834,6.230650154798762
T12331,Hereditary Neurological Disorders,Life Sciences,Neuroscience,Cellular and Molecular Neuroscience,6769,3282,114,3282,2.062461913467398,3.473491773308958
T12922,Business and Economic Development,Physical Sciences,Environmental Science,"Management, Monitoring, Policy and Law",6755,1132,224,1131,5.967314487632509,19.80548187444739
T11198,Japanese History and Culture,Social Sciences,Social Sciences,Cultural Studies,6748,3020,60,3013,2.2344370860927154,1.9913707268503154
T12749,"Race, Genetics, and Society",Life Sciences,"Biochemistry, Genetics and Molecular Biology",Genetics,6747,2507,125,2501,2.691264459513363,4.998000799680128
T10966,Liver physiology and pathology,Health Sciences,Medicine,Hepatology,6693,4261,48,4260,1.5707580380192443,1.1267605633802817
T11668,interferon and immune responses,Life Sciences,Immunology and Microbiology,Immunology,6668,3815,105,3812,1.7478374836173,2.7544596012591813
T12955,Atherosclerosis and Cardiovascular Diseases,Life Sciences,Immunology and Microbiology,Immunology,6661,3134,107,3125,2.1253988513082325,3.424
T13633,Public Health and Social Inequalities,Social Sciences,Social Sciences,Health,6596,2369,147,2364,2.7842971718024483,6.218274111675127
T11899,"Brucella: diagnosis, epidemiology, treatment",Health Sciences,Veterinary,Small Animals,6583,2797,84,2790,2.353593135502324,3.010752688172043
T13423,Social Policies and Healthcare Reform,Health Sciences,Health Professions,General Health Professions,6582,2514,329,2483,2.6181384248210025,13.250100684655658
T12532,Historical and Cultural Archaeology Studies,Social Sciences,Social Sciences,Anthropology,6581,2785,41,2783,2.363016157989228,1.4732303269852678
T11103,Antimicrobial Peptides and Activities,Life Sciences,Immunology and Microbiology,Microbiology,6562,3499,75,3496,1.8753929694198341,2.145308924485126
T12361,Study of Mite Species,Life Sciences,Agricultural and Biological Sciences,"Ecology, Evolution, Behavior and Systematics",6547,2779,45,2779,2.3558834112990286,1.6192875134940625
T12841,Echinoderm biology and ecology,Life Sciences,Agricultural and Biological Sciences,Aquatic Science,6545,2294,89,2289,2.8530950305143854,3.8881607688947137
T11370,Mobile Learning in Education,Physical Sciences,Computer Science,Information Systems,6528,2216,93,2214,2.9458483754512637,4.200542005420054
T10980,Vascular Malformations and Hemangiomas,Health Sciences,Medicine,Surgery,6525,3045,67,3045,2.142857142857143,2.200328407224959
T10454,Optimal Power Flow Distribution,Physical Sciences,Engineering,Electrical and Electronic Engineering,6511,2849,91,2843,2.2853632853632853,3.200844178684488
T12996,Cancer Research and Treatments,Life Sciences,"Biochemistry, Genetics and Molecular Biology",Biotechnology,6509,3342,103,3341,1.947636146020347,3.0829093085902426
T13381,Heart rate and cardiovascular health,Health Sciences,Medicine,Cardiology and Cardiovascular Medicine,6506,2132,41,2121,3.051594746716698,1.933050447901933
T12021,Social and Educational Sciences,Social Sciences,Social Sciences,Education,6488,2400,197,2397,2.703333333333333,8.218606591572799
T12909,French Historical and Cultural Studies,Social Sciences,Arts and Humanities,History,6486,3040,63,3039,2.1335526315789473,2.073050345508391
T10310,Corrosion Behavior and Inhibition,Physical Sciences,Materials Science,Materials Chemistry,6484,3801,62,3801,1.7058668771375953,1.63114969744804
T12998,Education and Islamic Studies,Social Sciences,Social Sciences,Education,6476,2642,96,2640,2.4511733535200606,3.6363636363636362
T12082,Takotsubo Cardiomyopathy and Associated Phenomena,Health Sciences,Medicine,Cardiology and Cardiovascular Medicine,6473,2952,72,2943,2.192750677506775,2.4464831804281344
T14231,New Zealand Economic and Social Studies,Social Sciences,"Economics, Econometrics and Finance",Economics and Econometrics,6467,1462,44,1454,4.4233926128590975,3.0261348005502064
T12117,Muscle and Compartmental Disorders,Health Sciences,Medicine,Surgery,6467,3275,70,3273,1.9746564885496183,2.1387106630003054
T11900,Fungal Plant Pathogen Control,Life Sciences,Agricultural and Biological Sciences,"Ecology, Evolution, Behavior and Systematics",6464,3251,83,3245,1.988311288834205,2.5577812018489983
T10515,Cancer-related molecular mechanisms research,Life Sciences,"Biochemistry, Genetics and Molecular Biology",Cancer Research,6452,3931,148,3930,1.6413126430933604,3.7659033078880406
T10252,Microbial Natural Products and Biosynthesis,Health Sciences,Medicine,Pharmacology,6448,3487,187,3481,1.849154000573559,5.37201953461649
T12350,Particle Dynamics in Fluid Flows,Physical Sciences,Engineering,Ocean Engineering,6439,3082,43,3082,2.089227774172615,1.3951979234263465
T12328,Autoimmune and Inflammatory Disorders,Health Sciences,Medicine,Epidemiology,6424,2856,62,2855,2.249299719887955,2.171628721541156
T10444,Context-Aware Activity Recognition Systems,Physical Sciences,Computer Science,Computer Vision and Pattern Recognition,6423,3241,205,3240,1.9817957420549213,6.327160493827161
T12282,Mineral Processing and Grinding,Physical Sciences,Engineering,Mechanical Engineering,6402,3017,132,3016,2.1219754723235003,4.376657824933687
T10955,Paleontology and Evolutionary Biology,Physical Sciences,Earth and Planetary Sciences,Paleontology,6399,3181,67,3181,2.0116315624017607,2.106255894372839
T10801,Synthetic Aperture Radar (SAR) Applications and Techniques,Physical Sciences,Engineering,Aerospace Engineering,6391,2657,140,2654,2.405344373353406,5.275056518462698
T11982,Rhetoric and Communication Studies,Social Sciences,Arts and Humanities,Philosophy,6389,2587,46,2582,2.469655972168535,1.7815646785437644
T12609,Latin American socio-political dynamics,Social Sciences,Social Sciences,Sociology and Political Science,6384,2195,134,2190,2.9084282460136675,6.1187214611872145
T13760,"Finance, Taxation, and Governance",Physical Sciences,Environmental Science,"Management, Monitoring, Policy and Law",6382,2141,325,2138,2.9808500700607192,15.20112254443405
T11890,Scientific Measurement and Uncertainty Evaluation,Social Sciences,Decision Sciences,"Statistics, Probability and Uncertainty",6379,2125,66,2122,3.0018823529411764,3.1102733270499527
T10536,Endodontics and Root Canal Treatments,Health Sciences,Dentistry,Oral Surgery,6370,3678,66,3676,1.7319195214790648,1.7954298150163222
T11392,Energy Harvesting in Wireless Networks,Physical Sciences,Engineering,Electrical and Electronic Engineering,6356,2480,167,2478,2.5629032258064517,6.7393058918482645
T11857,Archaeological and Historical Studies,Social Sciences,Arts and Humanities,Archeology,6356,4301,567,4291,1.477795861427575,13.213703099510603
T12604,Glycogen Storage Diseases and Myoclonus,Health Sciences,Medicine,Rheumatology,6355,3423,110,3421,1.8565585743499855,3.215434083601286
T13222,"Caribbean history, culture, and politics",Social Sciences,Social Sciences,Cultural Studies,6351,2092,59,2087,3.03585086042065,2.827024436990896
T11310,Connective tissue disorders research,Life Sciences,"Biochemistry, Genetics and Molecular Biology",Genetics,6349,3728,74,3726,1.703057939914163,1.9860440150295222
T12483,Global Urban Networks and Dynamics,Social Sciences,Social Sciences,Urban Studies,6334,1282,16,1267,4.940717628705149,1.2628255722178374
T11035,Salivary Gland Tumors Diagnosis and Treatment,Health Sciences,Medicine,Surgery,6331,3830,67,3828,1.6530026109660574,1.7502612330198537
T13811,Earth Systems and Cosmic Evolution,Physical Sciences,Earth and Planetary Sciences,Atmospheric Science,6327,1026,43,1021,6.166666666666667,4.211557296767874
T12163,Aerosol Filtration and Electrostatic Precipitation,Physical Sciences,Engineering,Electrical and Electronic Engineering,6326,2469,60,2466,2.562170919400567,2.4330900243309004
T10411,Proteins in Food Systems,Life Sciences,Agricultural and Biological Sciences,Food Science,6324,3564,126,3560,1.7744107744107744,3.539325842696629
T10422,Angiogenesis and VEGF in Cancer,Life Sciences,"Biochemistry, Genetics and Molecular Biology",Molecular Biology,6324,3703,39,3699,1.7078044828517418,1.05433901054339
T11695,South African History and Culture,Social Sciences,Social Sciences,Sociology and Political Science,6316,2462,71,2460,2.5653939886271324,2.886178861788618
T13966,Neurological and metabolic disorders,Health Sciences,Medicine,"Endocrinology, Diabetes and Metabolism",6305,3034,63,3032,2.0781147000659197,2.0778364116094985
T12548,Hemostasis and retained surgical items,Health Sciences,Medicine,Hematology,6303,2920,49,2915,2.1585616438356166,1.6809605488850772
T11390,Seaweed-derived Bioactive Compounds,Life Sciences,Agricultural and Biological Sciences,Aquatic Science,6301,2656,127,2651,2.3723644578313254,4.790645039607695
T12937,Chemotherapy-related skin toxicity,Health Sciences,Medicine,Dermatology,6299,3015,88,3014,2.0892205638474297,2.9197080291970803
T14207,Higher Education Practises and Engagement,Social Sciences,Social Sciences,Education,6296,2530,162,2527,2.4885375494071145,6.410763751483973
T14005,Eastern European Communism and Reforms,Social Sciences,Social Sciences,Sociology and Political Science,6294,2999,182,2995,2.098699566522174,6.076794657762938
T10409,Fuel Cells and Related Materials,Physical Sciences,Engineering,Electrical and Electronic Engineering,6289,3568,167,3568,1.7626121076233183,4.680493273542601
T12454,European Political History Analysis,Social Sciences,Arts and Humanities,History,6285,2907,70,2905,2.1620227038183693,2.4096385542168677
T10356,Orthodontics and Dentofacial Orthopedics,Health Sciences,Dentistry,Orthodontics,6276,3952,97,3939,1.5880566801619433,2.4625539477024625
T12833,Bartonella species infections research,Life Sciences,Immunology and Microbiology,Parasitology,6274,2392,76,2388,2.6229096989966556,3.1825795644891124
T11402,Vascular Malformations Diagnosis and Treatment,Health Sciences,Medicine,Neurology,6271,3765,90,3762,1.6656042496679946,2.3923444976076556
T12994,Infrared Thermography in Medicine,Health Sciences,Medicine,"Radiology, Nuclear Medicine and Imaging",6251,2921,81,2920,2.140020540910647,2.7739726027397262
T14272,Agricultural and Food Production Studies,Life Sciences,Agricultural and Biological Sciences,Food Science,6248,2177,178,2169,2.8700045934772622,8.206546795758413
T11385,Natural product bioactivities and synthesis,Life Sciences,"Biochemistry, Genetics and Molecular Biology",Molecular Biology,6247,3871,44,3870,1.6137948850426247,1.1369509043927648
T14219,Local Economic Development and Planning,Social Sciences,Social Sciences,Political Science and International Relations,6240,1435,78,1430,4.348432055749129,5.454545454545454
T13135,"Communism, Protests, Social Movements",Social Sciences,Social Sciences,Sociology and Political Science,6233,2728,106,2722,2.284824046920821,3.894195444526084
T13060,Adventure Sports and Sensation Seeking,Social Sciences,Psychology,Social Psychology,6229,2175,88,2172,2.8639080459770114,4.051565377532229
T13993,Historical Geopolitical and Social Dynamics,Social Sciences,Social Sciences,Political Science and International Relations,6225,3138,94,3134,1.9837476099426385,2.9993618379068283
T11425,Diverse Music Education Insights,Social Sciences,Arts and Humanities,Music,6220,2809,95,2804,2.214311142755429,3.3880171184022823
T11941,Power System Reliability and Maintenance,Physical Sciences,Engineering,"Safety, Risk, Reliability and Quality",6214,2018,114,2014,3.079286422200198,5.660377358490566
T11520,Advanced Thermodynamics and Statistical Mechanics,Physical Sciences,Physics and Astronomy,Statistical and Nonlinear Physics,6190,2513,36,2512,2.463191404695583,1.4331210191082802
T11159,Manufacturing Process and Optimization,Physical Sciences,Engineering,Industrial and Manufacturing Engineering,6175,3000,178,2999,2.058333333333333,5.9353117705901965
T12032,Multisensory perception and integration,Social Sciences,Psychology,Experimental and Cognitive Psychology,6169,3030,62,3028,2.035973597359736,2.047556142668428
T11111,Spectroscopy and Laser Applications,Physical Sciences,Chemistry,Spectroscopy,6167,3084,89,3079,1.9996757457846952,2.8905488795063334
T11328,Ocular Oncology and Treatments,Health Sciences,Medicine,Ophthalmology,6156,3289,80,3289,1.8716935238674368,2.4323502584372148
T12453,Infectious Aortic and Vascular Conditions,Health Sciences,Medicine,Surgery,6156,2924,46,2920,2.1053351573187413,1.5753424657534247
T10587,Autophagy in Disease and Therapy,Health Sciences,Medicine,Epidemiology,6154,4488,54,4485,1.371212121212121,1.2040133779264215
T12852,Chemical Thermodynamics and Molecular Structure,Physical Sciences,Chemistry,Organic Chemistry,6136,2821,27,2821,2.175115207373272,0.957107408720312
T10260,Software Engineering Research,Physical Sciences,Computer Science,Information Systems,6133,3494,263,3492,1.7552947910704064,7.531500572737686
T12223,Leptospirosis research and findings,Life Sciences,Immunology and Microbiology,Parasitology,6119,2620,95,2617,2.3354961832061067,3.6301108139090563
T13117,Health Education and Validation,Social Sciences,Social Sciences,Education,6119,2008,154,2002,3.0473107569721116,7.6923076923076925
T12264,Tissue Engineering and Regenerative Medicine,Health Sciences,Medicine,Surgery,6110,3637,102,3634,1.6799560076986528,2.8068244358833243
T12845,Methemoglobinemia and Tumor Lysis Syndrome,Health Sciences,Medicine,Pulmonary and Respiratory Medicine,6105,2308,46,2306,2.645147313691508,1.99479618386817
T13097,Male Breast Health Studies,Health Sciences,Medicine,"Public Health, Environmental and Occupational Health",6102,2022,100,2019,3.0178041543026706,4.952947003467063
T11462,Museums and Cultural Heritage,Social Sciences,Arts and Humanities,Museology,6092,2525,95,2520,2.4126732673267326,3.7698412698412698
T13095,Plant-based Medicinal Research,Life Sciences,"Pharmacology, Toxicology and Pharmaceutics",Pharmacology,6066,2833,26,2829,2.141193081539005,0.9190526687875574
T11904,Spatial Cognition and Navigation,Physical Sciences,Engineering,Automotive Engineering,6061,2613,59,2610,2.3195560658247225,2.260536398467433
T14033,Education in Rural Contexts,Social Sciences,Social Sciences,Education,6059,1533,113,1531,3.9523809523809526,7.380796864794252
T11231,Microbial Fuel Cells and Bioremediation,Physical Sciences,Environmental Science,Environmental Engineering,6042,2870,83,2867,2.105226480836237,2.8950122078828042
T12935,Healthcare Systems and Public Health,Health Sciences,Medicine,Epidemiology,6036,1392,181,1391,4.336206896551724,13.012221423436376
T11868,Cancer and Skin Lesions,Health Sciences,Medicine,Dermatology,6035,3510,77,3508,1.7193732193732194,2.194982896237172
T10831,Cell Adhesion Molecules Research,Health Sciences,Medicine,Immunology and Allergy,6032,4216,53,4215,1.430740037950664,1.2574139976275207
T13372,Archaeology and Historical Studies,Social Sciences,Arts and Humanities,Archeology,6029,3434,61,3434,1.7556785090273734,1.7763541059988353
T11724,Inflammatory Myopathies and Dermatomyositis,Health Sciences,Medicine,Epidemiology,6028,3194,128,3190,1.8872886662492172,4.012539184952978
T12329,Hemiptera Insect Studies,Life Sciences,Agricultural and Biological Sciences,"Ecology, Evolution, Behavior and Systematics",6001,3077,60,3075,1.9502762430939227,1.951219512195122
T10281,Advanced Battery Materials and Technologies,Physical Sciences,Engineering,Electrical and Electronic Engineering,5999,2855,268,2854,2.1012259194395795,9.390329362298528
T11812,Nasal Surgery and Airway Studies,Health Sciences,Medicine,Surgery,5988,3208,116,3208,1.866583541147132,3.6159600997506236
T10799,Data Visualization and Analytics,Physical Sciences,Computer Science,Computer Vision and Pattern Recognition,5987,2590,117,2584,2.3115830115830116,4.527863777089784
T11212,Cultural Heritage Materials Analysis,Social Sciences,Arts and Humanities,Archeology,5987,3597,68,3597,1.6644425910480956,1.8904642757853767
T14140,Elite Sociology and Global Capitalism,Social Sciences,Social Sciences,Sociology and Political Science,5980,1753,71,1739,3.4112949229891614,4.082806210465785
T14007,Indigenous and Place-Based Education,Social Sciences,Social Sciences,Education,5977,2103,119,2101,2.8421302900618164,5.663969538315088
T11460,Analytical Methods in Pharmaceuticals,Physical Sciences,Chemistry,Analytical Chemistry,5960,3083,30,3083,1.9331819656179046,0.9730781706130393
T10620,Protease and Inhibitor Mechanisms,Life Sciences,"Biochemistry, Genetics and Molecular Biology",Cancer Research,5945,3334,56,3333,1.7831433713257347,1.6801680168016802
T11057,Cardiac Ischemia and Reperfusion,Health Sciences,Medicine,Pathology and Forensic Medicine,5943,3410,50,3404,1.7428152492668623,1.4688601645123385
T11411,Tea Polyphenols and Effects,Health Sciences,Medicine,Pathology and Forensic Medicine,5939,3014,50,3014,1.9704711347047112,1.6589250165892502
T13870,Environmental and Ecological Studies,Physical Sciences,Energy,"Renewable Energy, Sustainability and the Environment",5934,1533,142,1533,3.8708414872798436,9.262883235485976
T11054,Adrenal and Paraganglionic Tumors,Health Sciences,Medicine,Surgery,5923,3545,108,3542,1.6708039492242595,3.049124788255223
T13789,Global Education Systems and Policies,Social Sciences,Social Sciences,Education,5918,820,48,816,7.217073170731707,5.882352941176471
T11689,Adversarial Robustness in Machine Learning,Physical Sciences,Computer Science,Artificial Intelligence,5911,1970,536,1954,3.000507614213198,27.43091095189355
T12824,Infections and bacterial resistance,Life Sciences,"Biochemistry, Genetics and Molecular Biology",Endocrinology,5907,2508,105,2503,2.3552631578947367,4.1949660407510985
T11503,Cytokine Signaling Pathways and Interactions,Health Sciences,Medicine,Oncology,5899,3499,57,3499,1.685910260074307,1.629036867676479
T11877,Iron oxide chemistry and applications,Physical Sciences,Energy,"Renewable Energy, Sustainability and the Environment",5889,3044,41,3043,1.9346254927726676,1.3473545842918173
T11587,Second Language Acquisition and Learning,Social Sciences,Psychology,Developmental and Educational Psychology,5889,2411,52,2408,2.442554956449606,2.159468438538206
T11613,Phytochemistry and Biological Activities,Life Sciences,Agricultural and Biological Sciences,Plant Science,5878,3713,48,3711,1.5830864530029625,1.2934518997574778
T12337,Italian Fascism and Post-war Society,Social Sciences,Social Sciences,Sociology and Political Science,5871,2820,94,2820,2.081914893617021,3.3333333333333335
T11874,Structural Response to Dynamic Loads,Physical Sciences,Engineering,Civil and Structural Engineering,5868,3173,48,3172,1.8493539237314844,1.5132408575031526
T10483,Nerve injury and regeneration,Life Sciences,Neuroscience,Cellular and Molecular Neuroscience,5852,3617,61,3616,1.61791539950235,1.6869469026548674
T11858,Urban Development and Societal Issues,Social Sciences,Social Sciences,Urban Studies,5851,2568,240,2564,2.2784267912772584,9.360374414976599
T10617,Cellular transport and secretion,Life Sciences,"Biochemistry, Genetics and Molecular Biology",Cell Biology,5835,3846,63,3845,1.5171606864274572,1.6384915474642392
T11431,Action Observation and Synchronization,Social Sciences,Psychology,Social Psychology,5812,2941,79,2937,1.976198571914315,2.689819543752128
T12968,Research on scale insects,Life Sciences,Agricultural and Biological Sciences,Insect Science,5810,2398,100,2383,2.4228523769808175,4.1963911036508605
T14028,Healthcare and Venom Research,Health Sciences,Medicine,Pharmacology,5805,2556,40,2556,2.2711267605633805,1.5649452269170578
T12648,Academic Writing and Publishing,Social Sciences,Arts and Humanities,History and Philosophy of Science,5792,2115,88,2106,2.738534278959811,4.178537511870845
T13910,Computational and Text Analysis Methods,Social Sciences,Social Sciences,General Social Sciences,5780,1770,386,1733,3.2655367231638417,22.273514137334104
T14169,Public Health and Environmental Issues,Physical Sciences,Environmental Science,"Health, Toxicology and Mutagenesis",5757,1807,265,1799,3.1859435528500275,14.730405780989438
T12175,Social Representations and Identity,Social Sciences,Psychology,Social Psychology,5750,2010,42,2009,2.8606965174129355,2.0905923344947737
T10402,Phase Equilibria and Thermodynamics,Physical Sciences,Engineering,Biomedical Engineering,5726,2782,50,2782,2.05823148813803,1.7972681524083394
T13275,Medical and Health Sciences Research,Health Sciences,Medicine,"Public Health, Environmental and Occupational Health",5723,2712,185,2706,2.1102507374631267,6.836659275683666
T11672,Recycling and utilization of industrial and municipal waste in m,Physical Sciences,Engineering,Building and Construction,5712,2875,105,2874,1.9867826086956522,3.653444676409186
T12633,Legal case studies and regulations,Social Sciences,Social Sciences,Political Science and International Relations,5712,1894,58,1881,3.0158394931362196,3.0834662413609784
T12487,Structural Engineering and Vibration Analysis,Physical Sciences,Engineering,Civil and Structural Engineering,5710,3234,56,3231,1.7656153370439085,1.7332095326524295
T11271,Myasthenia Gravis and Thymoma,Health Sciences,Medicine,Neurology,5702,2932,130,2929,1.9447476125511596,4.438374871969955
T10057,Face and Expression Recognition,Physical Sciences,Computer Science,Computer Vision and Pattern Recognition,5701,1538,47,1538,3.7067620286085825,3.0559167750325096
T14339,Image Processing and 3D Reconstruction,Physical Sciences,Computer Science,Computer Vision and Pattern Recognition,5700,2267,135,2267,2.514336127040141,5.9550066166740185
T13614,Social and Economic Solidarity,Social Sciences,Social Sciences,Sociology and Political Science,5698,2300,171,2298,2.477391304347826,7.441253263707572
T10957,Photodynamic Therapy Research Studies,Health Sciences,Medicine,Pulmonary and Respiratory Medicine,5692,2800,42,2797,2.032857142857143,1.5016088666428316
T11401,Minerals Flotation and Separation Techniques,Physical Sciences,Environmental Science,Water Science and Technology,5686,2942,54,2942,1.9326988443235893,1.8354860639021073
T14501,Global Economic and Social Development,Social Sciences,"Economics, Econometrics and Finance",Economics and Econometrics,5682,1025,68,1017,5.543414634146341,6.686332350049164
T11216,Radiation Detection and Scintillator Technologies,Physical Sciences,Physics and Astronomy,Radiation,5681,3080,64,3079,1.8444805194805194,2.078596947060734
T11597,"Neutrophil, Myeloperoxidase and Oxidative Mechanisms",Life Sciences,Immunology and Microbiology,Immunology,5669,3085,65,3081,1.8376012965964343,2.109704641350211
T13065,Mining Techniques and Economics,Physical Sciences,Engineering,Control and Systems Engineering,5668,1876,146,1869,3.021321961620469,7.811663991439272
T13842,Intellectual Property Law,Social Sciences,Social Sciences,Law,5656,1873,105,1868,3.019754404698345,5.620985010706638
T12595,Romani and Gypsy Studies,Health Sciences,Health Professions,General Health Professions,5655,1658,83,1655,3.410735826296743,5.015105740181269
T12610,RNA regulation and disease,Life Sciences,"Biochemistry, Genetics and Molecular Biology",Molecular Biology,5654,3273,99,3270,1.7274671555148182,3.0275229357798166
T13443,Mineralogy and Gemology Studies,Physical Sciences,Earth and Planetary Sciences,Geochemistry and Petrology,5648,2900,38,2899,1.9475862068965517,1.3107968264918937
T13471,Cognitive Functions and Memory,Social Sciences,Psychology,Experimental and Cognitive Psychology,5645,2329,91,2326,2.4237870330613998,3.9122957867583836
T11480,Connexins and lens biology,Life Sciences,"Biochemistry, Genetics and Molecular Biology",Molecular Biology,5642,2676,43,2676,2.108370702541106,1.6068759342301944
T14053,Dengue and Mosquito Control Research,Social Sciences,Social Sciences,Sociology and Political Science,5633,1614,76,1613,3.490086741016109,4.711717296962182
T13200,Spacecraft and Cryogenic Technologies,Physical Sciences,Engineering,Aerospace Engineering,5627,2494,223,2492,2.2562149157979148,8.948635634028893
T11099,Autonomous Vehicle Technology and Safety,Physical Sciences,Engineering,Automotive Engineering,5621,2768,245,2765,2.030708092485549,8.860759493670885
T11284,Coal Properties and Utilization,Physical Sciences,Engineering,Ocean Engineering,5605,2105,82,2100,2.66270783847981,3.9047619047619047
T10237,Cryptography and Data Security,Physical Sciences,Computer Science,Artificial Intelligence,5596,2680,191,2676,2.0880597014925373,7.1375186846038865
T13192,Forensic Fingerprint Detection Methods,Social Sciences,Social Sciences,Safety Research,5534,2528,32,2527,2.1890822784810124,1.2663237039968342
T10404,Enzyme Catalysis and Immobilization,Life Sciences,"Biochemistry, Genetics and Molecular Biology",Molecular Biology,5532,3326,73,3326,1.6632591701743837,2.1948286229705354
T12429,Chemotherapy-induced organ toxicity mitigation,Health Sciences,Medicine,Pathology and Forensic Medicine,5532,2492,29,2492,2.219903691813804,1.1637239165329052
T12709,Optimization and Mathematical Programming,Physical Sciences,Engineering,Control and Systems Engineering,5530,1778,22,1777,3.1102362204724407,1.2380416432189083
T13357,Property Rights and Legal Doctrine,Social Sciences,Social Sciences,Law,5523,1602,37,1600,3.447565543071161,2.3125
T13111,Nursing care and research,Health Sciences,Health Professions,Pharmacy,5520,1925,70,1922,2.8675324675324676,3.6420395421436003
T10457,Education Pedagogy and Practices,Social Sciences,Social Sciences,Education,5518,2029,122,2029,2.719566288812223,6.012814194184327
T11640,Linguistic Variation and Morphology,Social Sciences,Social Sciences,Linguistics and Language,5492,2378,52,2375,2.3095037846930193,2.1894736842105265
T13219,Mind wandering and attention,Life Sciences,Neuroscience,Cognitive Neuroscience,5486,2011,123,2006,2.7279960218796617,6.13160518444666
T11021,ECG Monitoring and Analysis,Health Sciences,Medicine,Cardiology and Cardiovascular Medicine,5483,3165,134,3151,1.732385466034755,4.252618216439226
T13302,Amazonian Archaeology and Ethnohistory,Social Sciences,Arts and Humanities,History,5472,1531,77,1522,3.5741345525800132,5.059132720105125
T12622,Neurosurgical Procedures and Complications,Health Sciences,Medicine,Neurology,5451,2926,81,2920,1.8629528366370471,2.7739726027397262
T12736,Criminal Justice and Penology,Social Sciences,Social Sciences,Law,5446,2440,276,2438,2.231967213114754,11.320754716981131
T12957,"War, Ethics, and Justification",Social Sciences,Arts and Humanities,Philosophy,5445,2430,70,2426,2.240740740740741,2.8854080791426218
T13929,Educational Outcomes and Influences,Social Sciences,Social Sciences,Education,5412,1308,113,1308,4.137614678899083,8.63914373088685
T12441,Porphyrin Metabolism and Disorders,Life Sciences,"Biochemistry, Genetics and Molecular Biology",Molecular Biology,5402,2648,19,2648,2.0400302114803623,0.7175226586102719
T12345,Adult and Continuing Education Topics,Social Sciences,Social Sciences,Education,5395,1695,77,1693,3.1828908554572273,4.548139397519197
T11617,Enzyme Production and Characterization,Life Sciences,"Biochemistry, Genetics and Molecular Biology",Biotechnology,5394,3604,63,3601,1.4966703662597114,1.7495140238822549
T13765,Social Science and Policy Research,Social Sciences,Social Sciences,General Social Sciences,5372,1178,60,1171,4.560271646859083,5.123825789923143
T11305,"Amyloidosis: Diagnosis, Treatment, Outcomes",Life Sciences,"Biochemistry, Genetics and Molecular Biology",Molecular Biology,5370,3022,130,3021,1.7769688947716744,4.303210857332009
T11833,Spinal Dysraphism and Malformations,Health Sciences,Medicine,"Public Health, Environmental and Occupational Health",5363,2870,62,2863,1.8686411149825783,2.165560600768425
T14055,Consumer Packaging Perceptions and Trends,Social Sciences,"Business, Management and Accounting",Marketing,5362,1246,76,1245,4.303370786516854,6.104417670682731
T12769,Stoma care and complications,Health Sciences,Medicine,Surgery,5346,2682,97,2676,1.9932885906040267,3.624813153961136
T12785,Hong Kong and Taiwan Politics,Social Sciences,Social Sciences,Sociology and Political Science,5333,2256,93,2250,2.363918439716312,4.133333333333334
T11662,Legal Cases and Commentary,Health Sciences,Medicine,Reproductive Medicine,5326,1756,76,1751,3.0330296127562644,4.340376927470017
T12842,"Youth, Drugs, and Violence",Social Sciences,Social Sciences,Demography,5326,2432,145,2430,2.189967105263158,5.967078189300412
T14012,Comparative and International Law Studies,Social Sciences,Social Sciences,Law,5322,2242,130,2238,2.373773416592328,5.80875781948168
T13078,Political and Social Dynamics in Chile and Latin America,Social Sciences,Social Sciences,Sociology and Political Science,5310,2142,119,2140,2.4789915966386555,5.5607476635514015
T13168,Plant Ecology and Taxonomy Studies,Life Sciences,Agricultural and Biological Sciences,"Ecology, Evolution, Behavior and Systematics",5309,2392,35,2390,2.2194816053511706,1.4644351464435146
T12217,Higher Education Teaching and Evaluation,Social Sciences,Social Sciences,Education,5307,1346,93,1344,3.9427934621099556,6.919642857142857
T13521,Psychosocial Factors Impacting Youth,Social Sciences,Social Sciences,Sociology and Political Science,5296,1554,85,1554,3.407979407979408,5.469755469755469
T13626,Educational and Organizational Development,Social Sciences,"Business, Management and Accounting",Organizational Behavior and Human Resource Management,5287,880,134,877,6.007954545454545,15.279361459521095
T13064,Dutch Social and Cultural Studies,Social Sciences,Social Sciences,Education,5272,2197,135,2189,2.3996358670914884,6.167199634536318
T11832,Doctoral Education Challenges and Solutions,Health Sciences,Health Professions,General Health Professions,5270,1723,103,1721,3.0586186883343007,5.984892504357932
T13492,"Science, Technology, and Education in Latin America",Social Sciences,Social Sciences,Demography,5270,1067,80,1064,4.939081537019681,7.518796992481203
T12019,Calibration and Measurement Techniques,Physical Sciences,Engineering,Aerospace Engineering,5269,2144,63,2143,2.4575559701492535,2.9398040130657956
T13014,Peace and Human Rights Education,Social Sciences,Social Sciences,Sociology and Political Science,5264,1515,99,1501,3.4745874587458747,6.595602931379081
T10212,Electrochemical sensors and biosensors,Physical Sciences,Engineering,Electrical and Electronic Engineering,5261,3312,88,3311,1.5884661835748792,2.6578073089700998
T14356,Organizational Leadership and Management Strategies,Social Sciences,"Business, Management and Accounting",Strategy and Management,5260,1775,85,1774,2.963380281690141,4.791431792559188
T10724,Ion Transport and Channel Regulation,Life Sciences,"Biochemistry, Genetics and Molecular Biology",Molecular Biology,5258,3074,53,3072,1.7104749512036435,1.7252604166666667
T10491,Enhanced Oil Recovery Techniques,Physical Sciences,Engineering,Ocean Engineering,5256,2635,37,2635,1.9946869070208728,1.4041745730550284
T12528,"IL-33, ST2, and ILC Pathways",Life Sciences,Immunology and Microbiology,Immunology,5256,2928,75,2926,1.7950819672131149,2.563226247436774
T12873,"Nutrition, Health and Food Behavior",Health Sciences,Nursing,Nutrition and Dietetics,5240,1810,64,1810,2.8950276243093924,3.5359116022099446
T13173,Gender Studies in Language,Social Sciences,Social Sciences,Gender Studies,5238,1770,98,1765,2.9593220338983053,5.552407932011332
T12205,Time Series Analysis and Forecasting,Physical Sciences,Computer Science,Signal Processing,5223,1610,124,1609,3.2440993788819874,7.706650093225606
T12534,Protein Degradation and Inhibitors,Life Sciences,"Biochemistry, Genetics and Molecular Biology",Molecular Biology,5218,2511,160,2510,2.078056551174831,6.374501992031872
T12358,Thermal and Kinetic Analysis,Physical Sciences,Materials Science,Materials Chemistry,5215,2901,25,2901,1.7976559806963117,0.8617718028266115
T10484,Wood Treatment and Properties,Physical Sciences,Engineering,Building and Construction,5214,3028,54,3026,1.7219286657859973,1.7845340383344348
T13059,"Religion, Ecology, and Ethics",Social Sciences,Social Sciences,Sociology and Political Science,5208,1558,63,1557,3.342747111681643,4.046242774566474
T12431,Sugarcane Cultivation and Processing,Life Sciences,Agricultural and Biological Sciences,Plant Science,5208,2310,35,2309,2.2545454545454544,1.5158077089649198
T14440,Quality of Life Measurement,Social Sciences,Social Sciences,Sociology and Political Science,5208,450,83,428,11.573333333333334,19.39252336448598
T12426,Lymphatic Disorders and Treatments,Health Sciences,Medicine,Surgery,5191,2369,62,2367,2.191219924018573,2.619349387410224
T11208,Lignin and Wood Chemistry,Physical Sciences,Engineering,Biomedical Engineering,5190,3261,82,3257,1.591536338546458,2.5176542830825914
T11494,Coleoptera Taxonomy and Distribution,Life Sciences,Agricultural and Biological Sciences,"Ecology, Evolution, Behavior and Systematics",5189,2164,34,2161,2.397874306839187,1.5733456732993985
T12953,Critical Realism in Sociology,Social Sciences,Social Sciences,Sociology and Political Science,5188,1500,35,1497,3.458666666666667,2.338009352037408
T13548,Environmental and biological studies,Physical Sciences,Environmental Science,Ecology,5184,2274,117,2270,2.2796833773087073,5.154185022026431
T10078,Advanced Photocatalysis Techniques,Physical Sciences,Energy,"Renewable Energy, Sustainability and the Environment",5178,2849,209,2848,1.8174798174798175,7.338483146067416
T12271,Renewable energy and sustainable power systems,Physical Sciences,Energy,"Renewable Energy, Sustainability and the Environment",5178,1090,78,1090,4.750458715596331,7.155963302752293
T14316,"Nursing Education, Practice, and Leadership",Health Sciences,Nursing,"Issues, ethics and legal aspects",5163,2241,90,2234,2.3038821954484603,4.028648164726947
T11690,Advanced battery technologies research,Physical Sciences,Engineering,Electrical and Electronic Engineering,5152,2371,174,2371,2.172922817376634,7.338675664276677
T14481,Renewable Energy and Sustainability,Physical Sciences,Energy,"Renewable Energy, Sustainability and the Environment",5135,1256,167,1246,4.088375796178344,13.402889245585875
T14255,European Law and Migration,Social Sciences,Social Sciences,Law,5129,1366,108,1361,3.7547584187408494,7.935341660543718
T13669,China's Global Influence and Migration,Social Sciences,Social Sciences,Anthropology,5128,1557,99,1546,3.2935131663455364,6.403622250970246
T13191,Dispute Resolution and Class Actions,Social Sciences,"Business, Management and Accounting",Strategy and Management,5127,2083,96,2077,2.4613538166106577,4.622051035146846
T12128,AI in Service Interactions,Physical Sciences,Computer Science,Artificial Intelligence,5127,2158,774,2070,2.3758109360519,37.391304347826086
T12293,Dam Engineering and Safety,Physical Sciences,Engineering,Civil and Structural Engineering,5118,2135,55,2135,2.397189695550351,2.576112412177986
T11094,Face Recognition and Perception,Life Sciences,Neuroscience,Cognitive Neuroscience,5104,2280,47,2277,2.23859649122807,2.0641194554238034
T12496,Color perception and design,Social Sciences,Psychology,Social Psychology,5099,2452,73,2449,2.0795269168026103,2.9808084932625563
T12124,Engineering Education and Curriculum Development,Physical Sciences,Engineering,Media Technology,5095,1929,65,1928,2.641264904095386,3.371369294605809
T11070,Soviet and Russian History,Social Sciences,Social Sciences,Political Science and International Relations,5087,2284,83,2278,2.2272329246935203,3.643546971027217
T12577,Geography and Environmental Studies,Physical Sciences,Environmental Science,Water Science and Technology,5084,2540,164,2534,2.001574803149606,6.471981057616417
T10869,Polysaccharides and Plant Cell Walls,Life Sciences,Agricultural and Biological Sciences,Plant Science,5079,3217,45,3216,1.5788001243394467,1.3992537313432836
T11978,Soil Mechanics and Vehicle Dynamics,Physical Sciences,Engineering,Civil and Structural Engineering,5079,2279,50,2278,2.2286090390522157,2.194907813871817
T12127,Software System Performance and Reliability,Physical Sciences,Computer Science,Computer Networks and Communications,5078,1731,145,1726,2.9335644136337375,8.400926998841252
T12171,Open Education and E-Learning,Physical Sciences,Computer Science,Computer Science Applications,5068,1587,57,1586,3.193446754883428,3.5939470365699875
T11936,Chemical and Physical Properties in Aqueous Solutions,Physical Sciences,Chemical Engineering,Filtration and Separation,5064,2161,15,2160,2.3433595557612215,0.6944444444444444
T14173,"Education, Healthcare and Sociology Research",Social Sciences,Psychology,Social Psychology,5062,2036,246,1990,2.486247544204322,12.361809045226131
T10553,Combustion and flame dynamics,Physical Sciences,Engineering,Computational Mechanics,5062,3221,69,3219,1.5715616268239676,2.1435228331780056
T13711,Environmental Science and Technology,Life Sciences,"Biochemistry, Genetics and Molecular Biology",Biochemistry,5039,1918,223,1909,2.627215849843587,11.681508643268726
T10655,GNSS positioning and interference,Physical Sciences,Engineering,Aerospace Engineering,5026,2344,105,2339,2.14419795221843,4.489097905087644
T13365,Medical and Biological Ozone Research,Health Sciences,Medicine,Pharmacology,5024,1830,55,1829,2.745355191256831,3.0071077091306724
T14009,Ecology and Conservation Studies,Life Sciences,Agricultural and Biological Sciences,Plant Science,5023,1968,37,1968,2.5523373983739837,1.8800813008130082
T12986,Administrative Law and Governance,Social Sciences,Social Sciences,Political Science and International Relations,5017,2034,369,2025,2.466568338249754,18.22222222222222
T12721,Moringa oleifera research and applications,Life Sciences,Agricultural and Biological Sciences,Plant Science,5012,2559,57,2558,1.9585775693630325,2.2283033620015638
T13653,"Commonwealth, Australian Politics and Federalism",Social Sciences,Social Sciences,Political Science and International Relations,5010,1967,69,1952,2.547025927808846,3.5348360655737703
T10063,Nanoparticle-Based Drug Delivery,Physical Sciences,Materials Science,Biomaterials,4997,2594,68,2592,1.9263685427910562,2.623456790123457
T11787,Oral and Maxillofacial Pathology,Health Sciences,Dentistry,Oral Surgery,4992,2996,61,2995,1.6662216288384513,2.036727879799666
T12892,Social Power and Status Dynamics,Social Sciences,Social Sciences,Sociology and Political Science,4989,1143,44,1134,4.364829396325459,3.880070546737213
T12684,Stuttering Research and Treatment,Social Sciences,Psychology,Clinical Psychology,4989,2148,42,2145,2.3226256983240225,1.9580419580419581
T13768,Oral and gingival health research,Health Sciences,Health Professions,Pharmacy,4985,2449,35,2448,2.0355247039608004,1.4297385620915033
T13491,Social and Political Issues,Social Sciences,Social Sciences,Sociology and Political Science,4978,1920,170,1918,2.5927083333333334,8.86339937434828
T10044,Protein Structure and Dynamics,Life Sciences,"Biochemistry, Genetics and Molecular Biology",Molecular Biology,4963,2931,194,2926,1.693278744455817,6.630211893369788
T13404,Geological and Tectonic Studies in Latin America,Physical Sciences,Earth and Planetary Sciences,Geophysics,4961,2292,62,2285,2.1644851657940665,2.713347921225383
T11278,Calcium Carbonate Crystallization and Inhibition,Physical Sciences,Materials Science,Biomaterials,4954,2356,30,2355,2.102716468590832,1.2738853503184713
T11492,Academic integrity and plagiarism,Social Sciences,Social Sciences,Safety Research,4953,1865,198,1856,2.655764075067024,10.668103448275861
T13892,Aquatic life and conservation,Life Sciences,Agricultural and Biological Sciences,Aquatic Science,4946,2140,78,2136,2.311214953271028,3.651685393258427
T13831,Archaeological and Geological Studies,Social Sciences,Arts and Humanities,Archeology,4941,3187,302,3183,1.5503608409162222,9.487904492617028
T13642,Organizational Downsizing and Restructuring,Social Sciences,"Business, Management and Accounting",Organizational Behavior and Human Resource Management,4936,1196,24,1191,4.127090301003345,2.0151133501259446
T12903,Globalization and Cultural Identity,Social Sciences,Social Sciences,Sociology and Political Science,4929,1415,19,1410,3.48339222614841,1.3475177304964538
T10173,Computational Fluid Dynamics and Aerodynamics,Physical Sciences,Engineering,Computational Mechanics,4921,2973,39,2973,1.6552304069963,1.311806256306761
T11866,Reconstructive Facial Surgery Techniques,Health Sciences,Medicine,Surgery,4918,2831,79,2829,1.7371953373366302,2.7925061859314244
T11041,Ubiquitin and proteasome pathways,Life Sciences,"Biochemistry, Genetics and Molecular Biology",Molecular Biology,4917,3040,70,3039,1.6174342105263158,2.303389272787101
T10030,Electrocatalysts for Energy Conversion,Physical Sciences,Energy,"Renewable Energy, Sustainability and the Environment",4911,3003,168,3001,1.6353646353646354,5.598133955348217
T13714,Medieval Architecture and Archaeology,Social Sciences,Arts and Humanities,Archeology,4906,3182,430,3176,1.5417976115650533,13.53904282115869
T11572,Information Technology Governance and Strategy,Social Sciences,"Business, Management and Accounting",Management Information Systems,4900,2051,61,2051,2.3890784982935154,2.9741589468551926
T12375,Cuban History and Society,Social Sciences,Social Sciences,Sociology and Political Science,4878,2144,50,2141,2.275186567164179,2.335357309668379
T11396,Artificial Intelligence in Healthcare,Health Sciences,Health Professions,Health Information Management,4873,1757,369,1749,2.773477518497439,21.09777015437393
T13618,Regional Socio-Economic Development Trends,Social Sciences,Social Sciences,Demography,4854,1344,149,1344,3.611607142857143,11.086309523809524
T12997,Outdoor and Experiential Education,Social Sciences,Psychology,Social Psychology,4847,1661,81,1657,2.918121613485852,4.888352444176222
T10074,Carbon Nanotubes in Composites,Physical Sciences,Materials Science,Materials Chemistry,4832,2414,35,2414,2.0016570008285006,1.4498757249378624
T10497,Fungal and yeast genetics research,Life Sciences,"Biochemistry, Genetics and Molecular Biology",Molecular Biology,4809,2776,44,2776,1.7323487031700289,1.585014409221902
T12160,African cultural and philosophical studies,Social Sciences,Social Sciences,Education,4798,1658,89,1648,2.893848009650181,5.400485436893204
T12936,"Conflict, Peace, and Violence in Colombia",Social Sciences,Social Sciences,Sociology and Political Science,4797,1878,156,1877,2.5543130990415337,8.311134789557805
T13157,Cancer-related gene regulation,Life Sciences,"Biochemistry, Genetics and Molecular Biology",Molecular Biology,4787,2987,49,2986,1.6026113157013726,1.6409912926992631
T14445,Transportation Safety and Impact Analysis,Physical Sciences,Engineering,Civil and Structural Engineering,4777,1903,73,1902,2.5102469784550707,3.8380651945320716
T10403,Phonetics and Phonology Research,Social Sciences,Psychology,Experimental and Cognitive Psychology,4776,2496,43,2495,1.9134615384615385,1.723446893787575
T13467,Drug-Induced Ocular Toxicity,Health Sciences,Medicine,Ophthalmology,4757,1975,56,1971,2.4086075949367087,2.841197361745307
T13036,Veterinary Practice and Education Studies,Health Sciences,Health Professions,Speech and Hearing,4756,1880,148,1873,2.529787234042553,7.90176187933796
T11638,Cardiac tumors and thrombi,Health Sciences,Medicine,Cardiology and Cardiovascular Medicine,4752,2657,92,2644,1.7884832517877305,3.479576399394856
T11412,Genetic and Kidney Cyst Diseases,Life Sciences,"Biochemistry, Genetics and Molecular Biology",Genetics,4750,2765,75,2764,1.7179023508137432,2.7134587554269176
T11802,Chemical Looping and Thermochemical Processes,Physical Sciences,Engineering,Biomedical Engineering,4746,1735,66,1731,2.7354466858789626,3.8128249566724435
T11009,Catalysis for Biomass Conversion,Physical Sciences,Engineering,Biomedical Engineering,4736,2212,69,2212,2.1410488245931285,3.119349005424955
T11685,Zebrafish Biomedical Research Applications,Life Sciences,"Biochemistry, Genetics and Molecular Biology",Cell Biology,4729,2427,67,2426,1.9484960857025133,2.761747732893652
T12417,Morphological variations and asymmetry,Physical Sciences,Mathematics,Geometry and Topology,4725,1987,52,1985,2.377956718671364,2.619647355163728
T11131,Proteoglycans and glycosaminoglycans research,Life Sciences,"Biochemistry, Genetics and Molecular Biology",Cell Biology,4722,2213,28,2212,2.1337550835969274,1.2658227848101267
T13070,Cultural Identity and Heritage,Social Sciences,Arts and Humanities,Archeology,4721,2035,61,2030,2.31990171990172,3.0049261083743843
T11562,Facial Trauma and Fracture Management,Health Sciences,Medicine,Surgery,4714,2690,95,2688,1.7524163568773234,3.5342261904761907
T10488,Nanocomposite Films for Food Packaging,Physical Sciences,Materials Science,Biomaterials,4705,2730,156,2729,1.7234432234432235,5.716379626236717
T11652,Imbalanced Data Classification Techniques,Physical Sciences,Computer Science,Artificial Intelligence,4696,1757,188,1753,2.672737620944792,10.724472333143183
T12164,Education Practices and Challenges,Social Sciences,Arts and Humanities,Philosophy,4696,2752,231,2750,1.7063953488372092,8.4
T14405,Fisheries and Aquaculture Studies,Life Sciences,Agricultural and Biological Sciences,General Agricultural and Biological Sciences,4693,1043,123,1034,4.499520613614574,11.895551257253384
T11132,Psychoanalysis and Psychopathology Research,Social Sciences,Psychology,Clinical Psychology,4693,2258,84,2256,2.078387953941541,3.723404255319149
T10713,Structural Load-Bearing Analysis,Physical Sciences,Engineering,Civil and Structural Engineering,4692,3132,33,3131,1.4980842911877394,1.0539763653784733
T13358,Livestock Management and Performance Improvement,Life Sciences,Agricultural and Biological Sciences,Agronomy and Crop Science,4681,1726,69,1724,2.7120509849362686,4.002320185614849
T13600,Science Education and Perceptions,Social Sciences,Psychology,Developmental and Educational Psychology,4676,1393,36,1392,3.35678391959799,2.586206896551724
T13469,"Environmental, Ecological, and Cultural Studies",Social Sciences,Social Sciences,Sociology and Political Science,4670,902,65,899,5.177383592017739,7.230255839822025
T11679,Craniofacial Disorders and Treatments,Life Sciences,"Biochemistry, Genetics and Molecular Biology",Genetics,4670,2859,64,2856,1.633438265127667,2.2408963585434174
T12415,Employer Branding and e-HRM,Social Sciences,"Business, Management and Accounting",Organizational Behavior and Human Resource Management,4667,1488,108,1481,3.1364247311827955,7.292370020256583
T12605,Berry genetics and cultivation research,Life Sciences,Agricultural and Biological Sciences,Plant Science,4658,2770,83,2767,1.6815884476534295,2.999638597759306
T14043,Historical and modern epidemiology studies,Social Sciences,Social Sciences,Sociology and Political Science,4657,1006,27,1003,4.629224652087475,2.691924227318046
T12731,Hidradenitis Suppurativa and Treatments,Health Sciences,Medicine,Dermatology,4639,2223,67,2220,2.0868196131354027,3.018018018018018
T12631,Head and Neck Anomalies,Health Sciences,Medicine,Surgery,4638,2368,35,2368,1.958614864864865,1.4780405405405406
T12110,Bone and Dental Protein Studies,Health Sciences,Medicine,Rheumatology,4636,2297,36,2297,2.018284719198955,1.567261645624728
T11237,Plant Gene Expression Analysis,Life Sciences,"Biochemistry, Genetics and Molecular Biology",Molecular Biology,4635,2601,67,2597,1.782006920415225,2.579899884482095
T14201,Data Analysis and Archiving,Social Sciences,Social Sciences,Sociology and Political Science,4633,1480,86,1469,3.1304054054054054,5.85432266848196
T13638,Human auditory perception and evaluation,Physical Sciences,Engineering,Aerospace Engineering,4632,1908,171,1904,2.4276729559748427,8.981092436974789
T10715,Distributed and Parallel Computing Systems,Physical Sciences,Computer Science,Computer Networks and Communications,4629,2345,156,2342,1.9739872068230278,6.660973526900086
T12112,Ammonia Synthesis and Nitrogen Reduction,Physical Sciences,Chemical Engineering,Catalysis,4612,1816,196,1814,2.539647577092511,10.804851157662624
T12074,Membrane-based Ion Separation Techniques,Physical Sciences,Engineering,Biomedical Engineering,4612,2389,105,2388,1.930514859773964,4.396984924623116
T10407,Lipid Membrane Structure and Behavior,Life Sciences,"Biochemistry, Genetics and Molecular Biology",Molecular Biology,4597,3130,37,3130,1.4686900958466453,1.182108626198083
T13204,Competitive and Knowledge Intelligence,Social Sciences,"Business, Management and Accounting",Strategy and Management,4596,1548,52,1542,2.9689922480620154,3.372243839169909
T10294,Cell death mechanisms and regulation,Life Sciences,"Biochemistry, Genetics and Molecular Biology",Molecular Biology,4593,2930,31,2930,1.5675767918088737,1.0580204778156996
T11195,Simulation Techniques and Applications,Social Sciences,Decision Sciences,Management Science and Operations Research,4592,1756,70,1756,2.6150341685649203,3.9863325740318905
T12272,Cardiovascular Conditions and Treatments,Health Sciences,Medicine,"Radiology, Nuclear Medicine and Imaging",4586,2218,71,2209,2.0676284941388636,3.2141240380262563
T11150,Endoplasmic Reticulum Stress and Disease,Life Sciences,"Biochemistry, Genetics and Molecular Biology",Cell Biology,4583,3216,58,3216,1.4250621890547264,1.8034825870646767
T12242,Latin American and Latino Studies,Social Sciences,Social Sciences,Cultural Studies,4580,2171,35,2171,2.1096269000460617,1.6121602947950253
T13583,Jury Decision Making Processes,Social Sciences,Social Sciences,Law,4566,1691,44,1689,2.7001774098166766,2.605091770278271
T14109,Scottish History and National Identity,Social Sciences,Arts and Humanities,History,4564,2167,55,2163,2.10613751730503,2.542764678687009
T11979,Garlic and Onion Studies,Life Sciences,Agricultural and Biological Sciences,Plant Science,4561,2451,32,2450,1.860873113015096,1.3061224489795917
T13434,Cancer Research and Treatment,Health Sciences,Medicine,Oncology,4560,1536,47,1531,2.96875,3.069888961463096
T12434,Phosphodiesterase function and regulation,Life Sciences,"Biochemistry, Genetics and Molecular Biology",Molecular Biology,4559,1801,55,1799,2.5313714602998334,3.0572540300166757
T12654,Xenotransplantation and immune response,Health Sciences,Medicine,Surgery,4545,1735,58,1734,2.6195965417867435,3.344867358708189
T10059,Bone Tissue Engineering Materials,Physical Sciences,Engineering,Biomedical Engineering,4541,3026,105,3026,1.5006609385327165,3.469927296761401
T11053,Process Optimization and Integration,Physical Sciences,Engineering,Control and Systems Engineering,4538,2012,88,2011,2.2554671968190854,4.375932371954252
T12800,Musculoskeletal synovial abnormalities and treatments,Health Sciences,Medicine,Rheumatology,4533,2101,37,2100,2.1575440266539743,1.7619047619047619
T12165,Environmental Sustainability and Education,Physical Sciences,Environmental Science,"Management, Monitoring, Policy and Law",4530,2102,265,2099,2.1550903901046623,12.625059552167698
T13314,Lymphadenopathy Diagnosis and Analysis,Health Sciences,Medicine,Surgery,4515,1399,74,1397,3.2273052180128663,5.2970651395848245
T10538,Data Mining Algorithms and Applications,Physical Sciences,Computer Science,Information Systems,4513,1710,66,1709,2.6391812865497077,3.8619075482738445
T11313,Immune cells in cancer,Life Sciences,Immunology and Microbiology,Immunology,4510,2849,96,2848,1.583011583011583,3.3707865168539324
T14374,Statistical Methods in Epidemiology,Physical Sciences,Mathematics,Statistics and Probability,4498,992,59,990,4.534274193548387,5.959595959595959
T14242,"Nutrition, Health, and Society Studies",Life Sciences,Agricultural and Biological Sciences,Food Science,4493,1080,66,1073,4.160185185185185,6.150978564771668
T13141,Statistical Methods and Applications,Physical Sciences,Mathematics,Statistics and Probability,4493,966,20,966,4.651138716356107,2.070393374741201
T11627,Autoimmune Neurological Disorders and Treatments,Health Sciences,Medicine,Neurology,4475,2305,125,2299,1.9414316702819956,5.437146585471944
T10952,PI3K/AKT/mTOR signaling in cancer,Life Sciences,"Biochemistry, Genetics and Molecular Biology",Molecular Biology,4474,2581,61,2579,1.7334366524602867,2.365257851880574
T14006,"Linguistics, Language Diversity, and Identity",Social Sciences,Arts and Humanities,Language and Linguistics,4468,1283,62,1279,3.4824629773967266,4.847537138389367
T11299,Problem and Project Based Learning,Social Sciences,Social Sciences,Education,4464,1900,86,1898,2.349473684210526,4.531085353003161
T12437,"Balkans: History, Politics, Society",Social Sciences,Social Sciences,Cultural Studies,4462,1959,92,1949,2.277692700357325,4.720369420215495
T14182,Technology-Enhanced Education Studies,Social Sciences,Social Sciences,Education,4453,1764,278,1763,2.52437641723356,15.768576290414067
T13533,Medical Case Reports and Studies,Health Sciences,Medicine,Surgery,4453,1346,30,1343,3.3083209509658245,2.2338049143708116
T10811,Hydrogen Storage and Materials,Physical Sciences,Materials Science,Materials Chemistry,4445,1791,202,1791,2.481853713009492,11.2786152987158
T14031,Global and Cross-Cultural Management,Social Sciences,Social Sciences,Anthropology,4443,1335,42,1329,3.3280898876404494,3.160270880361174
T13726,International Science and Diplomacy,Social Sciences,Social Sciences,Political Science and International Relations,4431,1513,210,1485,2.9286186384666224,14.141414141414142
T12018,Coronary Artery Anomalies,Health Sciences,Medicine,Pulmonary and Respiratory Medicine,4421,2434,86,2423,1.8163516844700083,3.5493190260008256
T12688,Microbial metabolism and enzyme function,Life Sciences,"Biochemistry, Genetics and Molecular Biology",Molecular Biology,4402,1530,21,1530,2.877124183006536,1.3725490196078431
T11283,Experimental Learning in Engineering,Physical Sciences,Engineering,Media Technology,4395,1854,55,1853,2.370550161812298,2.9681597409606044
T11167,Hair Growth and Disorders,Health Sciences,Medicine,Urology,4395,2457,148,2454,1.7887667887667889,6.030969845150774
T12587,Gestational Trophoblastic Disease Studies,Health Sciences,Medicine,"Public Health, Environmental and Occupational Health",4393,1830,34,1826,2.400546448087432,1.8619934282584885
T12179,Art Education and Development,Social Sciences,Arts and Humanities,Visual Arts and Performing Arts,4389,1959,66,1955,2.2404287901990814,3.3759590792838874
T12132,Hymenoptera taxonomy and phylogeny,Life Sciences,Agricultural and Biological Sciences,"Ecology, Evolution, Behavior and Systematics",4378,2273,51,2273,1.9260888693356797,2.2437307523097227
T13619,Geotechnical and Geomechanical Engineering,Physical Sciences,Engineering,Mechanics of Materials,4377,2211,48,2209,1.9796472184531886,2.172928927116342
T12514,Fashion and Cultural Textiles,Social Sciences,Arts and Humanities,Museology,4369,1870,78,1867,2.3363636363636364,4.177825388323513
T11322,Facial Rejuvenation and Surgery Techniques,Health Sciences,Medicine,Dermatology,4368,2703,116,2703,1.6159822419533851,4.291527931927488
T12291,Pericarditis and Cardiac Tamponade,Health Sciences,Medicine,Cardiology and Cardiovascular Medicine,4363,2038,108,2013,2.1408243375858684,5.365126676602086
T12885,Digital Innovation in Industries,Social Sciences,"Business, Management and Accounting",Management of Technology and Innovation,4359,1747,176,1734,2.4951345163136804,10.149942329873126
T14224,"Oil, Gas, and Environmental Issues",Physical Sciences,Energy,"Renewable Energy, Sustainability and the Environment",4358,1129,106,1125,3.8600531443755535,9.422222222222222
T13315,Occupational Health and Safety in Workplaces,Health Sciences,Health Professions,Occupational Therapy,4357,1451,115,1449,3.0027567195037905,7.936507936507937
T11142,Advanced Glycation End Products research,Life Sciences,"Biochemistry, Genetics and Molecular Biology",Clinical Biochemistry,4353,2268,32,2263,1.9193121693121693,1.4140521431727795
T10888,Augmented Reality Applications,Physical Sciences,Computer Science,Computer Vision and Pattern Recognition,4353,2438,214,2437,1.7854799015586547,8.781288469429626
T11741,Flexible and Reconfigurable Manufacturing Systems,Physical Sciences,Engineering,Industrial and Manufacturing Engineering,4337,1838,121,1834,2.3596300326441786,6.597600872410033
T13147,Ethics and bioethics in healthcare,Health Sciences,Medicine,"Public Health, Environmental and Occupational Health",4329,1857,149,1853,2.3311793214862684,8.041014570966
T10682,Quantum Computing Algorithms and Architecture,Physical Sciences,Computer Science,Artificial Intelligence,4327,2146,353,2132,2.016309412861137,16.557223264540337
T10101,Cloud Computing and Resource Management,Physical Sciences,Computer Science,Information Systems,4326,2104,165,2098,2.056083650190114,7.86463298379409
T11502,Facility Location and Emergency Management,Social Sciences,"Business, Management and Accounting",Organizational Behavior and Human Resource Management,4323,1824,109,1822,2.370065789473684,5.982436882546652
T13375,Integrated Water Resources Management,Physical Sciences,Environmental Science,Water Science and Technology,4323,1306,34,1306,3.3101071975497702,2.6033690658499236
T10492,Microtubule and mitosis dynamics,Life Sciences,"Biochemistry, Genetics and Molecular Biology",Cell Biology,4312,2546,36,2545,1.6936370777690495,1.4145383104125737
T10430,Software Engineering Techniques and Practices,Physical Sciences,Computer Science,Information Systems,4310,2409,112,2409,1.7891241178912412,4.649232046492321
T10808,Electric and Hybrid Vehicle Technologies,Physical Sciences,Engineering,Automotive Engineering,4309,1768,129,1766,2.4372171945701355,7.304643261608154
T14310,Botany and Geology in Latin America and Caribbean,Life Sciences,Agricultural and Biological Sciences,"Ecology, Evolution, Behavior and Systematics",4308,1860,35,1857,2.3161290322580643,1.884760366182014
T13256,Archaeology and Rock Art Studies,Social Sciences,Social Sciences,Archeology,4295,1977,33,1975,2.1724835609509356,1.6708860759493671
T13602,Educational Methods and Media Use,Physical Sciences,Computer Science,Information Systems,4286,1984,176,1984,2.160282258064516,8.870967741935484
T12192,Polysaccharides Composition and Applications,Life Sciences,Agricultural and Biological Sciences,Food Science,4280,2474,48,2473,1.7299919159256265,1.9409623938536191
T11177,Spectroscopy and Quantum Chemical Studies,Physical Sciences,Physics and Astronomy,"Atomic and Molecular Physics, and Optics",4276,2294,34,2293,1.8639930252833479,1.4827736589620584
T13127,Biotin and Related Studies,Life Sciences,"Biochemistry, Genetics and Molecular Biology",Cell Biology,4275,2104,31,2102,2.031844106463878,1.4747859181731684
T12834,Flowering Plant Growth and Cultivation,Life Sciences,Agricultural and Biological Sciences,Plant Science,4266,2475,40,2474,1.7236363636363636,1.6168148746968471
T13040,"Gender, Education, and Development Issues",Social Sciences,Social Sciences,Education,4266,740,77,730,5.764864864864865,10.547945205479452
T12476,Intraoperative Neuromonitoring and Anesthetic Effects,Health Sciences,Medicine,Surgery,4261,2413,67,2406,1.7658516369664319,2.7847049044056527
T11984,Anatomy and Medical Technology,Physical Sciences,Engineering,Biomedical Engineering,4260,2276,287,2272,1.8717047451669595,12.632042253521126
T13416,Educational Theory and Curriculum Studies,Social Sciences,Social Sciences,Sociology and Political Science,4258,1047,71,1027,4.066857688634193,6.91333982473223
T10627,Advanced Image and Video Retrieval Techniques,Physical Sciences,Computer Science,Computer Vision and Pattern Recognition,4253,2166,164,2160,1.9635272391505079,7.592592592592593
T11140,Natural Antidiabetic Agents Studies,Health Sciences,Medicine,"Endocrinology, Diabetes and Metabolism",4249,2449,36,2449,1.7349938750510412,1.4699877501020824
T12423,Software Reliability and Analysis Research,Physical Sciences,Computer Science,Software,4248,2578,115,2578,1.647788983708301,4.460822342901474
T14142,Multicultural Socio-Legal Studies,Social Sciences,Social Sciences,Sociology and Political Science,4247,1591,23,1591,2.669390320553111,1.4456316781898177
T13246,"Agriculture, Plant Science, Crop Management",Life Sciences,Agricultural and Biological Sciences,Plant Science,4238,2114,44,2113,2.0047303689687794,2.082347373402745
T12669,Comparative International Legal Studies,Social Sciences,Social Sciences,Political Science and International Relations,4237,1761,261,1758,2.4060193072118117,14.84641638225256
T13073,China's Ethnic Minorities and Relations,Social Sciences,Social Sciences,Sociology and Political Science,4236,1569,67,1566,2.69980879541109,4.278416347381865
T10412,Microfluidic and Capillary Electrophoresis Applications,Physical Sciences,Engineering,Biomedical Engineering,4233,2775,38,2774,1.5254054054054054,1.36986301369863
T13960,"Dietetics, Nutrition, and Education",Health Sciences,Health Professions,Health Information Management,4232,1504,81,1497,2.8138297872340425,5.410821643286573
T11993,Atomic and Subatomic Physics Research,Physical Sciences,Physics and Astronomy,"Atomic and Molecular Physics, and Optics",4231,2531,94,2529,1.6716712761754247,3.7168841439304074
T13098,Conferences and Exhibitions Management,Social Sciences,Social Sciences,Sociology and Political Science,4230,1356,118,1345,3.1194690265486726,8.773234200743495
T12673,Microbial Metabolism and Applications,Life Sciences,"Biochemistry, Genetics and Molecular Biology",Biotechnology,4228,2210,91,2207,1.9131221719457014,4.123244222927051
T10142,Formal Methods in Verification,Physical Sciences,Computer Science,Computational Theory and Mathematics,4221,3107,35,3106,1.3585452204699067,1.1268512556342563
T10020,Quantum Information and Cryptography,Physical Sciences,Computer Science,Artificial Intelligence,4196,2395,288,2388,1.7519832985386221,12.06030150753769
T13800,Earthquake and Disaster Impact Studies,Social Sciences,Social Sciences,Transportation,4193,1218,56,1207,3.442528735632184,4.63960231980116
T12278,Vascular Tumors and Angiosarcomas,Health Sciences,Medicine,Oncology,4181,2245,45,2244,1.8623608017817372,2.0053475935828877
T11729,Product Development and Customization,Social Sciences,"Business, Management and Accounting",Management of Technology and Innovation,4174,1790,42,1790,2.3318435754189943,2.346368715083799
T11324,Spectroscopy Techniques in Biomedical and Chemical Research,Life Sciences,"Biochemistry, Genetics and Molecular Biology",Biophysics,4170,2561,106,2559,1.62827020695041,4.142243063696757
T10703,Business Process Modeling and Analysis,Social Sciences,"Business, Management and Accounting",Management Information Systems,4170,2196,90,2195,1.8989071038251366,4.100227790432802
T13483,Herbal Medicine Research Studies,Health Sciences,Medicine,Complementary and alternative medicine,4166,1824,21,1824,2.2839912280701755,1.1513157894736843
T12846,Ginkgo biloba and Cashew Applications,Health Sciences,Medicine,Complementary and alternative medicine,4159,1797,37,1795,2.3144129104062325,2.0612813370473537
T13934,Indigenous Knowledge Systems and Agriculture,Life Sciences,Agricultural and Biological Sciences,Plant Science,4151,976,75,966,4.253073770491803,7.763975155279503
T13152,French Language Learning Methods,Social Sciences,Social Sciences,Linguistics and Language,4133,1579,57,1578,2.617479417352755,3.612167300380228
T12535,Machine Learning and Data Classification,Physical Sciences,Computer Science,Artificial Intelligence,4131,1364,185,1360,3.028592375366569,13.602941176470589
T12393,Workplace Spirituality and Leadership,Social Sciences,Social Sciences,Demography,4127,1653,63,1638,2.496672716273442,3.8461538461538463
T13838,Plant and soil sciences,Life Sciences,Agricultural and Biological Sciences,General Agricultural and Biological Sciences,4123,2108,125,2104,1.9558823529411764,5.94106463878327
T14415,Biomedical Research and Pathophysiology,Health Sciences,Medicine,Pathology and Forensic Medicine,4119,2156,45,2154,1.910482374768089,2.0891364902506964
T11113,Music History and Culture,Social Sciences,Arts and Humanities,Music,4117,1974,47,1971,2.085612968591692,2.384576357179097
T10835,Carbohydrate Chemistry and Synthesis,Physical Sciences,Chemistry,Organic Chemistry,4109,2536,39,2536,1.6202681388012619,1.5378548895899053
T10729,Electrospun Nanofibers in Biomedical Applications,Physical Sciences,Materials Science,Biomaterials,4109,2710,105,2708,1.5162361623616236,3.877400295420975
T14003,Labor Law and Work Dynamics,Social Sciences,Social Sciences,Political Science and International Relations,4097,1482,262,1479,2.764507422402159,17.714672075726842
T10842,Railway Engineering and Dynamics,Physical Sciences,Engineering,Mechanical Engineering,4095,2347,60,2346,1.7447805709416275,2.557544757033248
T12327,Various Chemistry Research Topics,Physical Sciences,Chemistry,Physical and Theoretical Chemistry,4094,2223,24,2222,1.841655420602789,1.08010801080108
T11919,dental development and anomalies,Life Sciences,"Biochemistry, Genetics and Molecular Biology",Molecular Biology,4079,2507,43,2506,1.627044276027124,1.7158818834796488
T12349,Food Chemistry and Fat Analysis,Life Sciences,Agricultural and Biological Sciences,Food Science,4076,1741,64,1740,2.341183228029868,3.67816091954023
T12621,Hemispheric Asymmetry in Neuroscience,Life Sciences,Neuroscience,Cognitive Neuroscience,4069,1906,29,1903,2.134837355718783,1.5239096163951655
T14232,Water Resource Management and Quality,Physical Sciences,Environmental Science,Water Science and Technology,4067,1223,108,1221,3.3254292722812755,8.845208845208845
T13749,"Hungarian Social, Economic and Educational Studies",Social Sciences,Social Sciences,"Geography, Planning and Development",4065,1235,114,1235,3.291497975708502,9.23076923076923
T12387,Galectins and Cancer Biology,Life Sciences,Immunology and Microbiology,Immunology,4063,2557,42,2557,1.5889714509190458,1.6425498631208448
T12009,Hedgehog Signaling Pathway Studies,Life Sciences,"Biochemistry, Genetics and Molecular Biology",Molecular Biology,4057,2516,39,2516,1.6124801271860096,1.550079491255962
T13629,Text Readability and Simplification,Physical Sciences,Computer Science,Artificial Intelligence,4057,1522,197,1522,2.6655716162943497,12.943495400788436
T11124,Protein purification and stability,Life Sciences,"Biochemistry, Genetics and Molecular Biology",Molecular Biology,4056,2155,67,2154,1.8821345707656612,3.1104921077065923
T11173,Neurofibromatosis and Schwannoma Cases,Health Sciences,Medicine,Neurology,4055,2572,88,2570,1.5765940902021773,3.424124513618677
T12107,Leprosy Research and Treatment,Health Sciences,Medicine,Infectious Diseases,4051,1785,45,1783,2.269467787114846,2.523836231071228
T12148,Brazilian Legal Issues,Social Sciences,Social Sciences,Law,4050,2072,233,2071,1.9546332046332047,11.250603573153066
T14226,"Migration, Racism, and Human Rights",Social Sciences,Social Sciences,Health,4048,1448,121,1446,2.7955801104972378,8.367911479944675
T10860,Speech and Audio Processing,Physical Sciences,Computer Science,Signal Processing,4047,2453,104,2453,1.6498165511618426,4.239706481858948
T10338,Advanced Sensor and Energy Harvesting Materials,Physical Sciences,Engineering,Biomedical Engineering,4047,2872,210,2872,1.4091225626740946,7.311977715877437
T13596,"Grouting, Rheology, and Soil Mechanics",Physical Sciences,Engineering,Civil and Structural Engineering,4030,2160,30,2160,1.8657407407407407,1.3888888888888888
T11997,Free Will and Agency,Life Sciences,Neuroscience,Cognitive Neuroscience,4025,1506,69,1502,2.6726427622841964,4.59387483355526
T10532,Molecular Sensors and Ion Detection,Physical Sciences,Chemistry,Spectroscopy,4006,2239,31,2239,1.7891916033943724,1.3845466726217062
T10317,Advanced Database Systems and Queries,Physical Sciences,Computer Science,Computer Networks and Communications,4003,1966,44,1964,2.036113936927772,2.240325865580448
T12637,Scarabaeidae Beetle Taxonomy and Biogeography,Physical Sciences,Earth and Planetary Sciences,Paleontology,3999,1858,37,1853,2.152314316469322,1.9967620075553156
T12798,Religious Tourism and Spaces,Social Sciences,Social Sciences,"Geography, Planning and Development",3998,1783,68,1782,2.242288278182838,3.8159371492704826
T14432,Freedom of Expression and Defamation,Social Sciences,Social Sciences,Law,3997,1454,122,1444,2.748968363136176,8.448753462603879
T11825,Catalysis and Oxidation Reactions,Physical Sciences,Chemical Engineering,Catalysis,3997,2342,72,2340,1.7066609735269,3.076923076923077
T13430,Lipid metabolism and disorders,Health Sciences,Medicine,Cardiology and Cardiovascular Medicine,3993,2189,66,2183,1.8241206030150754,3.0233623453962437
T13376,Criminal Law and Policy,Social Sciences,Social Sciences,Sociology and Political Science,3992,1893,142,1887,2.1088219756999473,7.525172231054584
T10083,Graphene research and applications,Physical Sciences,Materials Science,Materials Chemistry,3982,2749,84,2749,1.448526736995271,3.055656602400873
T13335,Pharmacological Effects of Medicinal Plants,Health Sciences,Medicine,Pharmacology,3971,1557,34,1555,2.550417469492614,2.1864951768488745
T14176,Interdisciplinary Cultural and Social Studies,Social Sciences,Social Sciences,Sociology and Political Science,3970,914,39,904,4.343544857768053,4.314159292035399
T14429,Global Political and Social Dynamics,Social Sciences,Social Sciences,Political Science and International Relations,3968,1496,100,1480,2.6524064171122994,6.756756756756757
T12150,Intestinal Malrotation and Obstruction Disorders,Health Sciences,Medicine,Surgery,3962,2174,46,2171,1.8224471021159154,2.1188392445877477
T12738,Corporate Identity and Reputation,Social Sciences,"Business, Management and Accounting",Strategy and Management,3950,1467,28,1467,2.692569870483981,1.9086571233810499
T12566,Nitrogen and Sulfur Effects on Brassica,Life Sciences,"Biochemistry, Genetics and Molecular Biology",Molecular Biology,3948,1890,34,1890,2.088888888888889,1.7989417989417988
T12385,Food Quality and Safety Studies,Life Sciences,Agricultural and Biological Sciences,Food Science,3946,2190,27,2190,1.801826484018265,1.2328767123287672
T10396,Fatigue and fracture mechanics,Physical Sciences,Engineering,Mechanics of Materials,3946,2632,37,2631,1.499240121580547,1.4063093880653743
T10711,Target Tracking and Data Fusion in Sensor Networks,Physical Sciences,Computer Science,Artificial Intelligence,3945,1573,39,1572,2.50794659885569,2.480916030534351
T13155,Digital Communication and Language,Physical Sciences,Computer Science,Human-Computer Interaction,3936,1743,78,1740,2.2581755593803785,4.482758620689655
T12642,Polymer-Based Agricultural Enhancements,Physical Sciences,Engineering,Biomedical Engineering,3935,1719,66,1717,2.2891215823152997,3.8439138031450204
T13497,Hermeneutics and Narrative Identity,Social Sciences,Arts and Humanities,Philosophy,3931,1443,26,1439,2.724185724185724,1.8068102849200833
T11595,Textile materials and evaluations,Physical Sciences,Materials Science,Polymers and Plastics,3925,1951,55,1949,2.0117888262429524,2.8219599794766546
T12855,Peanut Plant Research Studies,Life Sciences,Agricultural and Biological Sciences,Plant Science,3924,1951,41,1950,2.0112762685802155,2.1025641025641026
T12289,Library Science and Administration,Social Sciences,Social Sciences,Library and Information Sciences,3924,1830,96,1828,2.144262295081967,5.25164113785558
T11289,Single-cell and spatial transcriptomics,Life Sciences,"Biochemistry, Genetics and Molecular Biology",Molecular Biology,3923,2166,284,2159,1.8111726685133887,13.154238073182029
T12478,Wikis in Education and Collaboration,Social Sciences,Social Sciences,Communication,3908,1731,66,1729,2.2576545349508956,3.8172353961827645
T11407,Innovative Microfluidic and Catalytic Techniques Innovation,Physical Sciences,Engineering,Biomedical Engineering,3905,2183,99,2180,1.788822721026111,4.541284403669724
T11193,Adenosine and Purinergic Signaling,Life Sciences,"Biochemistry, Genetics and Molecular Biology",Physiology,3899,2222,38,2222,1.7547254725472547,1.7101710171017102
T12002,"Computability, Logic, AI Algorithms",Physical Sciences,Computer Science,Computational Theory and Mathematics,3897,1347,117,1342,2.893095768374165,8.71833084947839
T12090,Language and cultural evolution,Social Sciences,Social Sciences,Cultural Studies,3895,1553,106,1540,2.5080489375402446,6.883116883116883
T14115,Legal processes and jurisprudence,Social Sciences,Social Sciences,Law,3893,1976,194,1974,1.9701417004048583,9.827760891590678
T12789,Planarian Biology and Electrostimulation,Life Sciences,"Biochemistry, Genetics and Molecular Biology",Molecular Biology,3892,1587,50,1585,2.4524259609325774,3.1545741324921135
T13303,Asian Culture and Media Studies,Social Sciences,Social Sciences,Cultural Studies,3886,1781,79,1775,2.1819202695115103,4.450704225352113
T14113,Global Socioeconomic and Political Dynamics,Social Sciences,"Economics, Econometrics and Finance",Economics and Econometrics,3880,970,144,960,4.0,15.0
T14209,Public health and occupational medicine,Social Sciences,Social Sciences,Political Science and International Relations,3871,704,49,696,5.498579545454546,7.040229885057471
T12657,Phytochemistry Medicinal Plant Applications,Life Sciences,Agricultural and Biological Sciences,Plant Science,3870,1981,44,1980,1.9535588086824835,2.2222222222222223
T10592,Fusion materials and technologies,Physical Sciences,Materials Science,Materials Chemistry,3869,2690,141,2689,1.4382899628252788,5.243584975827445
T14308,Psychological and Educational Research Studies,Social Sciences,Psychology,Experimental and Cognitive Psychology,3868,1198,44,1198,3.2287145242070117,3.672787979966611
T10519,Advanced Proteomics Techniques and Applications,Physical Sciences,Chemistry,Spectroscopy,3860,2498,96,2497,1.545236188951161,3.844613536243492
T13869,Ocular and Laser Science Research,Health Sciences,Medicine,Ophthalmology,3856,1594,29,1594,2.4190715181932245,1.819322459222083
T12397,Critical Theory and Philosophy,Social Sciences,Social Sciences,Sociology and Political Science,3856,1386,33,1385,2.782106782106782,2.3826714801444044
T10787,Lightning and Electromagnetic Phenomena,Physical Sciences,Physics and Astronomy,Astronomy and Astrophysics,3854,1880,67,1878,2.05,3.5676251331203406
T10791,Advanced Control Systems Optimization,Physical Sciences,Engineering,Control and Systems Engineering,3853,1823,66,1823,2.1135490948985187,3.6204059243006035
T10551,Scheduling and Optimization Algorithms,Physical Sciences,Engineering,Industrial and Manufacturing Engineering,3849,1366,60,1366,2.8177159590043925,4.392386530014641
T13164,Quality and Management Systems,Social Sciences,"Business, Management and Accounting",Strategy and Management,3836,1435,61,1434,2.6731707317073172,4.253835425383542
T12900,Organ and Tissue Transplantation Research,Health Sciences,Medicine,Transplantation,3831,2084,73,2080,1.8382917466410749,3.5096153846153846
T11204,Ion Channels and Receptors,Life Sciences,Neuroscience,Sensory Systems,3831,1637,37,1637,2.3402565668906536,2.2602321319486864
T12309,solar cell performance optimization,Physical Sciences,Engineering,Electrical and Electronic Engineering,3826,1688,139,1686,2.2665876777251186,8.244365361803084
T11477,"Epistemology, Ethics, and Metaphysics",Social Sciences,Arts and Humanities,Philosophy,3822,1357,65,1357,2.8165070007369195,4.789977892409727
T12698,3D Modeling in Geospatial Applications,Physical Sciences,Engineering,Building and Construction,3804,1510,95,1507,2.519205298013245,6.303915063039151
T10461,Gas Sensing Nanomaterials and Sensors,Physical Sciences,Engineering,Electrical and Electronic Engineering,3802,2485,94,2485,1.5299798792756538,3.782696177062374
T10591,Theoretical and Computational Physics,Physical Sciences,Physics and Astronomy,Condensed Matter Physics,3793,1534,39,1534,2.4726205997392436,2.542372881355932
T14463,Diverse Scientific Research Studies,Health Sciences,Health Professions,General Health Professions,3791,1326,66,1326,2.858974358974359,4.97737556561086
T13071,Digital Storytelling and Education,Health Sciences,Health Professions,Speech and Hearing,3784,1962,81,1961,1.9286442405708462,4.130545639979602
T14510,Medical Imaging and Analysis,Physical Sciences,Engineering,Biomedical Engineering,3783,1697,92,1694,2.229228049499116,5.430932703659977
T13407,Regional Development and Management Studies,Social Sciences,"Economics, Econometrics and Finance",Economics and Econometrics,3781,1108,124,1105,3.4124548736462095,11.221719457013574
T12594,Collaboration in agile enterprises,Social Sciences,"Business, Management and Accounting",Management of Technology and Innovation,3777,1500,113,1499,2.518,7.538358905937292
T10567,Vehicle Routing Optimization Methods,Physical Sciences,Engineering,Industrial and Manufacturing Engineering,3758,2024,47,2022,1.8567193675889329,2.324431256181998
T12199,Vascular Anomalies and Treatments,Health Sciences,Medicine,Genetics,3758,2216,75,2212,1.6958483754512634,3.390596745027125
T10709,Social Robot Interaction and HRI,Social Sciences,Psychology,Social Psychology,3753,1707,151,1696,2.1985940246045694,8.903301886792454
T12524,Chemical Synthesis and Characterization,Physical Sciences,Environmental Science,Industrial and Manufacturing Engineering,3745,2187,40,2187,1.7123914037494283,1.828989483310471
T12818,"Pneumothorax, Barotrauma, Emphysema",Health Sciences,Medicine,Pulmonary and Respiratory Medicine,3742,1606,42,1604,2.3300124533001245,2.6184538653366585
T10679,Service-Oriented Architecture and Web Services,Physical Sciences,Computer Science,Information Systems,3740,2349,60,2349,1.5921668795232014,2.554278416347382
T11910,Foreign Body Medical Cases,Health Sciences,Medicine,"Radiology, Nuclear Medicine and Imaging",3738,2060,63,2052,1.8145631067961165,3.0701754385964914
T13081,Digital Education and Society,Physical Sciences,Computer Science,Information Systems,3737,613,128,588,6.096247960848287,21.768707482993197
T13926,"Feminism, Gender, and Sexuality Studies",Social Sciences,Social Sciences,Gender Studies,3724,1310,56,1304,2.8427480916030534,4.294478527607362
T12597,Fire Detection and Safety Systems,Physical Sciences,Engineering,"Safety, Risk, Reliability and Quality",3717,1416,150,1414,2.625,10.608203677510609
T14089,Nanotechnology research and applications,Physical Sciences,Engineering,Biomedical Engineering,3714,1203,31,1202,3.0872817955112217,2.579034941763727
T12753,"Psychology, Coaching, and Therapy",Social Sciences,Psychology,Social Psychology,3710,1725,113,1721,2.1507246376811593,6.5659500290528765
T10191,Robotics and Sensor-Based Localization,Physical Sciences,Engineering,Aerospace Engineering,3706,2308,155,2307,1.6057192374350087,6.718682271348071
T10148,Advanced MIMO Systems Optimization,Physical Sciences,Engineering,Electrical and Electronic Engineering,3704,2213,206,2213,1.6737460460912787,9.308630817894262
T12814,Gaussian Processes and Bayesian Inference,Physical Sciences,Computer Science,Artificial Intelligence,3704,751,37,750,4.932090545938748,4.933333333333334
T11352,Masonry and Concrete Structural Analysis,Physical Sciences,Engineering,Civil and Structural Engineering,3698,1537,36,1534,2.405985686402082,2.346805736636245
T13238,Botanical Studies and Applications,Life Sciences,Agricultural and Biological Sciences,Plant Science,3694,1696,47,1696,2.178066037735849,2.7712264150943398
T10437,Educational theories and practices,Social Sciences,Social Sciences,Education,3693,1030,46,1030,3.5854368932038834,4.466019417475728
T10738,Posthumanist Ethics and Activism,Social Sciences,Social Sciences,Cultural Studies,3693,1238,54,1236,2.983037156704362,4.368932038834951
T12911,Water Resources and Sustainability,Physical Sciences,Environmental Science,Water Science and Technology,3692,756,37,749,4.883597883597884,4.939919893190921
T12433,Skin Diseases and Diabetes,Health Sciences,Medicine,Dermatology,3685,1802,49,1798,2.0449500554938957,2.725250278086763
T10736,Hydrogen embrittlement and corrosion behaviors in metals,Physical Sciences,Materials Science,Metals and Alloys,3684,2517,70,2517,1.4636471990464839,2.7810885975367503
T11591,NF-κB Signaling Pathways,Life Sciences,"Biochemistry, Genetics and Molecular Biology",Cancer Research,3683,2379,16,2379,1.548129466162253,0.6725514922236234
T11580,Veterinary Medicine and Surgery,Health Sciences,Veterinary,Small Animals,3682,1978,57,1974,1.8614762386248735,2.8875379939209727
T12323,Asian American and Pacific Histories,Social Sciences,Social Sciences,Cultural Studies,3681,1666,31,1662,2.209483793517407,1.865222623345367
T14280,Big Data Technologies and Applications,Social Sciences,Decision Sciences,Information Systems and Management,3680,897,106,894,4.102564102564102,11.856823266219239
T14239,"Business, Education, Mathematics Research",Social Sciences,"Business, Management and Accounting",Accounting,3673,1099,156,1096,3.3421292083712464,14.233576642335766
T10975,Bone Tumor Diagnosis and Treatments,Health Sciences,Medicine,Rheumatology,3660,2499,54,2499,1.4645858343337335,2.1608643457382954
T12989,Ocular Disorders and Treatments,Life Sciences,"Biochemistry, Genetics and Molecular Biology",Genetics,3659,2257,40,2256,1.621178555604785,1.7730496453900708
T13409,Paleopathology and ancient diseases,Social Sciences,Arts and Humanities,Archeology,3658,1827,54,1825,2.0021893814997265,2.958904109589041
T14258,Legal and Policy Issues,Social Sciences,Social Sciences,Law,3657,942,203,942,3.8821656050955413,21.549893842887474
T10937,"Telomeres, Telomerase, and Senescence",Health Sciences,Medicine,Physiology,3655,2004,48,2003,1.8238522954091816,2.3964053919121318
T12425,Industrial Gas Emission Control,Physical Sciences,Engineering,Mechanical Engineering,3654,1554,38,1553,2.3513513513513513,2.4468770122343853
T11152,Stochastic processes and statistical mechanics,Physical Sciences,Mathematics,Mathematical Physics,3652,1115,12,1115,3.275336322869955,1.0762331838565022
T12901,Tattoo and Body Piercing Complications,Social Sciences,Social Sciences,Cultural Studies,3652,1313,48,1303,2.7814166031987813,3.683806600153492
T13976,Web visibility and informetrics,Physical Sciences,Computer Science,Information Systems,3645,958,15,957,3.8048016701461376,1.567398119122257
T13468,Educational Research and Science Teaching,Life Sciences,Agricultural and Biological Sciences,General Agricultural and Biological Sciences,3644,963,75,962,3.7840083073727935,7.796257796257796
T10054,Parallel Computing and Optimization Techniques,Physical Sciences,Computer Science,Hardware and Architecture,3640,2373,107,2372,1.5339233038348083,4.5109612141652615
T12747,Moyamoya disease diagnosis and treatment,Health Sciences,Medicine,Rheumatology,3636,2011,55,2005,1.808055693684734,2.743142144638404
T11948,Machine Learning in Materials Science,Physical Sciences,Materials Science,Materials Chemistry,3635,1779,350,1760,2.043282743114109,19.886363636363637
T11805,Agricultural economics and policies,Social Sciences,Social Sciences,Safety Research,3634,792,46,791,4.588383838383838,5.815423514538558
T13154,Legal and Regulatory Analysis,Social Sciences,Social Sciences,Transportation,3626,1707,349,1685,2.1241944932630346,20.712166172106826
T13986,Medical Practices and Rehabilitation,Health Sciences,Health Professions,"Physical Therapy, Sports Therapy and Rehabilitation",3624,1699,85,1693,2.133019423190112,5.020673360897814
T12049,Tuberous Sclerosis Complex Research,Health Sciences,Medicine,Physiology,3624,2072,67,2072,1.749034749034749,3.2335907335907335
T13196,Political Theory and Influence,Social Sciences,Social Sciences,Political Science and International Relations,3617,1162,31,1161,3.112736660929432,2.670111972437554
T12700,Doping in Sports,Social Sciences,Social Sciences,Sociology and Political Science,3609,1620,90,1615,2.227777777777778,5.572755417956657
T14079,Mathematics Education and Programs,Physical Sciences,Mathematics,Modeling and Simulation,3593,1065,54,1059,3.3737089201877932,5.09915014164306
T10910,Corporate Governance and Management,Social Sciences,"Business, Management and Accounting",Strategy and Management,3592,1365,61,1365,2.6315018315018315,4.468864468864469
T13171,Polymer Science and PVC,Physical Sciences,Materials Science,Polymers and Plastics,3590,1193,33,1189,3.0092204526404025,2.7754415475189234
T12008,Solar-Powered Water Purification Methods,Physical Sciences,Energy,"Renewable Energy, Sustainability and the Environment",3590,1471,109,1471,2.4405166553365056,7.409925220938137
T13979,Communication and COVID-19 Impact,Social Sciences,Social Sciences,Communication,3582,1621,279,1618,2.2097470697100556,17.24351050679852
T12407,Plant Growth Enhancement Techniques,Life Sciences,Agricultural and Biological Sciences,Plant Science,3579,1905,146,1900,1.8787401574803149,7.684210526315789
T14040,Problem Solving Skills Development,Health Sciences,Health Professions,Speech and Hearing,3577,1220,25,1219,2.931967213114754,2.0508613617719442
T12344,Silicon Effects in Agriculture,Life Sciences,Agricultural and Biological Sciences,Plant Science,3575,1558,57,1557,2.2946084724005136,3.6608863198458574
T12448,Paranormal Experiences and Beliefs,Social Sciences,Psychology,Social Psychology,3575,1137,63,1132,3.144239226033421,5.565371024734982
T11362,Membrane Separation and Gas Transport,Physical Sciences,Engineering,Mechanical Engineering,3574,1479,73,1478,2.416497633536173,4.939106901217862
T12081,Aerodynamics and Fluid Dynamics Research,Physical Sciences,Engineering,Aerospace Engineering,3573,1828,79,1827,1.9545951859956237,4.324028461959497
T12105,Hygrothermal properties of building materials,Physical Sciences,Engineering,Building and Construction,3571,1599,66,1596,2.233270794246404,4.135338345864661
T12666,Historical Psychiatry and Medical Practices,Social Sciences,Psychology,Clinical Psychology,3555,1837,38,1833,1.9352204681546,2.073104200763775
T12261,Statistical Mechanics and Entropy,Physical Sciences,Physics and Astronomy,Statistical and Nonlinear Physics,3555,1026,22,1026,3.4649122807017543,2.1442495126705654
T14138,Life Cycle Costing Analysis,Social Sciences,"Business, Management and Accounting",Accounting,3550,1119,43,1119,3.1724754244861484,3.842716711349419
T11254,Fluid Dynamics and Vibration Analysis,Physical Sciences,Engineering,Computational Mechanics,3550,2411,58,2411,1.4724180837826628,2.4056408129406885
T13830,Educational Curriculum and Learning Methods,Social Sciences,Social Sciences,Education,3549,1113,157,1113,3.188679245283019,14.106019766397125
T13323,Spinal Hematomas and Complications,Health Sciences,Medicine,Surgery,3547,1763,24,1760,2.0119115144639816,1.3636363636363635
T12419,Phonocardiography and Auscultation Techniques,Health Sciences,Medicine,Pulmonary and Respiratory Medicine,3543,1447,83,1440,2.4485141672425708,5.763888888888889
T12119,Linguistics and Discourse Analysis,Social Sciences,Arts and Humanities,Philosophy,3536,1980,68,1980,1.7858585858585858,3.4343434343434343
T11181,Advanced Data Storage Technologies,Physical Sciences,Computer Science,Computer Networks and Communications,3523,1850,116,1849,1.9043243243243244,6.273661438615468
T11126,Metallurgical Processes and Thermodynamics,Physical Sciences,Engineering,Mechanical Engineering,3523,2050,64,2050,1.7185365853658536,3.1219512195121952
T10660,Conducting polymers and applications,Physical Sciences,Materials Science,Polymers and Plastics,3520,2662,134,2661,1.322314049586777,5.035700864336715
T13807,Cultural Insights and Digital Impacts,Physical Sciences,Computer Science,Computer Networks and Communications,3513,1445,95,1441,2.431141868512111,6.59264399722415
T13378,Agricultural Development and Policies,Life Sciences,Agricultural and Biological Sciences,Agronomy and Crop Science,3511,364,58,363,9.645604395604396,15.977961432506888
T12169,Non-Destructive Testing Techniques,Physical Sciences,Engineering,Mechanical Engineering,3507,2247,60,2247,1.560747663551402,2.67022696929239
T13925,Offshore Engineering and Technologies,Physical Sciences,Engineering,Ocean Engineering,3507,1374,76,1372,2.552401746724891,5.539358600583091
T14465,"Leadership, Behavior, and Decision-Making Studies",Social Sciences,Decision Sciences,Management Science and Operations Research,3501,572,34,571,6.120629370629371,5.954465849387041
T10772,Distributed systems and fault tolerance,Physical Sciences,Computer Science,Computer Networks and Communications,3498,2107,57,2105,1.6601803512102515,2.7078384798099764
T10002,Advanced Chemical Physics Studies,Physical Sciences,Physics and Astronomy,"Atomic and Molecular Physics, and Optics",3490,1954,26,1953,1.7860798362333674,1.3312852022529442
T13448,Indigenous Cultures and Socio-Education,Social Sciences,Social Sciences,Cultural Studies,3488,1002,49,1001,3.4810379241516967,4.895104895104895
T11104,"Memory, Trauma, and Commemoration",Social Sciences,Psychology,Social Psychology,3487,1808,65,1806,1.928650442477876,3.5991140642303434
T12694,"Categorization, perception, and language",Social Sciences,Psychology,Experimental and Cognitive Psychology,3482,1348,24,1347,2.583086053412463,1.78173719376392
T12992,Metastasis and carcinoma case studies,Health Sciences,Medicine,Pulmonary and Respiratory Medicine,3475,2055,63,2053,1.6909975669099757,3.0686799805163174
T11650,Skin and Cellular Biology Research,Life Sciences,"Biochemistry, Genetics and Molecular Biology",Cell Biology,3471,2221,68,2221,1.5628095452498874,3.061683926159388
T10920,Advanced Drug Delivery Systems,Life Sciences,"Pharmacology, Toxicology and Pharmaceutics",Pharmaceutical Science,3471,1940,44,1938,1.7891752577319588,2.2703818369453046
T11657,Digital and Traditional Archives Management,Social Sciences,Arts and Humanities,Conservation,3469,1845,135,1844,1.8802168021680217,7.321041214750542
T14235,"Linguistic, Cultural, and Literary Studies",Social Sciences,Social Sciences,Sociology and Political Science,3469,1867,359,1844,1.8580610605249062,19.468546637744033
T10513,Natural Fiber Reinforced Composites,Physical Sciences,Materials Science,Polymers and Plastics,3467,2137,94,2136,1.6223678053345811,4.400749063670412
T10934,Heat shock proteins research,Life Sciences,"Biochemistry, Genetics and Molecular Biology",Molecular Biology,3467,2075,20,2075,1.6708433734939758,0.963855421686747
T12367,Dental Trauma and Treatments,Health Sciences,Health Professions,Emergency Medical Services,3465,1870,33,1870,1.8529411764705883,1.7647058823529411
T11149,Veterinary Oncology Research,Health Sciences,Medicine,Pulmonary and Respiratory Medicine,3464,1843,54,1841,1.8795442213781877,2.933188484519283
T10036,Advanced Neural Network Applications,Physical Sciences,Computer Science,Computer Vision and Pattern Recognition,3462,1630,296,1628,2.1239263803680983,18.181818181818183
T10297,Philosophical Ethics and Theory,Social Sciences,Arts and Humanities,Philosophy,3458,1246,19,1244,2.7752808988764044,1.527331189710611
T14160,Water management and technologies,Life Sciences,Agricultural and Biological Sciences,"Ecology, Evolution, Behavior and Systematics",3457,1230,57,1227,2.810569105691057,4.645476772616137
T13214,Powdery Mildew Fungal Diseases,Life Sciences,Agricultural and Biological Sciences,Plant Science,3446,1786,47,1786,1.929451287793953,2.6315789473684212
T13539,thermodynamics and calorimetric analyses,Physical Sciences,Chemistry,Physical and Theoretical Chemistry,3446,1782,14,1782,1.9337822671156004,0.7856341189674523
T12522,Mathematics Education and Pedagogy,Physical Sciences,Mathematics,Applied Mathematics,3443,1084,75,1084,3.17619926199262,6.918819188191882
T13970,Pharmacy and Medical Practices,Life Sciences,"Pharmacology, Toxicology and Pharmaceutics",Pharmacology,3434,1372,41,1370,2.502915451895044,2.9927007299270074
T10848,Advanced Multi-Objective Optimization Algorithms,Physical Sciences,Computer Science,Computational Theory and Mathematics,3433,1572,32,1572,2.1838422391857506,2.035623409669211
T10806,Energetic Materials and Combustion,Physical Sciences,Engineering,Mechanics of Materials,3418,2311,44,2310,1.4790134141064475,1.9047619047619047
T11962,Cardiac Fibrosis and Remodeling,Health Sciences,Medicine,Cardiology and Cardiovascular Medicine,3417,1865,52,1857,1.832171581769437,2.8002154011847065
T11360,Flame retardant materials and properties,Physical Sciences,Materials Science,Polymers and Plastics,3415,1362,44,1362,2.5073421439060204,3.2305433186490453
T11971,"World Wars: History, Literature, and Impact",Social Sciences,Social Sciences,Political Science and International Relations,3409,1624,26,1623,2.0991379310344827,1.6019716574245224
T13068,Ancient Mediterranean Archaeology and History,Social Sciences,Arts and Humanities,Archeology,3409,2339,111,2338,1.4574604531851219,4.74764756201882
T11008,Aerodynamics and Acoustics in Jet Flows,Physical Sciences,Engineering,Aerospace Engineering,3406,1977,46,1976,1.7228123419322205,2.327935222672065
T12951,Burkholderia infections and melioidosis,Health Sciences,Medicine,Epidemiology,3406,1492,63,1491,2.2828418230563003,4.225352112676056
T10792,Matrix Theory and Algorithms,Physical Sciences,Computer Science,Computational Theory and Mathematics,3393,1338,7,1338,2.5358744394618835,0.523168908819133
T11162,Enzyme Structure and Function,Physical Sciences,Materials Science,Materials Chemistry,3383,2303,92,2303,1.4689535388623534,3.994789405123752
T14181,Academic Freedom and Politics,Social Sciences,Social Sciences,Political Science and International Relations,3376,1154,57,1145,2.9254766031195842,4.978165938864628
T14285,Biopolymer Synthesis and Applications,Life Sciences,"Biochemistry, Genetics and Molecular Biology",Molecular Biology,3373,1536,24,1535,2.1959635416666665,1.5635179153094463
T12671,Management and Marketing Education,Social Sciences,"Business, Management and Accounting",Management of Technology and Innovation,3370,1564,18,1563,2.1547314578005117,1.1516314779270633
T14289,"Anthropology: Ethics, History, Culture",Social Sciences,Social Sciences,Anthropology,3368,1242,27,1239,2.711755233494364,2.179176755447942
T12413,Health and Medical Education,Health Sciences,Health Professions,General Health Professions,3360,1382,82,1382,2.431259044862518,5.933429811866859
T11837,Iron and Steelmaking Processes,Physical Sciences,Engineering,Mechanical Engineering,3354,1323,97,1321,2.5351473922902494,7.342922028766086
T13326,Biochemical and Structural Characterization,Life Sciences,"Biochemistry, Genetics and Molecular Biology",Molecular Biology,3354,1957,41,1956,1.713847726111395,2.096114519427403
T14199,Historical and Scientific Studies,Health Sciences,Medicine,Pathology and Forensic Medicine,3354,1472,45,1469,2.2785326086956523,3.0633083730428865
T12865,Tailings Management and Properties,Physical Sciences,Engineering,Civil and Structural Engineering,3353,1186,68,1176,2.827150084317032,5.782312925170068
T14150,Biochemical and biochemical processes,Life Sciences,"Biochemistry, Genetics and Molecular Biology",Biotechnology,3348,1729,41,1728,1.9363794100636207,2.372685185185185
T12719,Aerospace Engineering and Energy Systems,Physical Sciences,Engineering,Aerospace Engineering,3337,989,56,987,3.374115267947422,5.673758865248227
T10610,Advanced Cellulose Research Studies,Physical Sciences,Materials Science,Biomaterials,3331,2193,88,2190,1.5189238486092111,4.018264840182648
T10712,Library Science and Information Literacy,Social Sciences,Social Sciences,Library and Information Sciences,3325,1786,46,1784,1.8617021276595744,2.57847533632287
T10024,TiO2 Photocatalysis and Solar Cells,Physical Sciences,Energy,"Renewable Energy, Sustainability and the Environment",3324,1826,60,1825,1.8203723986856517,3.287671232876712
T12867,Advanced Biosensing Techniques and Applications,Life Sciences,"Biochemistry, Genetics and Molecular Biology",Molecular Biology,3321,1983,58,1982,1.674735249621785,2.9263370332996974
T12031,Speech and dialogue systems,Physical Sciences,Computer Science,Artificial Intelligence,3314,1761,103,1758,1.881885292447473,5.858930602957907
T12190,Innovations in Concrete and Construction Materials,Physical Sciences,Engineering,Building and Construction,3300,1928,125,1928,1.7116182572614107,6.483402489626556
T12641,Historical and socio-economic studies of Spain and related regio,Social Sciences,"Economics, Econometrics and Finance",Economics and Econometrics,3300,1517,111,1513,2.175346077785102,7.336417713152676
T12962,Nephrotoxicity and Medicinal Plants,Health Sciences,Medicine,"Radiology, Nuclear Medicine and Imaging",3295,1379,21,1379,2.389412617839014,1.5228426395939085
T14017,Legal Issues in Education,Social Sciences,Social Sciences,Law,3289,928,49,925,3.5441810344827585,5.297297297297297
T13151,Business Strategies and Innovation,Social Sciences,"Business, Management and Accounting",Strategy and Management,3280,857,39,854,3.8273045507584595,4.566744730679157
T12607,Personal Information Management and User Behavior,Social Sciences,Decision Sciences,Information Systems and Management,3279,1476,61,1469,2.2215447154471546,4.152484683458135
T12072,Machine Learning and Algorithms,Physical Sciences,Computer Science,Artificial Intelligence,3272,1144,69,1140,2.86013986013986,6.052631578947368
T10977,Optical Imaging and Spectroscopy Techniques,Health Sciences,Medicine,"Radiology, Nuclear Medicine and Imaging",3261,1959,73,1954,1.664624808575804,3.735926305015353
T13090,Medicinal Plant Extracts Effects,Health Sciences,Medicine,Complementary and alternative medicine,3257,1235,26,1232,2.637246963562753,2.1103896103896105
T14323,"Agriculture, Water, and Health",Physical Sciences,Environmental Science,Water Science and Technology,3251,592,88,587,5.491554054054054,14.991482112436115
T14214,Space Exploration and Technology,Physical Sciences,Engineering,Aerospace Engineering,3248,1953,50,1952,1.6630824372759856,2.5614754098360657
T11351,Catalysis and Hydrodesulfurization Studies,Physical Sciences,Engineering,Mechanical Engineering,3247,1788,51,1788,1.8159955257270695,2.8523489932885906
T11576,IgG4-Related and Inflammatory Diseases,Health Sciences,Medicine,Rheumatology,3240,1909,59,1906,1.6972236773179674,3.0954879328436515
T10470,Usability and User Interface Design,Physical Sciences,Computer Science,Human-Computer Interaction,3239,1640,26,1639,1.975,1.586333129957291
T10780,Reliability and Maintenance Optimization,Physical Sciences,Engineering,"Safety, Risk, Reliability and Quality",3236,1634,49,1634,1.9804161566707466,2.998776009791922
T12894,Date Palm Research Studies,Life Sciences,Agricultural and Biological Sciences,Plant Science,3235,1584,79,1583,2.0422979797979797,4.990524320909665
T14475,History of Science and Medicine,Social Sciences,Arts and Humanities,History and Philosophy of Science,3234,1373,32,1370,2.355426074289876,2.335766423357664
T12408,Educational Innovations and Challenges,Physical Sciences,Computer Science,Information Systems,3234,734,117,734,4.405994550408719,15.940054495912806
T10321,Quantum Dots Synthesis And Properties,Physical Sciences,Materials Science,Materials Chemistry,3232,2119,69,2119,1.5252477583765927,3.2562529495044834
T13742,Metallurgy and Cultural Artifacts,Social Sciences,Social Sciences,Archeology,3232,1397,63,1394,2.313528990694345,4.519368723098996
T12275,Gender and Feminist Studies,Social Sciences,Social Sciences,Gender Studies,3229,1285,101,1282,2.51284046692607,7.878315132605304
T12603,NMR spectroscopy and applications,Physical Sciences,Physics and Astronomy,Nuclear and High Energy Physics,3227,1811,22,1811,1.781888459414688,1.2147984538928769
T10906,AI-based Problem Solving and Planning,Physical Sciences,Computer Science,Artificial Intelligence,3223,1437,72,1429,2.2428670842032012,5.038488453463961
T11269,Algorithms and Data Compression,Physical Sciences,Computer Science,Artificial Intelligence,3223,1316,43,1316,2.4490881458966567,3.2674772036474162
T14282,"Security, Politics, and Digital Transformation",Social Sciences,Social Sciences,Political Science and International Relations,3221,1212,246,1183,2.657590759075908,20.794590025359255
T14424,Economic Analysis and Policy,Social Sciences,"Economics, Econometrics and Finance",Economics and Econometrics,3220,766,56,764,4.203655352480418,7.329842931937173
T10963,Advanced Optimization Algorithms Research,Physical Sciences,Mathematics,Numerical Analysis,3216,1432,14,1432,2.2458100558659218,0.9776536312849162
T10472,Semiconductor materials and devices,Physical Sciences,Engineering,Electrical and Electronic Engineering,3204,2386,73,2386,1.3428331936295055,3.0595138306789607
T13745,Media and Digital Communication,Physical Sciences,Computer Science,Computer Networks and Communications,3189,1558,143,1557,2.046854942233633,9.184328837508028
T11851,Electromagnetic Compatibility and Measurements,Physical Sciences,Engineering,Electrical and Electronic Engineering,3188,765,29,765,4.167320261437909,3.7908496732026142
T10286,Information Retrieval and Search Behavior,Physical Sciences,Computer Science,Information Systems,3186,1141,31,1139,2.7922874671340927,2.7216856892010535
T11800,User Authentication and Security Systems,Physical Sciences,Computer Science,Information Systems,3180,1654,79,1653,1.9226118500604594,4.779189352692075
T11529,Refrigeration and Air Conditioning Technologies,Physical Sciences,Engineering,Mechanical Engineering,3174,1723,112,1723,1.8421358096343587,6.500290191526408
T13781,Coleoptera: Cerambycidae studies,Life Sciences,Agricultural and Biological Sciences,"Ecology, Evolution, Behavior and Systematics",3173,1528,40,1526,2.076570680628272,2.6212319790301444
T10664,Sentiment Analysis and Opinion Mining,Physical Sciences,Computer Science,Artificial Intelligence,3169,1433,181,1428,2.211444521981856,12.675070028011204
T12356,Bioactive Compounds and Antitumor Agents,Life Sciences,"Pharmacology, Toxicology and Pharmaceutics",Toxicology,3167,1812,19,1812,1.7477924944812362,1.0485651214128036
T10911,Chemical Synthesis and Analysis,Life Sciences,"Biochemistry, Genetics and Molecular Biology",Molecular Biology,3163,2108,52,2106,1.5004743833017078,2.4691358024691357
T12056,Markov Chains and Monte Carlo Methods,Physical Sciences,Mathematics,Statistics and Probability,3158,857,15,856,3.6849474912485416,1.7523364485981308
T12915,Biochemical Acid Research Studies,Life Sciences,"Biochemistry, Genetics and Molecular Biology",Biochemistry,3157,1706,21,1704,1.85052754982415,1.232394366197183
T14119,Agricultural and Environmental Management,Social Sciences,Social Sciences,Demography,3156,830,56,829,3.802409638554217,6.7551266586248495
T14503,"Globalization, Economics, and Policies",Social Sciences,"Economics, Econometrics and Finance",Economics and Econometrics,3153,712,42,709,4.428370786516854,5.923836389280677
T12591,Inclusive Education and Diversity,Social Sciences,Social Sciences,Education,3151,1022,87,1021,3.083170254403131,8.521057786483839
T14015,Otitis Media and Relapsing Polychondritis,Health Sciences,Medicine,Rheumatology,3150,1597,88,1595,1.9724483406386975,5.517241379310345
T13643,Artificial Intelligence in Law,Social Sciences,Social Sciences,Political Science and International Relations,3149,1130,239,1123,2.786725663716814,21.282279608192344
T12725,transportation and logistics systems,Social Sciences,Social Sciences,Transportation,3149,570,40,567,5.524561403508772,7.054673721340388
T14423,Military Technology and Strategies,Physical Sciences,Engineering,Aerospace Engineering,3146,1649,359,1627,1.9078229229836265,22.06515058389674
T13725,Pineapple and bromelain studies,Life Sciences,"Biochemistry, Genetics and Molecular Biology",Molecular Biology,3144,1656,27,1656,1.8985507246376812,1.6304347826086956
T11784,CO2 Reduction Techniques and Catalysts,Physical Sciences,Energy,"Renewable Energy, Sustainability and the Environment",3140,1170,101,1169,2.6837606837606836,8.639863130881094
T11297,Ferroptosis and cancer prognosis,Health Sciences,Medicine,Pulmonary and Respiratory Medicine,3136,1511,162,1508,2.0754467240238252,10.742705570291777
T13383,Tumors and Oncological Cases,Health Sciences,Medicine,Pathology and Forensic Medicine,3133,1879,49,1879,1.667376263970197,2.607770090473656
T12649,Alkaloids: synthesis and pharmacology,Life Sciences,"Pharmacology, Toxicology and Pharmaceutics",Pharmacology,3132,1513,49,1505,2.0700594844679445,3.255813953488372
T10039,"Stellar, planetary, and galactic studies",Physical Sciences,Physics and Astronomy,Astronomy and Astrophysics,3131,2460,38,2459,1.2727642276422764,1.5453436356242376
T13639,Paraquat toxicity studies and treatments,Health Sciences,Medicine,Surgery,3130,1179,14,1179,2.6547921967769295,1.1874469889737065
T13991,Nuclear Receptors and Signaling,Life Sciences,Neuroscience,Cellular and Molecular Neuroscience,3128,1768,34,1768,1.7692307692307692,1.9230769230769231
T13361,Coconut Research and Applications,Physical Sciences,Chemistry,Inorganic Chemistry,3128,1355,24,1353,2.3084870848708485,1.7738359201773837
T13729,Korean Urban and Social Studies,Physical Sciences,Environmental Science,"Management, Monitoring, Policy and Law",3126,809,58,806,3.8640296662546354,7.196029776674938
T13500,Probability and Statistical Research,Physical Sciences,Mathematics,Statistics and Probability,3126,559,35,556,5.5921288014311274,6.294964028776978
T13972,Business Law and Ethics,Social Sciences,"Business, Management and Accounting",Accounting,3123,1097,67,1094,2.846855059252507,6.124314442413163
T11279,Lanthanide and Transition Metal Complexes,Physical Sciences,Materials Science,Materials Chemistry,3122,1987,40,1985,1.5712128837443382,2.0151133501259446
T13967,"Conservation, Ecology, Wildlife Education",Physical Sciences,Environmental Science,"Management, Monitoring, Policy and Law",3120,874,56,867,3.5697940503432495,6.459054209919262
T12039,Electron and X-Ray Spectroscopy Techniques,Physical Sciences,Materials Science,"Surfaces, Coatings and Films",3119,1615,54,1614,1.9312693498452012,3.345724907063197
T13836,Educational Research and Pedagogy,Physical Sciences,Computer Science,Computer Networks and Communications,3114,986,68,986,3.158215010141988,6.896551724137931
T11478,Caching and Content Delivery,Physical Sciences,Computer Science,Computer Networks and Communications,3107,1653,79,1653,1.8796128251663642,4.779189352692075
T14384,Ophthalmology and Visual Health Research,Health Sciences,Medicine,Ophthalmology,3099,1423,53,1418,2.1777933942375265,3.7376586741889986
T14245,Biomarkers in Disease Mechanisms,Life Sciences,Immunology and Microbiology,Immunology,3092,1151,50,1150,2.686359687228497,4.3478260869565215
T12254,Machine Learning in Bioinformatics,Life Sciences,"Biochemistry, Genetics and Molecular Biology",Molecular Biology,3088,1581,138,1575,1.9531941808981657,8.761904761904763
T10743,Software Testing and Debugging Techniques,Physical Sciences,Computer Science,Software,3088,2041,102,2041,1.5129838314551691,4.997550220480157
T13828,Natural Products and Biological Research,Health Sciences,Medicine,Surgery,3086,1045,24,1044,2.95311004784689,2.2988505747126435
T13722,Ergonomics and Human Factors,Physical Sciences,Engineering,Biomedical Engineering,3075,1176,64,1175,2.614795918367347,5.446808510638298
T13764,Political theory and Gramsci,Social Sciences,Social Sciences,Sociology and Political Science,3073,1029,23,1027,2.9863945578231292,2.239532619279455
T13190,Engineering and Environmental Studies,Physical Sciences,Engineering,Ocean Engineering,3058,376,15,376,8.132978723404255,3.9893617021276597
T14514,Medical Research and Practices,Health Sciences,Health Professions,Medical Terminology,3057,1087,35,1081,2.812327506899724,3.2377428307123033
T14081,Linguistic Education and Pedagogy,Social Sciences,Arts and Humanities,Language and Linguistics,3056,1473,80,1470,2.0746775288526815,5.442176870748299
T11255,Microfluidic and Bio-sensing Technologies,Physical Sciences,Engineering,Biomedical Engineering,3048,1936,36,1936,1.5743801652892562,1.859504132231405
T10828,Biometric Identification and Security,Physical Sciences,Computer Science,Signal Processing,3048,1502,63,1499,2.029294274300932,4.202801867911941
T12087,Natural Compound Pharmacology Studies,Life Sciences,Agricultural and Biological Sciences,Plant Science,3045,1229,25,1228,2.4776240846216435,2.035830618892508
T12481,Digital Accessibility for Disabilities,Social Sciences,Social Sciences,Human Factors and Ergonomics,3045,1440,78,1438,2.1145833333333335,5.4242002781641165
T13762,Education and Labor Relations,Social Sciences,Social Sciences,Political Science and International Relations,3044,720,67,712,4.227777777777778,9.410112359550562
T13046,Electrokinetic Soil Remediation Techniques,Physical Sciences,Engineering,Electrical and Electronic Engineering,3043,1470,21,1470,2.0700680272108842,1.4285714285714286
T12283,Latin American history and culture,Social Sciences,Arts and Humanities,Visual Arts and Performing Arts,3042,1782,43,1782,1.707070707070707,2.4130190796857462
T12135,Fuzzy Systems and Optimization,Physical Sciences,Mathematics,Statistics and Probability,3038,968,12,967,3.1384297520661155,1.2409513960703207
T13648,Cerebrovascular and genetic disorders,Health Sciences,Medicine,Neurology,3035,1139,50,1138,2.6646180860403863,4.393673110720562
T13785,Aquatic and Environmental Studies,Physical Sciences,Earth and Planetary Sciences,Earth-Surface Processes,3026,1193,22,1191,2.536462699077955,1.8471872376154492
T12001,Fossil Insects in Amber,Life Sciences,Agricultural and Biological Sciences,"Ecology, Evolution, Behavior and Systematics",3022,1645,30,1644,1.8370820668693009,1.8248175182481752
T14326,Ear and Head Tumors,Health Sciences,Medicine,Oncology,3021,1878,30,1878,1.6086261980830672,1.597444089456869
T11736,Histone Deacetylase Inhibitors Research,Life Sciences,"Biochemistry, Genetics and Molecular Biology",Molecular Biology,3019,1826,60,1825,1.6533406352683462,3.287671232876712
T12821,Geological Formations and Processes Exploration,Physical Sciences,Earth and Planetary Sciences,Geophysics,3019,1579,33,1579,1.9119696010132996,2.0899303356554784
T12482,Tunneling and Rock Mechanics,Physical Sciences,Engineering,Civil and Structural Engineering,3013,1635,45,1633,1.8428134556574924,2.7556644213104717
T12711,Immigration and Intercultural Education,Social Sciences,Social Sciences,Cultural Studies,3007,1226,92,1221,2.4526916802610113,7.534807534807535
T11814,Advanced Manufacturing and Logistics Optimization,Physical Sciences,Engineering,Industrial and Manufacturing Engineering,3007,1720,119,1720,1.7482558139534883,6.9186046511627906
T13721,Political Science Research and Education,Social Sciences,Social Sciences,Political Science and International Relations,3005,946,42,945,3.1765327695560255,4.444444444444445
T12373,Linguistic research and analysis,Social Sciences,Arts and Humanities,Language and Linguistics,3001,1469,83,1466,2.0428863172226004,5.661664392905866
T10331,Video Surveillance and Tracking Methods,Physical Sciences,Computer Science,Computer Vision and Pattern Recognition,2998,1887,131,1887,1.5887652358240594,6.94223635400106
T13917,Engineering and Material Science Research,Physical Sciences,Materials Science,General Materials Science,2997,1231,51,1231,2.4346060113728676,4.1429731925264015
T10824,Image Retrieval and Classification Techniques,Physical Sciences,Computer Science,Computer Vision and Pattern Recognition,2991,1613,45,1611,1.8543087414755115,2.793296089385475
T11975,Evolutionary Algorithms and Applications,Physical Sciences,Computer Science,Artificial Intelligence,2989,1248,60,1247,2.395032051282051,4.811547714514836
T13826,"Bangladesh Politics, Society, and Development",Social Sciences,Social Sciences,Political Science and International Relations,2987,1050,70,1048,2.8447619047619046,6.679389312977099
T13403,Higher Education in Latin America,Social Sciences,Social Sciences,Education,2980,364,27,363,8.186813186813186,7.43801652892562
T14018,Agriculture and Biological Studies,Life Sciences,Agricultural and Biological Sciences,General Agricultural and Biological Sciences,2979,1496,71,1496,1.9913101604278074,4.745989304812834
T12863,Web and Library Services,Physical Sciences,Computer Science,Information Systems,2977,1527,37,1527,1.9495743287491814,2.423051735428946
T11699,High-Velocity Impact and Material Behavior,Physical Sciences,Materials Science,Materials Chemistry,2974,2036,29,2036,1.4607072691552063,1.424361493123772
T10502,Advanced Memory and Neural Computing,Physical Sciences,Engineering,Electrical and Electronic Engineering,2964,1816,190,1813,1.63215859030837,10.479867622724766
T13012,Coenzyme Q10 studies and effects,Life Sciences,"Biochemistry, Genetics and Molecular Biology",Molecular Biology,2963,1493,24,1493,1.9845947756195579,1.607501674480911
T12730,"Weber, Simmel, Sociological Theory",Social Sciences,Social Sciences,Sociology and Political Science,2962,843,18,843,3.513641755634638,2.1352313167259784
T14491,Diverse academic and cultural studies,Social Sciences,"Economics, Econometrics and Finance",Economics and Econometrics,2962,750,39,747,3.949333333333333,5.220883534136546
T12647,Traditional Chinese Medicine Studies,Health Sciences,Medicine,Complementary and alternative medicine,2961,1426,63,1424,2.076437587657784,4.424157303370786
T11136,Enzyme-mediated dye degradation,Life Sciences,Agricultural and Biological Sciences,Plant Science,2959,1857,37,1857,1.5934302638664513,1.992460958535272
T10622,Quantum Mechanics and Applications,Physical Sciences,Physics and Astronomy,"Atomic and Molecular Physics, and Optics",2958,1525,117,1522,1.939672131147541,7.687253613666229
T12034,Digital and Cyber Forensics,Physical Sciences,Computer Science,Information Systems,2957,1489,129,1484,1.9858965748824715,8.692722371967655
T10126,"Logic, programming, and type systems",Physical Sciences,Computer Science,Artificial Intelligence,2956,2281,16,2281,1.2959228408592722,0.7014467338886453
T10179,Supercapacitor Materials and Fabrication,Physical Sciences,Materials Science,"Electronic, Optical and Magnetic Materials",2953,1954,91,1952,1.5112589559877174,4.661885245901639
T10662,Ultrasonics and Acoustic Wave Propagation,Physical Sciences,Engineering,Mechanics of Materials,2951,2073,23,2073,1.4235407621804148,1.1095031355523397
T12506,Nuclear materials and radiation effects,Physical Sciences,Materials Science,Materials Chemistry,2948,1827,24,1827,1.6135741652983033,1.3136288998357963
T13565,Education and Learning Interventions,Physical Sciences,Computer Science,Information Systems,2940,1043,127,1040,2.8187919463087248,12.211538461538462
T10069,Antenna Design and Analysis,Physical Sciences,Engineering,Aerospace Engineering,2931,1926,82,1926,1.5218068535825544,4.257528556593977
T12573,Education and Digital Technologies,Social Sciences,Social Sciences,Sociology and Political Science,2930,1375,86,1375,2.130909090909091,6.254545454545455
T10169,Protein Kinase Regulation and GTPase Signaling,Life Sciences,"Biochemistry, Genetics and Molecular Biology",Molecular Biology,2925,2053,27,2053,1.4247442766682903,1.3151485630784219
T12471,History of Science and Natural History,Social Sciences,Arts and Humanities,History and Philosophy of Science,2920,1322,14,1320,2.208774583963691,1.0606060606060606
T14351,Statistical and Computational Modeling,Physical Sciences,Computer Science,Artificial Intelligence,2908,551,27,551,5.277676950998185,4.900181488203267
T13907,Social Issues and Sustainability,Social Sciences,Social Sciences,Cultural Studies,2906,1040,120,1039,2.794230769230769,11.549566891241579
T13156,Historical Linguistics and Language Studies,Social Sciences,Arts and Humanities,Language and Linguistics,2896,1321,44,1320,2.1922785768357307,3.3333333333333335
T12146,Power Line Communications and Noise,Physical Sciences,Engineering,Electrical and Electronic Engineering,2895,1503,66,1503,1.9261477045908184,4.391217564870259
T12813,Plant and Biological Electrophysiology Studies,Life Sciences,Agricultural and Biological Sciences,Plant Science,2895,1465,57,1463,1.976109215017065,3.896103896103896
T13585,Technostress in Professional Settings,Social Sciences,Psychology,Social Psychology,2880,887,152,869,3.2468996617812853,17.491369390103568
T12990,Medical History and Innovations,Social Sciences,Arts and Humanities,History,2877,1654,20,1651,1.7394195888754533,1.2113870381586918
T14162,Historical and Literary Studies,Social Sciences,Social Sciences,Anthropology,2868,1539,27,1539,1.8635477582846003,1.7543859649122806
T12854,Neurology and Historical Studies,Life Sciences,Neuroscience,Neurology,2860,1450,32,1448,1.9724137931034482,2.2099447513812156
T13617,"Gender, Violence, Rights in Latin America",Social Sciences,Social Sciences,Sociology and Political Science,2860,900,82,897,3.1777777777777776,9.141583054626533
T13415,Calcium signaling and nucleotide metabolism,Life Sciences,"Biochemistry, Genetics and Molecular Biology",Physiology,2859,1648,35,1648,1.7348300970873787,2.1237864077669903
T13011,Latin American rural development,Life Sciences,Agricultural and Biological Sciences,General Agricultural and Biological Sciences,2858,889,51,887,3.2148481439820022,5.749718151071026
T11896,Opportunistic and Delay-Tolerant Networks,Physical Sciences,Computer Science,Computer Networks and Communications,2857,1594,74,1594,1.7923462986198244,4.642409033877039
T10929,Wnt/β-catenin signaling in development and cancer,Life Sciences,"Biochemistry, Genetics and Molecular Biology",Molecular Biology,2855,1989,28,1989,1.4353946706887883,1.4077425842131726
T14336,Land Use and Management,Social Sciences,Social Sciences,Political Science and International Relations,2851,342,44,332,8.336257309941521,13.25301204819277
T10637,Advanced Clustering Algorithms Research,Physical Sciences,Computer Science,Artificial Intelligence,2851,802,29,802,3.554862842892768,3.6159600997506236
T10688,Image and Signal Denoising Methods,Physical Sciences,Computer Science,Computer Vision and Pattern Recognition,2849,1385,38,1385,2.0570397111913357,2.743682310469314
T13738,Congenital Ear and Nasal Anomalies,Health Sciences,Medicine,Genetics,2846,1561,42,1559,1.8231902626521461,2.6940346375881976
T11187,Nonlinear Dynamics and Pattern Formation,Physical Sciences,Computer Science,Computer Networks and Communications,2844,1504,56,1504,1.8909574468085106,3.723404255319149
T12939,Polish Law and Legal System,Social Sciences,Social Sciences,Political Science and International Relations,2839,491,58,491,5.782077393075356,11.812627291242363
T10568,Thermodynamic and Exergetic Analyses of Power and Cooling System,Physical Sciences,Engineering,Mechanical Engineering,2839,1374,88,1370,2.066229985443959,6.423357664233577
T10590,Chalcogenide Semiconductor Thin Films,Physical Sciences,Engineering,Electrical and Electronic Engineering,2838,1870,80,1869,1.5176470588235293,4.280363830925629
T12891,Medicinal Plants and Neuroprotection,Health Sciences,Medicine,Complementary and alternative medicine,2835,1496,44,1496,1.8950534759358288,2.9411764705882355
T13950,Collembola Taxonomy and Ecology Studies,Life Sciences,Agricultural and Biological Sciences,"Ecology, Evolution, Behavior and Systematics",2827,1100,14,1100,2.57,1.2727272727272727
T12249,Veterinary Orthopedics and Neurology,Health Sciences,Veterinary,Small Animals,2823,1420,44,1418,1.9880281690140844,3.1029619181946404
T11250,Wave and Wind Energy Systems,Physical Sciences,Engineering,Ocean Engineering,2822,1336,58,1334,2.1122754491017965,4.3478260869565215
T11746,Inorganic and Organometallic Chemistry,Physical Sciences,Chemistry,Organic Chemistry,2816,1505,12,1505,1.87109634551495,0.7973421926910299
T11448,Face recognition and analysis,Physical Sciences,Computer Science,Computer Vision and Pattern Recognition,2813,1312,107,1311,2.1440548780487805,8.161708619374524
T11733,X-ray Spectroscopy and Fluorescence Analysis,Physical Sciences,Physics and Astronomy,Radiation,2810,1634,26,1633,1.7197062423500613,1.5921616656460502
T12469,"Chaos, Complexity, and Education",Physical Sciences,Computer Science,Computational Theory and Mathematics,2807,681,17,679,4.121879588839941,2.503681885125184
T11694,Fluid Dynamics Simulations and Interactions,Physical Sciences,Engineering,Computational Mechanics,2800,1787,40,1787,1.5668718522663683,2.238388360380526
T14495,Public Health and Nutrition,Health Sciences,Medicine,"Pediatrics, Perinatology and Child Health",2795,1314,123,1314,2.1270928462709286,9.360730593607306
T10305,Power System Optimization and Stability,Physical Sciences,Engineering,Electrical and Electronic Engineering,2784,1535,55,1533,1.8136807817589577,3.5877364644487932
T10131,Gold and Silver Nanoparticles Synthesis and Applications,Physical Sciences,Materials Science,"Electronic, Optical and Magnetic Materials",2781,1691,34,1691,1.6445890005913661,2.0106445890005915
T11447,Blind Source Separation Techniques,Physical Sciences,Computer Science,Signal Processing,2779,1215,35,1215,2.2872427983539096,2.880658436213992
T13621,Ancient and Medieval Archaeology Studies,Social Sciences,Arts and Humanities,Archeology,2778,1658,72,1653,1.6755126658624848,4.3557168784029034
T12102,Fire effects on concrete materials,Physical Sciences,Engineering,Civil and Structural Engineering,2766,1668,26,1668,1.658273381294964,1.5587529976019185
T11010,"Logic, Reasoning, and Knowledge",Physical Sciences,Computer Science,Artificial Intelligence,2765,1580,22,1578,1.75,1.394169835234474
T10268,Developmental Biology and Gene Regulation,Life Sciences,"Biochemistry, Genetics and Molecular Biology",Molecular Biology,2751,2040,32,2039,1.348529411764706,1.569396763119176
T13953,Digital Imaging in Medicine,Health Sciences,Medicine,"Public Health, Environmental and Occupational Health",2748,1357,60,1355,2.0250552689756818,4.428044280442805
T12689,Silymarin and Mushroom Poisoning,Health Sciences,Medicine,Pulmonary and Respiratory Medicine,2748,1321,19,1319,2.0802422407267223,1.4404852160727823
T14283,Diverse Academic Research Areas,Social Sciences,Social Sciences,Education,2747,733,4,733,3.747612551159618,0.5457025920873124
T12378,Accounting Education and Careers,Social Sciences,"Business, Management and Accounting",Accounting,2746,983,25,981,2.7934893184130214,2.5484199796126403
T13460,Historical Studies in Latin America,Social Sciences,Social Sciences,Demography,2744,1704,93,1701,1.6103286384976525,5.467372134038801
T12497,Traditional and Medicinal Uses of Annonaceae,Life Sciences,"Biochemistry, Genetics and Molecular Biology",Biochemistry,2742,1596,39,1594,1.718045112781955,2.4466750313676284
T14184,Metallurgy and Material Science,Physical Sciences,Materials Science,Materials Chemistry,2738,846,15,845,3.2364066193853427,1.7751479289940828
T13149,Organizational Change and Leadership,Social Sciences,"Business, Management and Accounting",Organizational Behavior and Human Resource Management,2735,976,25,973,2.8022540983606556,2.5693730729701953
T11445,Origins and Evolution of Life,Physical Sciences,Physics and Astronomy,Astronomy and Astrophysics,2734,1336,30,1328,2.0464071856287425,2.2590361445783134
T12347,Ginger and Zingiberaceae research,Life Sciences,"Pharmacology, Toxicology and Pharmaceutics",Pharmacology,2732,1393,37,1393,1.961234745154343,2.656137832017229
T14344,Pathogenesis and Treatment of Hiccups,Health Sciences,Medicine,Physiology,2730,1248,38,1246,2.1875,3.0497592295345104
T10219,Mechanical Behavior of Composites,Physical Sciences,Engineering,Mechanics of Materials,2721,2048,24,2048,1.32861328125,1.171875
T12445,Twentieth Century Scientific Developments,Social Sciences,Arts and Humanities,History and Philosophy of Science,2720,1105,37,1097,2.4615384615384617,3.372835004557885
T13897,Historical Economic and Legal Thought,Social Sciences,Social Sciences,Political Science and International Relations,2720,815,14,813,3.3374233128834354,1.7220172201722017
T13834,Whipple's Disease and Interleukins,Health Sciences,Medicine,Pathology and Forensic Medicine,2713,1181,47,1179,2.2972057578323453,3.986429177268872
T13573,"Government, Law, and Information Management",Social Sciences,Social Sciences,Law,2711,402,50,395,6.743781094527363,12.658227848101266
T12672,Phagocytosis and Immune Regulation,Life Sciences,Immunology and Microbiology,Immunology,2711,1448,53,1448,1.8722375690607735,3.660220994475138
T13784,Jewish Identity and Society,Social Sciences,Social Sciences,Demography,2710,1104,67,1100,2.454710144927536,6.090909090909091
T14470,Advanced Data Processing Techniques,Physical Sciences,Engineering,Control and Systems Engineering,2705,678,60,678,3.989675516224189,8.849557522123893
T11308,Sphingolipid Metabolism and Signaling,Life Sciences,"Biochemistry, Genetics and Molecular Biology",Molecular Biology,2698,1483,41,1479,1.8192852326365476,2.7721433400946585
T10165,Classical Antiquity Studies,Social Sciences,Social Sciences,Anthropology,2695,1795,36,1792,1.501392757660167,2.0089285714285716
T12376,Corporate Management and Leadership,Social Sciences,"Business, Management and Accounting",Organizational Behavior and Human Resource Management,2694,1180,150,1170,2.283050847457627,12.820512820512821
T11593,Carbon dioxide utilization in catalysis,Physical Sciences,Chemical Engineering,Process Chemistry and Technology,2687,1180,59,1179,2.2771186440677966,5.004240882103478
T12016,Web Data Mining and Analysis,Physical Sciences,Computer Science,Information Systems,2685,1358,48,1358,1.9771723122238587,3.5346097201767304
T11720,Probability and Risk Models,Social Sciences,Decision Sciences,Management Science and Operations Research,2676,926,12,926,2.8898488120950323,1.2958963282937366
T12560,Nuclear Engineering Thermal-Hydraulics,Physical Sciences,Engineering,Aerospace Engineering,2675,1534,27,1534,1.74380704041721,1.7601043024771839
T12343,Geography Education and Pedagogy,Social Sciences,Social Sciences,"Geography, Planning and Development",2674,1337,51,1334,2.0,3.823088455772114
T13236,Geotechnical and construction materials studies,Physical Sciences,Engineering,Civil and Structural Engineering,2672,1387,27,1384,1.9264599855803892,1.9508670520231215
T11309,Music and Audio Processing,Physical Sciences,Computer Science,Signal Processing,2670,1577,134,1575,1.6930881420418515,8.507936507936508
T12606,Diptera species taxonomy and behavior,Life Sciences,Agricultural and Biological Sciences,"Ecology, Evolution, Behavior and Systematics",2668,1504,25,1501,1.773936170212766,1.665556295802798
T12409,Reformation and Early Modern Christianity,Social Sciences,Arts and Humanities,History,2668,1385,21,1385,1.9263537906137185,1.516245487364621
T13052,Molecular Communication and Nanonetworks,Physical Sciences,Engineering,Biomedical Engineering,2667,777,69,775,3.4324324324324325,8.903225806451612
T14362,Diverse Legal and Medical Studies,Social Sciences,"Business, Management and Accounting",Strategy and Management,2667,1176,109,1163,2.267857142857143,9.37231298366294
T12051,Diversity and Impact of Dance,Social Sciences,Psychology,Experimental and Cognitive Psychology,2665,1214,37,1212,2.1952224052718288,3.052805280528053
T12565,Physics and Engineering Research Articles,Physical Sciences,Engineering,Computational Mechanics,2664,1028,50,1024,2.5914396887159534,4.8828125
T12086,Structural Integrity and Reliability Analysis,Physical Sciences,Engineering,Mechanical Engineering,2662,1392,83,1391,1.9123563218390804,5.966930265995686
T14349,Global Political and Economic Relations,Social Sciences,Social Sciences,Political Science and International Relations,2660,1047,159,1039,2.5405921680993315,15.30317613089509
T14508,Vocational Education and Training,Social Sciences,Social Sciences,Education,2657,899,103,887,2.9555061179087874,11.61217587373168
T13484,German History and Society,Social Sciences,Arts and Humanities,History,2649,1435,50,1432,1.845993031358885,3.4916201117318435
T13949,Belt and Road Initiative,Social Sciences,"Economics, Econometrics and Finance",Economics and Econometrics,2649,981,145,964,2.7003058103975537,15.04149377593361
T12620,Signaling Pathways in Disease,Life Sciences,"Biochemistry, Genetics and Molecular Biology",Molecular Biology,2643,1707,22,1707,1.5483304042179262,1.2888107791446983
T10389,Polymer crystallization and properties,Physical Sciences,Materials Science,Polymers and Plastics,2639,1674,65,1673,1.576463560334528,3.8852361028093245
T14477,"Management, Economics, and Public Policy",Social Sciences,"Business, Management and Accounting",Marketing,2638,764,30,763,3.4528795811518322,3.9318479685452163
T14129,Economic and Business Studies,Social Sciences,"Economics, Econometrics and Finance",Economics and Econometrics,2637,729,164,698,3.617283950617284,23.49570200573066
T12412,Enzyme function and inhibition,Life Sciences,"Biochemistry, Genetics and Molecular Biology",Molecular Biology,2636,1504,12,1504,1.752659574468085,0.7978723404255319
T13516,Publishing and Scholarly Communication,Social Sciences,Arts and Humanities,History and Philosophy of Science,2633,838,44,831,3.1420047732696896,5.29482551143201
T12763,ATP Synthase and ATPases Research,Life Sciences,"Biochemistry, Genetics and Molecular Biology",Molecular Biology,2629,1674,30,1674,1.570489844683393,1.7921146953405018
T11012,Gas Dynamics and Kinetic Theory,Physical Sciences,Mathematics,Applied Mathematics,2629,1495,43,1494,1.7585284280936455,2.8781793842034804
T13568,Wood and Agarwood Research,Physical Sciences,Chemistry,Organic Chemistry,2627,1263,195,1261,2.079968329374505,15.463917525773196
T14275,Historical Medical Research and Treatments,Health Sciences,Medicine,"Radiology, Nuclear Medicine and Imaging",2625,990,20,986,2.6515151515151514,2.028397565922921
T12170,History and Theory of Mathematics,Physical Sciences,Mathematics,Theoretical Computer Science,2625,1166,30,1166,2.251286449399657,2.5728987993138936
T12975,Paraoxonase enzyme and polymorphisms,Life Sciences,"Biochemistry, Genetics and Molecular Biology",Clinical Biochemistry,2623,995,10,995,2.636180904522613,1.0050251256281406
T13354,Genetics and Physical Performance,Life Sciences,"Biochemistry, Genetics and Molecular Biology",Genetics,2623,1248,52,1247,2.1017628205128207,4.170008019246191
T12342,Vascular anomalies and interventions,Health Sciences,Medicine,Surgery,2623,1671,46,1663,1.5697187312986236,2.7660853878532774
T13031,Civil and Structural Engineering Research,Physical Sciences,Engineering,Civil and Structural Engineering,2620,1289,56,1283,2.0325833979829326,4.36477007014809
T11424,Security and Verification in Computing,Physical Sciences,Computer Science,Artificial Intelligence,2619,1712,103,1706,1.5297897196261683,6.037514654161782
T12531,Values and Moral Education,Social Sciences,Social Sciences,Education,2618,1288,70,1286,2.032608695652174,5.443234836702955
T14357,"Architecture, Design, and Social History",Social Sciences,Arts and Humanities,Conservation,2617,1008,33,1008,2.5962301587301586,3.2738095238095237
T14370,"Economic, Social, and Health Studies",Social Sciences,"Economics, Econometrics and Finance",Economics and Econometrics,2616,502,22,500,5.211155378486056,4.4
T10339,Advanced Numerical Methods in Computational Mathematics,Physical Sciences,Engineering,Computational Mechanics,2614,1463,16,1462,1.7867395762132605,1.094391244870041
T14136,Education and Military Integration,Social Sciences,Social Sciences,Education,2611,918,37,917,2.844226579520697,4.0348964013086155
T12243,Research in Cotton Cultivation,Life Sciences,Agricultural and Biological Sciences,Plant Science,2606,1408,35,1408,1.8508522727272727,2.4857954545454546
T10326,Indoor and Outdoor Localization Technologies,Physical Sciences,Engineering,Electrical and Electronic Engineering,2606,1716,109,1716,1.5186480186480187,6.351981351981352
T11625,Abdominal vascular conditions and treatments,Health Sciences,Medicine,Surgery,2599,1557,38,1552,1.6692357096981374,2.448453608247423
T12152,Concrete Properties and Behavior,Physical Sciences,Engineering,Civil and Structural Engineering,2599,1668,20,1668,1.5581534772182255,1.1990407673860912
T13593,Historical and Archaeological Studies,Social Sciences,Arts and Humanities,History,2590,1309,56,1309,1.9786096256684491,4.278074866310161
T13608,Advanced Computational Techniques in Science and Engineering,Physical Sciences,Computer Science,Information Systems,2590,88,5,88,29.431818181818183,5.681818181818182
T12930,Biomedical and Chemical Research,Health Sciences,Medicine,Surgery,2587,1332,105,1325,1.9421921921921923,7.9245283018867925
T13340,Palliative and Oncologic Care,Health Sciences,Medicine,"Public Health, Environmental and Occupational Health",2586,1060,60,1059,2.439622641509434,5.665722379603399
T12696,Icing and De-icing Technologies,Physical Sciences,Engineering,Aerospace Engineering,2584,1259,53,1258,2.0524225575853854,4.213036565977743
T12204,African Education and Politics,Social Sciences,Social Sciences,Education,2581,716,39,712,3.6047486033519553,5.477528089887641
T13948,Gender and Women's Rights,Social Sciences,Social Sciences,Political Science and International Relations,2579,965,79,960,2.672538860103627,8.229166666666666
T13895,Educational Leadership and Innovation,Social Sciences,Social Sciences,Education,2571,632,116,616,4.068037974683544,18.83116883116883
T10299,Photonic and Optical Devices,Physical Sciences,Engineering,Electrical and Electronic Engineering,2566,2097,135,2092,1.223652837386743,6.453154875717018
T13871,Melamine detection and toxicity,Life Sciences,Agricultural and Biological Sciences,Food Science,2561,850,22,846,3.0129411764705885,2.600472813238771
T10923,Force Microscopy Techniques and Applications,Physical Sciences,Physics and Astronomy,"Atomic and Molecular Physics, and Optics",2559,1879,37,1878,1.3618946248004258,1.9701810436634717
T14499,Livestock Farming and Management,Life Sciences,Agricultural and Biological Sciences,Agronomy and Crop Science,2559,1070,36,1070,2.391588785046729,3.364485981308411
T11795,Humor Studies and Applications,Social Sciences,Psychology,Social Psychology,2557,1222,53,1221,2.092471358428805,4.340704340704341
T12632,Visual Culture and Art Theory,Social Sciences,Arts and Humanities,Visual Arts and Performing Arts,2555,1261,23,1261,2.0261697065820776,1.823949246629659
T11841,Nuclear Structure and Function,Life Sciences,"Biochemistry, Genetics and Molecular Biology",Molecular Biology,2552,1511,52,1507,1.6889477167438782,3.4505640345056405
T13597,Medicine and Dermatology Studies History,Health Sciences,Medicine,Dermatology,2550,1150,33,1146,2.217391304347826,2.8795811518324608
T13576,"Cyprus History, Politics, Society",Social Sciences,Social Sciences,Sociology and Political Science,2545,1014,36,1009,2.509861932938856,3.5678889990089195
T13321,"Radio, Podcasts, and Digital Media",Social Sciences,Social Sciences,Communication,2545,1341,77,1340,1.8978374347501865,5.746268656716418
T11774,Adsorption and Cooling Systems,Physical Sciences,Engineering,Mechanical Engineering,2543,1393,71,1393,1.8255563531945442,5.096913137114142
T12584,Hospitality and Tourism Education,Social Sciences,"Business, Management and Accounting","Tourism, Leisure and Hospitality Management",2537,986,39,984,2.573022312373225,3.9634146341463414
T12890,Eurasian Exchange Networks,Social Sciences,Social Sciences,Anthropology,2536,1590,20,1589,1.5949685534591196,1.2586532410320956
T14304,Transport Systems and Technology,Physical Sciences,Engineering,Mechanical Engineering,2533,1145,37,1145,2.2122270742358077,3.2314410480349345
T13272,Psychological Treatments and Assessments,Social Sciences,Psychology,Clinical Psychology,2532,965,29,960,2.623834196891192,3.0208333333333335
T12220,Quantum Electrodynamics and Casimir Effect,Physical Sciences,Physics and Astronomy,"Atomic and Molecular Physics, and Optics",2525,364,25,364,6.936813186813187,6.868131868131868
T13556,Historical Influence and Diplomacy,Social Sciences,Social Sciences,Political Science and International Relations,2525,1411,44,1411,1.7895109851169384,3.118355776045358
T13269,Orthoptera Research and Taxonomy,Life Sciences,Agricultural and Biological Sciences,"Ecology, Evolution, Behavior and Systematics",2524,1219,31,1218,2.0705496308449547,2.5451559934318553
T13902,Indian History and Philosophy,Social Sciences,Arts and Humanities,Philosophy,2522,1124,41,1122,2.2437722419928825,3.6541889483065955
T10773,Extracellular vesicles in disease,Life Sciences,"Biochemistry, Genetics and Molecular Biology",Molecular Biology,2515,1753,70,1752,1.4346833998859099,3.9954337899543377
T13927,Cyberloafing and Workplace Behavior,Social Sciences,Social Sciences,Demography,2504,809,151,783,3.095179233621755,19.284802043422733
T12533,Aldose Reductase and Taurine,Life Sciences,"Biochemistry, Genetics and Molecular Biology",Cell Biology,2503,1364,8,1364,1.8350439882697946,0.5865102639296188
T14403,Educational Challenges and Innovations,Physical Sciences,Computer Science,Information Systems,2500,484,29,483,5.1652892561983474,6.004140786749482
T11872,Barrier Structure and Function Studies,Life Sciences,Neuroscience,Neurology,2498,1385,40,1381,1.8036101083032492,2.896451846488052
T14189,Intravenous Infusion Technology and Safety,Physical Sciences,Engineering,Biomedical Engineering,2496,1038,46,1036,2.4046242774566475,4.44015444015444
T13295,Safety Systems Engineering in Autonomy,Physical Sciences,Engineering,"Safety, Risk, Reliability and Quality",2496,1067,77,1063,2.339268978444236,7.243650047036689
T13864,Indigenous Cultures and History,Social Sciences,Social Sciences,Anthropology,2490,1129,39,1129,2.2054915854738706,3.4543844109831707
T10501,Polymer Nanocomposites and Properties,Physical Sciences,Materials Science,Polymers and Plastics,2490,1752,50,1752,1.4212328767123288,2.853881278538813
T12683,Studies on Chitinases and Chitosanases,Life Sciences,"Biochemistry, Genetics and Molecular Biology",Molecular Biology,2490,1363,40,1362,1.8268525311812178,2.9368575624082234
T10761,Vehicular Ad Hoc Networks (VANETs),Physical Sciences,Engineering,Electrical and Electronic Engineering,2489,1477,95,1476,1.6851726472579553,6.436314363143631
T12449,Spacecraft Design and Technology,Physical Sciences,Engineering,Aerospace Engineering,2482,1303,108,1300,1.9048349961627014,8.307692307692308
T10727,Ultrasound Imaging and Elastography,Health Sciences,Medicine,"Radiology, Nuclear Medicine and Imaging",2481,1570,27,1569,1.5802547770700637,1.7208413001912046
T10545,Optimization and Variational Analysis,Physical Sciences,Computer Science,Computational Theory and Mathematics,2480,1017,5,1016,2.438544739429695,0.4921259842519685
T13705,Australian Indigenous Culture and History,Social Sciences,Social Sciences,Anthropology,2472,1035,14,1031,2.3884057971014494,1.3579049466537343
T10615,Granular flow and fluidized beds,Physical Sciences,Engineering,Computational Mechanics,2471,1557,20,1557,1.5870263326910725,1.2845215157353886
T12000,Systems Engineering Methodologies and Applications,Physical Sciences,Engineering,Control and Systems Engineering,2469,1161,50,1160,2.1266149870801034,4.310344827586207
T12836,History and Developments in Astronomy,Physical Sciences,Physics and Astronomy,Astronomy and Astrophysics,2467,1191,22,1190,2.0713685978169605,1.8487394957983194
T12381,Electron Spin Resonance Studies,Life Sciences,"Biochemistry, Genetics and Molecular Biology",Biophysics,2466,1499,24,1499,1.6450967311541027,1.601067378252168
T12363,Academic Research in Diverse Fields,Social Sciences,Social Sciences,Education,2460,1259,232,1256,1.9539316918189038,18.471337579617835
T11820,Learning Styles and Cognitive Differences,Social Sciences,Psychology,Developmental and Educational Psychology,2456,973,21,972,2.5241521068859196,2.1604938271604937
T14135,Cancer and biochemical research,Life Sciences,"Biochemistry, Genetics and Molecular Biology",Molecular Biology,2455,945,21,944,2.5978835978835977,2.2245762711864407
T13414,Radioactive Decay and Measurement Techniques,Physical Sciences,Physics and Astronomy,Radiation,2454,1084,16,1082,2.263837638376384,1.478743068391867
T11889,Ginseng Biological Effects and Applications,Life Sciences,"Biochemistry, Genetics and Molecular Biology",Molecular Biology,2448,1443,22,1443,1.6964656964656966,1.5246015246015245
T12341,Spanish Linguistics and Language Studies,Social Sciences,Arts and Humanities,Language and Linguistics,2446,1407,123,1406,1.7384506041222458,8.748221906116642
T12739,Historical Studies on Spain,Social Sciences,Arts and Humanities,History,2445,1429,82,1427,1.7109867039888034,5.746320953048353
T14188,Latin American Legal and Economic Studies,Social Sciences,Social Sciences,Political Science and International Relations,2443,621,65,620,3.9339774557165863,10.483870967741936
T12540,Cyclone Separators and Fluid Dynamics,Physical Sciences,Engineering,Computational Mechanics,2442,1211,30,1211,2.0165152766308836,2.477291494632535
T13334,South Asian Cinema and Culture,Social Sciences,Arts and Humanities,Visual Arts and Performing Arts,2441,1061,33,1059,2.300659754948162,3.1161473087818696
T12442,Thermal Radiation and Cooling Technologies,Physical Sciences,Engineering,Civil and Structural Engineering,2441,999,66,997,2.4434434434434436,6.619859578736208
T13650,Computational Physics and Python Applications,Physical Sciences,Computer Science,Artificial Intelligence,2440,977,150,975,2.4974411463664277,15.384615384615385
T12320,Feminist Epistemology and Gender Studies,Social Sciences,Social Sciences,Sociology and Political Science,2438,620,48,614,3.932258064516129,7.817589576547231
T13570,Historical Education Studies Worldwide,Social Sciences,Social Sciences,Education,2437,946,24,945,2.576109936575053,2.5396825396825395
T11884,Redox biology and oxidative stress,Life Sciences,"Biochemistry, Genetics and Molecular Biology",Molecular Biology,2435,1326,15,1326,1.8363499245852186,1.1312217194570136
T13684,Political Dynamics in Latin America,Social Sciences,Social Sciences,Political Science and International Relations,2431,1287,128,1284,1.8888888888888888,9.968847352024921
T12670,"Urbanism, Landscape, and Tourism Studies",Social Sciences,Social Sciences,Cultural Studies,2425,1302,135,1301,1.8625192012288787,10.37663335895465
T10353,Zeolite Catalysis and Synthesis,Physical Sciences,Chemistry,Inorganic Chemistry,2423,1429,42,1428,1.695591322603219,2.9411764705882355
T10256,Drug Solubulity and Delivery Systems,Life Sciences,"Pharmacology, Toxicology and Pharmaceutics",Pharmaceutical Science,2423,1265,28,1264,1.915415019762846,2.2151898734177213
T14373,Securities Regulation and Market Practices,Social Sciences,"Business, Management and Accounting",Marketing,2422,766,42,763,3.161879895561358,5.504587155963303
T13061,Literacy and Educational Practices,Social Sciences,Social Sciences,Education,2420,1047,87,1046,2.311365807067813,8.317399617590823
T12380,Authorship Attribution and Profiling,Physical Sciences,Computer Science,Artificial Intelligence,2419,558,46,555,4.335125448028674,8.288288288288289
T13454,Phenothiazines and Benzothiazines Synthesis and Activities,Life Sciences,"Biochemistry, Genetics and Molecular Biology",Molecular Biology,2418,1186,12,1186,2.038785834738617,1.0118043844856661
T10586,Robotic Path Planning Algorithms,Physical Sciences,Computer Science,Computer Vision and Pattern Recognition,2417,1706,128,1705,1.4167643610785463,7.507331378299121
T10624,Silicon and Solar Cell Technologies,Physical Sciences,Engineering,Electrical and Electronic Engineering,2413,1391,39,1391,1.7347232207045291,2.803738317757009
T12861,"Migration, Education, Indigenous Social Dynamics",Social Sciences,Social Sciences,Cultural Studies,2411,977,53,976,2.4677584442169906,5.430327868852459
T13751,Diverse Approaches in Healthcare and Education Studies,Health Sciences,Medicine,"Public Health, Environmental and Occupational Health",2410,893,59,893,2.698768197088466,6.606942889137738
T12776,Electrohydrodynamics and Fluid Dynamics,Physical Sciences,Engineering,Electrical and Electronic Engineering,2409,1579,49,1579,1.525649145028499,3.103229892336922
T10379,Cellular Mechanics and Interactions,Life Sciences,"Biochemistry, Genetics and Molecular Biology",Cell Biology,2408,1770,31,1770,1.3604519774011299,1.7514124293785311
T14034,Musicians’ Health and Performance,Health Sciences,Medicine,Rehabilitation,2399,1020,20,1020,2.3519607843137256,1.9607843137254901
T11133,UAV Applications and Optimization,Physical Sciences,Engineering,Aerospace Engineering,2395,1185,164,1179,2.021097046413502,13.910093299406277
T10782,Nanoplatforms for cancer theranostics,Physical Sciences,Engineering,Biomedical Engineering,2392,1621,81,1619,1.4756323257248611,5.003088326127239
T12311,Political Theology and Sovereignty,Social Sciences,Social Sciences,Sociology and Political Science,2388,982,33,978,2.4317718940936865,3.374233128834356
T13919,Medicinal plant effects and applications,Health Sciences,Medicine,Complementary and alternative medicine,2384,1091,27,1090,2.1851512373968838,2.477064220183486
T12166,Ion-surface interactions and analysis,Physical Sciences,Engineering,Computational Mechanics,2379,1627,41,1627,1.46220036877689,2.519975414874001
T12288,Optimization and Search Problems,Physical Sciences,Computer Science,Computer Networks and Communications,2374,1101,35,1101,2.15622161671208,3.178928247048138
T11307,Domain Adaptation and Few-Shot Learning,Physical Sciences,Computer Science,Artificial Intelligence,2373,856,153,852,2.772196261682243,17.95774647887324
T13766,"Media, Journalism, and Communication History",Social Sciences,Arts and Humanities,History,2365,1350,81,1349,1.7518518518518518,6.0044477390659745
T12888,Military Strategy and Technology,Physical Sciences,Engineering,Control and Systems Engineering,2362,959,83,946,2.462982273201251,8.773784355179703
T12125,Aerospace and Aviation Technology,Physical Sciences,Engineering,Aerospace Engineering,2361,1364,54,1359,1.7309384164222874,3.9735099337748343
T11102,HVDC Systems and Fault Protection,Physical Sciences,Engineering,Electrical and Electronic Engineering,2359,1276,56,1276,1.848746081504702,4.38871473354232
T10346,Magnetic confinement fusion research,Physical Sciences,Physics and Astronomy,Nuclear and High Energy Physics,2356,1850,137,1848,1.2735135135135136,7.413419913419913
T12191,Chemical Reaction Mechanisms,Physical Sciences,Chemistry,Organic Chemistry,2356,1196,4,1196,1.9698996655518395,0.33444816053511706
T14428,Coal and Coke Industries Research,Physical Sciences,Energy,Fuel Technology,2355,937,24,937,2.513340448239061,2.5613660618996796
T13088,Legal and Labor Studies,Social Sciences,"Business, Management and Accounting",Industrial relations,2347,682,49,681,3.441348973607038,7.195301027900147
T12048,Microencapsulation and Drying Processes,Life Sciences,Agricultural and Biological Sciences,Food Science,2345,1493,44,1491,1.5706630944407234,2.9510395707578807
T10163,Metal complexes synthesis and properties,Health Sciences,Medicine,Oncology,2345,1324,21,1323,1.7711480362537764,1.5873015873015872
T12720,Multimedia Communication and Technology,Social Sciences,Social Sciences,Sociology and Political Science,2342,1167,28,1167,2.006855184233076,2.3993144815766922
T10456,Multi-Agent Systems and Negotiation,Physical Sciences,Computer Science,Artificial Intelligence,2332,1185,104,1177,1.9679324894514767,8.836023789294817
T13697,Biliary and Gastrointestinal Fistulas,Health Sciences,Medicine,Pulmonary and Respiratory Medicine,2328,1338,20,1332,1.7399103139013452,1.5015015015015014
T11547,Sesquiterpenes and Asteraceae Studies,Life Sciences,"Biochemistry, Genetics and Molecular Biology",Cancer Research,2327,1385,13,1384,1.6801444043321299,0.9393063583815029
T14487,Science and Science Education,Social Sciences,Social Sciences,Political Science and International Relations,2326,828,57,824,2.8091787439613527,6.91747572815534
T13813,Oral and Craniofacial Lesions,Health Sciences,Health Professions,Speech and Hearing,2325,1140,47,1139,2.039473684210526,4.1264266900790165
T12685,Phytochemical compounds biological activities,Life Sciences,"Biochemistry, Genetics and Molecular Biology",Molecular Biology,2325,1388,24,1388,1.67507204610951,1.7291066282420748
T13878,Case Reports on Hematomas,Health Sciences,Medicine,Surgery,2322,1103,11,1103,2.1051677243880325,0.9972801450589301
T12357,Digital Media Forensic Detection,Physical Sciences,Computer Science,Computer Vision and Pattern Recognition,2321,1238,141,1235,1.8747980613893376,11.417004048582996
T13900,Contemporary and Historical Greek Studies,Social Sciences,Social Sciences,Sociology and Political Science,2319,759,30,750,3.0553359683794468,4.0
T11707,Gaze Tracking and Assistive Technology,Physical Sciences,Computer Science,Human-Computer Interaction,2310,1397,58,1396,1.6535433070866141,4.154727793696275
T10742,Peer-to-Peer Network Technologies,Physical Sciences,Computer Science,Computer Networks and Communications,2309,1054,23,1054,2.1907020872865277,2.1821631878557874
T10201,Speech Recognition and Synthesis,Physical Sciences,Computer Science,Artificial Intelligence,2308,1404,108,1403,1.6438746438746439,7.697790449037776
T13775,Hydrogen's biological and therapeutic effects,Health Sciences,Medicine,Surgery,2302,970,31,969,2.37319587628866,3.199174406604747
T10313,Surface Modification and Superhydrophobicity,Physical Sciences,Materials Science,"Surfaces, Coatings and Films",2300,1494,58,1494,1.5394912985274432,3.8821954484605086
T14394,Cognitive Science and Education Research,Life Sciences,Neuroscience,Cognitive Neuroscience,2299,739,15,739,3.1109607577807847,2.029769959404601
T12287,Fibroblast Growth Factor Research,Life Sciences,"Biochemistry, Genetics and Molecular Biology",Molecular Biology,2298,1385,31,1383,1.6592057761732852,2.2415039768618943
T14379,Diverse Cultural and Historical Studies,Social Sciences,Social Sciences,Cultural Studies,2296,1062,32,1060,2.1619585687382297,3.018867924528302
T10228,Multilevel Inverters and Converters,Physical Sciences,Engineering,Electrical and Electronic Engineering,2296,1238,52,1238,1.8546042003231018,4.20032310177706
T12015,Photoacoustic and Ultrasonic Imaging,Physical Sciences,Engineering,Biomedical Engineering,2294,1499,53,1498,1.5303535690460306,3.5380507343124163
T13747,Sociopolitical Dynamics in Russia,Social Sciences,Social Sciences,Sociology and Political Science,2292,770,94,769,2.9766233766233765,12.223667100130038
T13313,Dupuytren's Contracture and Treatments,Health Sciences,Medicine,Rheumatology,2292,1091,22,1088,2.100824931255729,2.0220588235294117
T11319,Curcumin's Biomedical Applications,Life Sciences,"Biochemistry, Genetics and Molecular Biology",Molecular Medicine,2287,1450,40,1450,1.5772413793103448,2.7586206896551726
T11854,Laser-induced spectroscopy and plasma,Physical Sciences,Engineering,Mechanics of Materials,2287,1567,46,1567,1.4594767070835992,2.935545628589662
T11568,Railway Systems and Energy Efficiency,Physical Sciences,Engineering,Industrial and Manufacturing Engineering,2279,1124,54,1123,2.0275800711743774,4.808548530721282
T14335,Educational Robotics and Engineering,Physical Sciences,Computer Science,Artificial Intelligence,2273,928,67,925,2.449353448275862,7.243243243243243
T11604,Ship Hydrodynamics and Maneuverability,Physical Sciences,Engineering,Ocean Engineering,2266,1116,68,1116,2.0304659498207887,6.093189964157706
T13039,Magnesium Oxide Properties and Applications,Physical Sciences,Materials Science,Materials Chemistry,2262,1303,53,1303,1.735993860322333,4.067536454336147
T12853,Historical Geography and Geographical Thought,Social Sciences,Social Sciences,"Geography, Planning and Development",2261,674,16,673,3.35459940652819,2.37741456166419
T12136,Vanadium and Halogenation Chemistry,Physical Sciences,Chemistry,Inorganic Chemistry,2259,918,7,918,2.4607843137254903,0.7625272331154684
T12370,Advances in Cucurbitaceae Research,Life Sciences,"Biochemistry, Genetics and Molecular Biology",Genetics,2259,1196,38,1195,1.8887959866220736,3.1799163179916317
T13258,Williams Syndrome Research,Life Sciences,Neuroscience,Developmental Neuroscience,2257,1136,30,1136,1.9867957746478873,2.640845070422535
T10377,Metal and Thin Film Mechanics,Physical Sciences,Engineering,Mechanics of Materials,2257,1765,44,1764,1.2787535410764872,2.494331065759637
T12059,Berberine and alkaloids research,Health Sciences,Medicine,Pharmacology,2257,1220,39,1218,1.85,3.2019704433497536
T12933,Franchising Strategies and Performance,Social Sciences,"Business, Management and Accounting",Strategy and Management,2254,559,16,559,4.032200357781753,2.862254025044723
T12586,"Folklore, Mythology, and Literature Studies",Social Sciences,Arts and Humanities,Literature and Literary Theory,2253,790,20,790,2.8518987341772153,2.5316455696202533
T12897,Structural Analysis of Composite Materials,Physical Sciences,Engineering,Mechanical Engineering,2252,1257,24,1257,1.7915672235481304,1.909307875894988
T11532,Chemokine receptors and signaling,Health Sciences,Medicine,Oncology,2251,1490,20,1489,1.510738255033557,1.3431833445265278
T10386,Microstructure and Mechanical Properties of Steels,Physical Sciences,Engineering,Mechanical Engineering,2250,1770,17,1769,1.271186440677966,0.9609949123798757
T14260,Impact of AI and Big Data on Business and Society,Social Sciences,Decision Sciences,Management Science and Operations Research,2246,603,250,596,3.724709784411277,41.946308724832214
T12498,Latin American Cultural Politics,Social Sciences,Social Sciences,Anthropology,2244,756,38,752,2.9682539682539684,5.053191489361702
T11188,Coagulation and Flocculation Studies,Physical Sciences,Environmental Science,Water Science and Technology,2243,980,15,980,2.2887755102040814,1.530612244897959
T10531,Advanced Vision and Imaging,Physical Sciences,Computer Science,Computer Vision and Pattern Recognition,2242,1612,72,1612,1.3908188585607941,4.4665012406947895
T10714,Software-Defined Networks and 5G,Physical Sciences,Computer Science,Computer Networks and Communications,2241,1501,161,1499,1.4930046635576282,10.740493662441628
T14427,Environmental Monitoring and Data Management,Physical Sciences,Earth and Planetary Sciences,Geology,2240,866,103,859,2.5866050808314087,11.990686845168801
T10913,Molecular Junctions and Nanostructures,Physical Sciences,Engineering,Electrical and Electronic Engineering,2239,1625,22,1625,1.377846153846154,1.353846153846154
T13102,Soil and Environmental Studies,Life Sciences,Agricultural and Biological Sciences,Soil Science,2238,1006,40,1002,2.224652087475149,3.992015968063872
T11511,Dyeing and Modifying Textile Fibers,Physical Sciences,Engineering,Building and Construction,2233,1273,85,1272,1.7541241162608012,6.682389937106918
T14452,Mexican Socioeconomic and Environmental Dynamics,Physical Sciences,Environmental Science,"Management, Monitoring, Policy and Law",2233,1030,41,1029,2.1679611650485437,3.9844509232264333
T12346,Phytochemistry and biological activity of medicinal plants,Life Sciences,Agricultural and Biological Sciences,Plant Science,2231,1206,9,1206,1.849917081260365,0.746268656716418
T11881,Crystallization and Solubility Studies,Physical Sciences,Materials Science,Materials Chemistry,2230,1292,14,1292,1.7260061919504643,1.08359133126935
T13603,Corporate Social Responsibility and Sustainability,Social Sciences,"Business, Management and Accounting",Organizational Behavior and Human Resource Management,2230,843,82,837,2.645314353499407,9.79689366786141
T14133,Border Security and International Relations,Social Sciences,Social Sciences,Political Science and International Relations,2228,416,32,411,5.355769230769231,7.785888077858881
T12924,Dermatological and Skeletal Disorders,Life Sciences,"Biochemistry, Genetics and Molecular Biology",Genetics,2227,1413,49,1413,1.576079263977353,3.467799009200283
T12446,Economic Growth and Fiscal Policies,Social Sciences,"Economics, Econometrics and Finance",Economics and Econometrics,2227,876,86,875,2.5422374429223744,9.82857142857143
T14513,"Leadership, Courage, and Heroism Studies",Social Sciences,Psychology,Social Psychology,2226,882,42,880,2.5238095238095237,4.7727272727272725
T12784,Modular Robots and Swarm Intelligence,Physical Sciences,Engineering,Mechanical Engineering,2226,1386,118,1385,1.606060606060606,8.51985559566787
T11813,Library Collection Development and Digital Resources,Physical Sciences,Computer Science,Information Systems,2225,1198,47,1196,1.857262103505843,3.9297658862876252
T11051,Sirtuins and Resveratrol in Medicine,Health Sciences,Medicine,Geriatrics and Gerontology,2218,1338,30,1337,1.6576980568011959,2.243829468960359
T10311,Advancements in Solid Oxide Fuel Cells,Physical Sciences,Materials Science,Materials Chemistry,2216,1220,41,1219,1.8163934426229509,3.3634126333059884
T13094,Mining and Gasification Technologies,Physical Sciences,Engineering,Mechanical Engineering,2212,971,28,971,2.278063851699279,2.883625128733265
T10639,Advanced Software Engineering Methodologies,Physical Sciences,Computer Science,Artificial Intelligence,2206,1532,33,1532,1.4399477806788512,2.154046997389034
T13767,Leech Biology and Applications,Health Sciences,Medicine,Pharmacology,2204,1014,27,1014,2.173570019723866,2.662721893491124
T12797,History of Computing Technologies,Physical Sciences,Computer Science,Computer Science Applications,2204,825,57,818,2.6715151515151514,6.968215158924205
T13779,Cancer Mechanisms and Therapy,Health Sciences,Medicine,Pathology and Forensic Medicine,2185,1310,62,1308,1.66793893129771,4.740061162079511
T12302,Advanced Nanomaterials in Catalysis,Physical Sciences,Materials Science,Materials Chemistry,2185,1211,70,1211,1.8042939719240296,5.780346820809249
T13812,AI and HR Technologies,Social Sciences,"Business, Management and Accounting",Organizational Behavior and Human Resource Management,2184,486,155,479,4.493827160493828,32.35908141962422
T12869,Occupational Health and Burnout,Health Sciences,Health Professions,Occupational Therapy,2183,954,45,952,2.288259958071279,4.726890756302521
T13107,Congenital limb and hand anomalies,Life Sciences,"Biochemistry, Genetics and Molecular Biology",Developmental Biology,2178,1162,22,1161,1.874354561101549,1.8949181739879415
T12751,Leadership and Management in Organizations,Social Sciences,"Business, Management and Accounting",Strategy and Management,2177,781,17,781,2.787451984635083,2.176696542893726
T13212,German Social Sciences and History,Social Sciences,Social Sciences,Sociology and Political Science,2176,973,38,973,2.2363823227132578,3.905447070914697
T14134,Medical and Biological Sciences,Health Sciences,Medicine,Anatomy,2174,1017,28,1016,2.1376597836774827,2.7559055118110236
T12252,Mechanical stress and fatigue analysis,Physical Sciences,Engineering,Mechanics of Materials,2167,1394,36,1393,1.554519368723099,2.5843503230437905
T12556,Educational Methods and Analysis,Social Sciences,Social Sciences,Education,2165,1486,131,1485,1.4569313593539703,8.821548821548822
T14167,Consumer behavior in food and health,Social Sciences,Social Sciences,Sociology and Political Science,2162,910,100,902,2.375824175824176,11.086474501108647
T12389,Infrared Target Detection Methodologies,Physical Sciences,Engineering,Aerospace Engineering,2161,1041,49,1041,2.0758885686839577,4.707012487992315
T10998,Heat Transfer and Optimization,Physical Sciences,Engineering,Mechanical Engineering,2159,1351,72,1351,1.5980754996299038,5.329385640266469
T14409,Educational Systems and Policies,Physical Sciences,Computer Science,Information Systems,2158,633,62,633,3.4091627172195893,9.794628751974724
T14227,Educational Practices and Challenges,Social Sciences,Social Sciences,Education,2157,634,59,634,3.4022082018927446,9.305993690851736
T13008,Agricultural Practices and Plant Genetics,Life Sciences,Agricultural and Biological Sciences,Plant Science,2155,1244,26,1244,1.732315112540193,2.090032154340836
T14333,Dermatoglyphics and Human Traits,Life Sciences,"Biochemistry, Genetics and Molecular Biology",Genetics,2151,802,11,801,2.6820448877805485,1.373283395755306
T13229,Gothic Literature and Media Analysis,Social Sciences,Social Sciences,Cultural Studies,2148,798,25,798,2.691729323308271,3.1328320802005014
T10132,Advanced ceramic materials synthesis,Physical Sciences,Materials Science,Ceramics and Composites,2146,1665,35,1665,1.288888888888889,2.1021021021021022
T10962,Thermodynamic properties of mixtures,Physical Sciences,Chemical Engineering,Fluid Flow and Transfer Processes,2143,1132,0,1132,1.8931095406360423,0.0
T13737,Critical and Liberation Pedagogy,Social Sciences,Social Sciences,Education,2139,779,29,779,2.7458279845956355,3.7227214377406934
T11664,Fiber-reinforced polymer composites,Physical Sciences,Engineering,Mechanical Engineering,2133,1215,73,1214,1.7555555555555555,6.013179571663921
T13803,Organizational Strategy and Culture,Social Sciences,"Business, Management and Accounting",Organizational Behavior and Human Resource Management,2132,796,15,795,2.678391959798995,1.8867924528301887
T13317,"Media, Communication, and Education",Social Sciences,Social Sciences,Communication,2126,788,10,788,2.697969543147208,1.2690355329949239
T12978,Innovative Teaching Methodologies in Social Sciences,Social Sciences,Social Sciences,Education,2124,987,37,985,2.1519756838905777,3.7563451776649748
T14419,Banking Systems and Strategies,Social Sciences,"Business, Management and Accounting",Accounting,2123,348,13,346,6.100574712643678,3.7572254335260116
T11799,"Adhesion, Friction, and Surface Interactions",Physical Sciences,Engineering,Mechanics of Materials,2122,1381,20,1381,1.5365677045619117,1.448225923244026
T10951,Cryptographic Implementations and Security,Physical Sciences,Computer Science,Artificial Intelligence,2117,1397,85,1397,1.5153901216893342,6.0844667143879745
T13050,Oil and Gas Production Techniques,Physical Sciences,Engineering,Ocean Engineering,2117,1160,36,1160,1.825,3.103448275862069
T10775,Generative Adversarial Networks and Image Synthesis,Physical Sciences,Computer Science,Computer Vision and Pattern Recognition,2113,835,199,833,2.5305389221556887,23.88955582232893
T12555,Ancient Egypt and Archaeology,Social Sciences,Arts and Humanities,Archeology,2110,1373,33,1372,1.5367807720320465,2.4052478134110786
T11224,Electromagnetic wave absorption materials,Physical Sciences,Materials Science,"Electronic, Optical and Magnetic Materials",2108,362,37,362,5.823204419889502,10.220994475138122
T11614,Cloud Data Security Solutions,Physical Sciences,Computer Science,Information Systems,2107,1050,76,1048,2.006666666666667,7.251908396946565
T12575,Medical History and Research,Social Sciences,Arts and Humanities,History,2106,1068,25,1066,1.9719101123595506,2.345215759849906
T12111,Industrial Vision Systems and Defect Detection,Physical Sciences,Engineering,Industrial and Manufacturing Engineering,2104,1091,122,1091,1.9285059578368469,11.182401466544455
T12761,Data Stream Mining Techniques,Physical Sciences,Computer Science,Artificial Intelligence,2102,813,88,813,2.5854858548585486,10.824108241082412
T14154,"finance, banking, and market dynamics",Social Sciences,"Economics, Econometrics and Finance",Finance,2101,344,20,344,6.107558139534884,5.813953488372093
T10052,Medical Image Segmentation Techniques,Physical Sciences,Computer Science,Computer Vision and Pattern Recognition,2101,1218,39,1218,1.7249589490968802,3.2019704433497536
T13699,Public Spaces through Art,Social Sciences,Social Sciences,Urban Studies,2094,950,47,949,2.2042105263157894,4.952581664910432
T11063,Rough Sets and Fuzzy Logic,Physical Sciences,Computer Science,Computational Theory and Mathematics,2093,948,6,948,2.207805907172996,0.6329113924050633
T13622,Historical and Environmental Studies,Social Sciences,Social Sciences,Sociology and Political Science,2093,860,38,857,2.433720930232558,4.434072345390899
T14342,"Military, Security, and Education Studies",Social Sciences,Social Sciences,Sociology and Political Science,2091,917,58,911,2.2802617230098146,6.366630076838639
T12877,Social Issues in Poland,Social Sciences,Social Sciences,General Social Sciences,2089,460,21,460,4.541304347826087,4.565217391304348
T13734,Advanced Computational Techniques and Applications,Physical Sciences,Computer Science,Artificial Intelligence,2088,827,58,827,2.524788391777509,7.013301088270858
T12513,Rocket and propulsion systems research,Physical Sciences,Engineering,Aerospace Engineering,2086,1323,60,1322,1.5767195767195767,4.53857791225416
T10175,Advanced DC-DC Converters,Physical Sciences,Engineering,Electrical and Electronic Engineering,2085,1175,51,1175,1.774468085106383,4.340425531914893
T12787,Human Behavior and Motivation,Social Sciences,Psychology,Applied Psychology,2084,415,0,415,5.021686746987951,0.0
T13237,Socio-economic Development and Sustainability,Social Sciences,"Economics, Econometrics and Finance",Economics and Econometrics,2082,259,33,256,8.038610038610038,12.890625
T12742,Sunflower and Safflower Cultivation,Life Sciences,Agricultural and Biological Sciences,Plant Science,2075,1067,34,1067,1.9447047797563262,3.1865042174320526
T14277,Social Skills and Education,Social Sciences,Social Sciences,Education,2074,800,65,798,2.5925,8.145363408521304
T11893,German Literature and Culture Studies,Social Sciences,Arts and Humanities,Literature and Literary Theory,2070,1070,14,1068,1.9345794392523366,1.3108614232209739
T13391,Innovations in Aquaponics and Hydroponics Systems,Life Sciences,Agricultural and Biological Sciences,Aquatic Science,2066,692,80,691,2.985549132947977,11.577424023154848
T13316,"Crafts, Textile, and Design",Social Sciences,Arts and Humanities,Museology,2066,873,62,873,2.3665521191294387,7.101947308132875
T11501,TGF-β signaling in diseases,Life Sciences,"Biochemistry, Genetics and Molecular Biology",Molecular Biology,2065,1416,13,1416,1.4583333333333333,0.9180790960451978
T14312,Historical Studies in Central America,Social Sciences,Arts and Humanities,History,2065,472,31,461,4.375,6.724511930585683
T14048,Silkworms and Sericulture Research,Life Sciences,Agricultural and Biological Sciences,Insect Science,2064,889,27,889,2.3217097862767155,3.0371203599550056
T11701,Space Satellite Systems and Control,Physical Sciences,Engineering,Aerospace Engineering,2061,1185,135,1178,1.7392405063291139,11.460101867572156
T13885,Geophysics and Sensor Technology,Physical Sciences,Engineering,Ocean Engineering,2060,1161,35,1161,1.7743324720068907,3.0146425495262705
T14101,Financial Crisis of the 21st Century,Social Sciences,"Economics, Econometrics and Finance",Finance,2060,934,26,932,2.2055674518201287,2.7896995708154506
T10080,Energy Efficient Wireless Sensor Networks,Physical Sciences,Computer Science,Computer Networks and Communications,2059,1241,42,1240,1.6591458501208702,3.3870967741935485
T12353,Lexicography and Language Studies,Social Sciences,Arts and Humanities,Language and Linguistics,2052,1164,36,1164,1.7628865979381443,3.0927835051546393
T14407,Athletic Training and Education,Health Sciences,Health Professions,"Physical Therapy, Sports Therapy and Rehabilitation",2046,656,46,654,3.1189024390243905,7.033639143730887
T13691,"Energy, Environment, Agriculture Analysis",Physical Sciences,Energy,"Renewable Energy, Sustainability and the Environment",2046,743,84,741,2.7537012113055184,11.336032388663968
T13543,Oropharyngeal Anatomy and Pathologies,Health Sciences,Medicine,Rheumatology,2044,973,15,972,2.1007194244604315,1.5432098765432098
T14146,Earthquake and Tsunami Effects,Physical Sciences,Engineering,Civil and Structural Engineering,2044,936,43,931,2.1837606837606836,4.618689581095596
T12202,nanoparticles nucleation surface interactions,Physical Sciences,Earth and Planetary Sciences,Atmospheric Science,2041,1317,23,1317,1.5497342444950646,1.7463933181473046
T10936,Millimeter-Wave Propagation and Modeling,Physical Sciences,Engineering,Electrical and Electronic Engineering,2040,1128,69,1128,1.8085106382978724,6.117021276595745
T13630,Agriculture Market Analysis Ukraine,Life Sciences,Agricultural and Biological Sciences,General Agricultural and Biological Sciences,2037,329,61,328,6.191489361702128,18.597560975609756
T11201,Metallurgy and Material Forming,Physical Sciences,Engineering,Mechanics of Materials,2036,1291,18,1290,1.5770720371804803,1.3953488372093024
T10789,Interactive and Immersive Displays,Physical Sciences,Computer Science,Human-Computer Interaction,2036,1242,34,1240,1.6392914653784219,2.7419354838709675
T11569,Optical Coherence Tomography Applications,Physical Sciences,Engineering,Biomedical Engineering,2033,1225,31,1225,1.6595918367346938,2.5306122448979593
T12650,Aesthetic Perception and Analysis,Life Sciences,Neuroscience,Cognitive Neuroscience,2033,964,87,962,2.108921161825726,9.043659043659044
T12133,Pragmatism in Philosophy and Education,Social Sciences,Arts and Humanities,Philosophy,2033,566,9,566,3.591872791519435,1.5901060070671378
T14321,"Religion, Theology, and Education",Social Sciences,Arts and Humanities,Religious studies,2025,979,56,977,2.0684371807967312,5.731832139201638
T12912,"Shakespeare, Adaptation, and Literary Criticism",Social Sciences,Arts and Humanities,Literature and Literary Theory,2024,917,14,916,2.207197382769902,1.5283842794759825
T11714,Multimodal Machine Learning Applications,Physical Sciences,Computer Science,Computer Vision and Pattern Recognition,2022,973,287,965,2.078108941418294,29.740932642487046
T10382,Quantum and electron transport phenomena,Physical Sciences,Physics and Astronomy,"Atomic and Molecular Physics, and Optics",2022,1456,78,1455,1.3887362637362637,5.360824742268041
T12377,Digital Humanities and Scholarship,Social Sciences,Arts and Humanities,Literature and Literary Theory,2021,1112,102,1106,1.8174460431654675,9.22242314647378
T14462,Educational Methods and Impacts,Social Sciences,Social Sciences,Education,2020,1095,179,1095,1.8447488584474885,16.347031963470318
T13682,Engineering Education and Pedagogy,Physical Sciences,Engineering,Architecture,2014,732,12,732,2.751366120218579,1.639344262295082
T10558,Advancements in Semiconductor Devices and Circuit Design,Physical Sciences,Engineering,Electrical and Electronic Engineering,2014,1256,66,1254,1.6035031847133758,5.2631578947368425
T11659,Advanced Image Fusion Techniques,Physical Sciences,Engineering,Media Technology,2014,987,50,987,2.0405268490374873,5.065856129685917
T13336,Religious Freedom and Discrimination,Social Sciences,Social Sciences,Law,2012,861,27,860,2.3368176538908245,3.13953488372093
T12274,Electrostatics and Colloid Interactions,Physical Sciences,Chemistry,Physical and Theoretical Chemistry,2011,1088,9,1088,1.8483455882352942,0.8272058823529411
T11778,Electrical and Bioimpedance Tomography,Physical Sciences,Engineering,Electrical and Electronic Engineering,2011,1067,33,1067,1.8847235238987816,3.0927835051546393
T11440,Click Chemistry and Applications,Physical Sciences,Chemistry,Organic Chemistry,2007,1132,37,1132,1.7729681978798586,3.2685512367491167
T14110,Islamic Studies and Radicalism,Social Sciences,Social Sciences,Sociology and Political Science,2003,1013,68,1013,1.977295162882527,6.712734452122409
T14117,Integrated Circuits and Semiconductor Failure Analysis,Physical Sciences,Engineering,Electrical and Electronic Engineering,2002,1252,52,1252,1.599041533546326,4.15335463258786
T10667,Emotion and Mood Recognition,Social Sciences,Psychology,Experimental and Cognitive Psychology,2001,1005,85,1000,1.991044776119403,8.5
T13503,"Gender, Health, and Social Inequality",Social Sciences,Social Sciences,Sociology and Political Science,2001,793,69,790,2.523329129886507,8.734177215189874
T12355,Genetic and rare skin diseases.,Life Sciences,"Biochemistry, Genetics and Molecular Biology",Genetics,1992,1287,32,1287,1.5477855477855478,2.4864024864024863
T10540,Advanced Fluorescence Microscopy Techniques,Life Sciences,"Biochemistry, Genetics and Molecular Biology",Biophysics,1991,1337,64,1337,1.4891548242333583,4.786836200448766
T13386,Educational Methods and Teacher Development,Physical Sciences,Computer Science,Information Systems,1991,581,41,581,3.4268502581755595,7.056798623063683
T14330,Library Science and Information Systems,Physical Sciences,Computer Science,Information Systems,1989,889,98,886,2.237345331833521,11.060948081264108
T13657,Aortic Thrombus and Embolism,Health Sciences,Medicine,Pulmonary and Respiratory Medicine,1987,944,19,941,2.104872881355932,2.0191285866099893
T13814,Cultural and political discourse analysis,Social Sciences,Social Sciences,Linguistics and Language,1981,1031,94,1030,1.921435499515034,9.12621359223301
T11909,Histiocytic Disorders and Treatments,Health Sciences,Medicine,Physiology,1980,1284,22,1283,1.5420560747663552,1.71473109898675
T11938,ERP Systems Implementation and Impact,Social Sciences,"Business, Management and Accounting",Management Information Systems,1976,1035,14,1034,1.9091787439613526,1.3539651837524178
T11908,Protein Interaction Studies and Fluorescence Analysis,Life Sciences,"Biochemistry, Genetics and Molecular Biology",Molecular Biology,1967,1017,6,1017,1.9341199606686332,0.5899705014749262
T11416,Numerical methods for differential equations,Physical Sciences,Mathematics,Numerical Analysis,1965,1117,8,1117,1.7591763652641004,0.7162041181736795
T10138,Network Traffic and Congestion Control,Physical Sciences,Computer Science,Computer Networks and Communications,1963,1032,19,1030,1.9021317829457365,1.8446601941747574
T12993,Psychology of Development and Education,Social Sciences,Psychology,Developmental and Educational Psychology,1962,717,42,716,2.7364016736401675,5.865921787709497
T13475,Digital Transformation in Law,Social Sciences,"Economics, Econometrics and Finance","General Economics, Econometrics and Finance",1960,572,160,571,3.4265734265734267,28.021015761821367
T11513,stochastic dynamics and bifurcation,Physical Sciences,Physics and Astronomy,Statistical and Nonlinear Physics,1958,855,52,855,2.290058479532164,6.081871345029239
T10805,Vehicle Dynamics and Control Systems,Physical Sciences,Engineering,Automotive Engineering,1953,1087,38,1087,1.796688132474701,3.4958601655933763
T13426,Kruppel-like factors research,Life Sciences,"Biochemistry, Genetics and Molecular Biology",Molecular Biology,1953,1217,23,1217,1.6047658175842234,1.8898931799506984
T14297,Plant-Derived Bioactive Compounds,Physical Sciences,Chemistry,Organic Chemistry,1952,835,24,834,2.3377245508982036,2.8776978417266186
T10478,Diamond and Carbon-based Materials Research,Physical Sciences,Materials Science,Materials Chemistry,1951,1462,52,1462,1.3344733242134064,3.556771545827633
T13053,SMEs Development and Digital Marketing,Social Sciences,Social Sciences,Demography,1949,1447,207,1447,1.3469246717346233,14.305459571527297
T10462,Reinforcement Learning in Robotics,Physical Sciences,Computer Science,Artificial Intelligence,1945,875,148,872,2.222857142857143,16.972477064220183
T13328,Osteomyelitis and Bone Disorders Research,Health Sciences,Medicine,Rheumatology,1940,1058,33,1056,1.833648393194707,3.125
T12537,Flow Measurement and Analysis,Physical Sciences,Engineering,Mechanics of Materials,1937,859,23,857,2.2549476135040747,2.6837806301050176
T13333,American Political and Social Dynamics,Social Sciences,Arts and Humanities,History,1936,884,11,881,2.1900452488687785,1.2485811577752555
T12651,Halal products and consumer behavior,Social Sciences,Social Sciences,Sociology and Political Science,1933,824,66,823,2.345873786407767,8.019441069258809
T13472,Brazilian History and Foreign Policy,Social Sciences,"Economics, Econometrics and Finance",Economics and Econometrics,1932,733,64,729,2.635743519781719,8.779149519890261
T13912,"Language, Linguistics, Cultural Analysis",Social Sciences,Arts and Humanities,Language and Linguistics,1931,893,45,893,2.1623740201567747,5.039193729003359
T12368,Grey System Theory Applications,Social Sciences,Decision Sciences,Management Science and Operations Research,1929,599,25,599,3.2203672787979967,4.173622704507513
T13139,Polish Legal and Social Issues,Social Sciences,Social Sciences,Law,1926,525,50,523,3.6685714285714286,9.560229445506693
T10759,Translation Studies and Practices,Social Sciences,Arts and Humanities,Language and Linguistics,1926,1084,63,1084,1.7767527675276753,5.8118081180811805
T12868,Photography and Visual Culture,Social Sciences,Arts and Humanities,History,1926,981,13,981,1.963302752293578,1.325178389398573
T11991,Soft tissue tumor case studies,Health Sciences,Medicine,Rheumatology,1922,1258,32,1258,1.5278219395866455,2.5437201907790143
T10203,Recommender Systems and Techniques,Physical Sciences,Computer Science,Information Systems,1921,878,82,877,2.1879271070615034,9.35005701254276
T13798,Hops Chemistry and Applications,Life Sciences,"Pharmacology, Toxicology and Pharmaceutics",Pharmacology,1920,889,28,886,2.159730033745782,3.160270880361174
T13586,"HIV, TB, and STIs Epidemiology",Social Sciences,Social Sciences,General Social Sciences,1915,579,20,578,3.307426597582038,3.4602076124567476
T10274,Synthesis and biological activity,Physical Sciences,Chemistry,Organic Chemistry,1913,1110,44,1110,1.7234234234234234,3.963963963963964
T12215,Phytochemical Studies and Bioactivities,Life Sciences,"Biochemistry, Genetics and Molecular Biology",Molecular Biology,1911,1070,8,1069,1.785981308411215,0.7483629560336763
T14236,Educational Tools and Methods,Social Sciences,Social Sciences,Safety Research,1910,671,44,670,2.8464977645305516,6.567164179104478
T12307,Ancient Near East History,Social Sciences,Arts and Humanities,Archeology,1909,1136,15,1135,1.6804577464788732,1.3215859030837005
T13654,Urban Planning and Landscape Design,Physical Sciences,Environmental Science,"Management, Monitoring, Policy and Law",1906,650,32,650,2.9323076923076923,4.923076923076923
T11883,Embodied and Extended Cognition,Life Sciences,Neuroscience,Cognitive Neuroscience,1904,850,61,839,2.24,7.270560190703218
T12444,"Art, Politics, and Modernism",Social Sciences,Arts and Humanities,Visual Arts and Performing Arts,1902,941,17,939,2.02125398512221,1.810436634717785
T13477,Sustainable Design and Development,Physical Sciences,Engineering,Building and Construction,1900,357,46,352,5.322128851540616,13.068181818181818
T10514,Numerical methods in engineering,Physical Sciences,Engineering,Mechanics of Materials,1899,1401,25,1401,1.3554603854389722,1.7844396859386153
T13922,Historical Art and Culture Studies,Social Sciences,Arts and Humanities,Museology,1895,958,17,958,1.9780793319415448,1.7745302713987474
T10093,Nuclear physics research studies,Physical Sciences,Physics and Astronomy,Nuclear and High Energy Physics,1894,1130,6,1129,1.6761061946902656,0.5314437555358724
T13203,Environmental Changes in China,Physical Sciences,Environmental Science,Global and Planetary Change,1888,664,31,664,2.8433734939759034,4.668674698795181
T11739,Microwave Imaging and Scattering Analysis,Physical Sciences,Engineering,Biomedical Engineering,1887,875,28,875,2.1565714285714286,3.2
T12206,Vibration and Dynamic Analysis,Physical Sciences,Engineering,Control and Systems Engineering,1880,1361,22,1360,1.3813372520205731,1.6176470588235294
T10927,Access Control and Trust,Social Sciences,Social Sciences,Sociology and Political Science,1879,801,41,798,2.3458177278402,5.137844611528822
T10938,Phase Change Materials Research,Physical Sciences,Engineering,Mechanical Engineering,1879,1085,39,1085,1.7317972350230415,3.5944700460829493
T14197,Historical Studies of Medieval Iberia,Social Sciences,Arts and Humanities,Archeology,1877,1284,132,1282,1.4618380062305296,10.29641185647426
T14506,Historical and Architectural Studies,Social Sciences,Arts and Humanities,Archeology,1873,961,49,961,1.9490114464099897,5.098855359001041
T13996,Diverse Musicological Studies,Social Sciences,Arts and Humanities,Music,1871,905,38,902,2.067403314917127,4.212860310421286
T14292,"Migration, Policy, and Dickens Studies",Social Sciences,Social Sciences,Demography,1869,497,37,494,3.76056338028169,7.489878542510121
T11582,Nanopore and Nanochannel Transport Studies,Physical Sciences,Engineering,Biomedical Engineering,1868,1118,33,1117,1.670840787119857,2.954341987466428
T12810,Real-time simulation and control systems,Physical Sciences,Engineering,Control and Systems Engineering,1867,1109,35,1109,1.6834986474301172,3.1559963931469794
T13284,Psychology Research and Bibliometrics,Social Sciences,Psychology,Experimental and Cognitive Psychology,1866,831,42,830,2.2454873646209386,5.0602409638554215
T13590,"Oral History, Memory, Narrative Analysis",Social Sciences,Arts and Humanities,History,1864,839,24,838,2.2216924910607867,2.863961813842482
T13121,Radio Wave Propagation Studies,Physical Sciences,Engineering,Aerospace Engineering,1864,807,37,806,2.3097893432465924,4.590570719602978
T13277,"Media, Religion, Digital Communication",Social Sciences,Arts and Humanities,Philosophy,1863,833,74,832,2.2364945978391355,8.89423076923077
T10100,Metaheuristic Optimization Algorithms Research,Physical Sciences,Computer Science,Artificial Intelligence,1859,940,20,940,1.9776595744680852,2.127659574468085
T11574,Artificial Intelligence in Games,Physical Sciences,Computer Science,Artificial Intelligence,1858,688,66,685,2.7005813953488373,9.635036496350365
T11382,Fluid Dynamics and Heat Transfer,Physical Sciences,Engineering,Computational Mechanics,1858,1292,35,1292,1.438080495356037,2.708978328173375
T10720,Complexity and Algorithms in Graphs,Physical Sciences,Computer Science,Computational Theory and Mathematics,1857,964,12,964,1.9263485477178424,1.2448132780082988
T13518,Architecture and Computational Design,Physical Sciences,Engineering,Architecture,1857,816,71,815,2.275735294117647,8.71165644171779
T11709,Traditional Chinese Medicine Analysis,Health Sciences,Medicine,Complementary and alternative medicine,1857,1115,18,1114,1.6654708520179373,1.6157989228007181
T10868,Soft Robotics and Applications,Physical Sciences,Engineering,Biomedical Engineering,1856,1151,101,1148,1.6125108601216334,8.797909407665506
T13291,Political Theory and Democracy,Social Sciences,Social Sciences,Political Science and International Relations,1854,795,75,791,2.332075471698113,9.481668773704172
T12099,Advanced materials and composites,Physical Sciences,Engineering,Mechanical Engineering,1853,1371,48,1371,1.3515681983953318,3.50109409190372
T13397,Hallucinations in medical conditions,Life Sciences,Neuroscience,Cognitive Neuroscience,1846,775,21,774,2.3819354838709677,2.7131782945736433
T13999,Digital Rights Management and Security,Physical Sciences,Computer Science,Information Systems,1846,789,51,788,2.3396704689480354,6.472081218274112
T11965,"Quantum, superfluid, helium dynamics",Physical Sciences,Physics and Astronomy,"Atomic and Molecular Physics, and Optics",1841,843,19,843,2.183867141162515,2.2538552787663106
T11945,Heat Transfer Mechanisms,Physical Sciences,Engineering,Mechanical Engineering,1841,1009,21,1009,1.8245787908820614,2.0812685827552033
T14457,Intellectual Property Rights and Media,Social Sciences,Social Sciences,Political Science and International Relations,1840,632,24,630,2.911392405063291,3.8095238095238093
T13819,Collaborative and Sustainable Housing Initiatives,Social Sciences,Social Sciences,Urban Studies,1839,581,89,571,3.1652323580034425,15.586690017513135
T14099,Synthesis and Characterization of Heterocyclic Compounds,Physical Sciences,Chemistry,Organic Chemistry,1832,953,16,953,1.9223504721930744,1.6789087093389297
T11765,Circular RNAs in diseases,Life Sciences,"Biochemistry, Genetics and Molecular Biology",Molecular Biology,1829,1287,46,1286,1.4211344211344212,3.576982892690513
T13513,Urban and sociocultural dynamics,Social Sciences,Social Sciences,Urban Studies,1828,928,54,928,1.9698275862068966,5.818965517241379
T12874,Digital Imaging for Blood Diseases,Physical Sciences,Computer Science,Computer Vision and Pattern Recognition,1828,880,67,878,2.077272727272727,7.6309794988610475
T10721,Surfactants and Colloidal Systems,Physical Sciences,Chemistry,Organic Chemistry,1826,1089,12,1089,1.6767676767676767,1.1019283746556474
T10544,Glass properties and applications,Physical Sciences,Materials Science,Ceramics and Composites,1821,1299,18,1299,1.4018475750577368,1.3856812933025404
T11549,Synthetic Organic Chemistry Methods,Physical Sciences,Chemistry,Organic Chemistry,1815,1092,17,1092,1.6620879120879122,1.5567765567765568
T10034,"Syntax, Semantics, Linguistic Variation",Social Sciences,Arts and Humanities,Language and Linguistics,1811,1027,16,1027,1.7633885102239533,1.557935735150925
T11726,Organizational Management and Innovation,Social Sciences,"Business, Management and Accounting",Organizational Behavior and Human Resource Management,1809,582,40,581,3.1082474226804124,6.884681583476764
T14014,Transportation Systems and Infrastructure,Social Sciences,"Business, Management and Accounting",Management of Technology and Innovation,1805,647,30,645,2.7897990726429676,4.651162790697675
T14338,"Leadership, Human Resources, Global Affairs",Social Sciences,Social Sciences,Political Science and International Relations,1802,648,20,644,2.7808641975308643,3.1055900621118013
T10500,Sparse and Compressive Sensing Techniques,Physical Sciences,Engineering,Computational Mechanics,1802,787,23,787,2.289707750952986,2.9224904701397714
T14080,"Philosophy, Sociology, Political Theory",Social Sciences,Social Sciences,Sociology and Political Science,1801,865,43,862,2.0820809248554912,4.9883990719257545
T13782,Transactional Analysis in Psychotherapy,Social Sciences,Psychology,Clinical Psychology,1799,735,11,735,2.447619047619048,1.4965986394557824
T11017,Chaos-based Image/Signal Encryption,Physical Sciences,Computer Science,Computer Vision and Pattern Recognition,1798,1012,66,1012,1.7766798418972332,6.521739130434782
T13128,Chromatography in Natural Products,Physical Sciences,Chemistry,Analytical Chemistry,1796,1133,11,1133,1.5851721094439541,0.970873786407767
T10511,High voltage insulation and dielectric phenomena,Physical Sciences,Materials Science,Materials Chemistry,1793,1177,17,1177,1.5233644859813085,1.4443500424808835
T10859,Polymer Surface Interaction Studies,Physical Sciences,Materials Science,"Surfaces, Coatings and Films",1792,1128,20,1127,1.5886524822695036,1.774622892635315
T13453,Alkaline Phosphatase Research Studies,Health Sciences,Medicine,"Endocrinology, Diabetes and Metabolism",1792,984,12,984,1.8211382113821137,1.2195121951219512
T11449,Mechanical and Optical Resonators,Physical Sciences,Physics and Astronomy,"Atomic and Molecular Physics, and Optics",1790,1327,32,1325,1.3489073097211757,2.4150943396226414
T13735,History of Medical Practice,Health Sciences,Medicine,Neurology,1788,1053,17,1053,1.6980056980056981,1.6144349477682811
T13114,Image Processing Techniques and Applications,Physical Sciences,Engineering,Media Technology,1786,897,46,896,1.9910813823857303,5.133928571428571
T12774,Bauxite Residue and Utilization,Physical Sciences,Engineering,Mechanical Engineering,1786,849,45,841,2.1036513545347466,5.35077288941736
T14074,Persona Design and Applications,Physical Sciences,Computer Science,Human-Computer Interaction,1785,878,81,874,2.0330296127562644,9.267734553775744
T10986,RFID technology advancements,Physical Sciences,Engineering,Media Technology,1784,830,16,830,2.149397590361446,1.927710843373494
T14064,Organizational and Employee Performance,Physical Sciences,Computer Science,Artificial Intelligence,1782,841,146,839,2.1189060642092747,17.401668653158524
T12914,Infectious Disease Case Reports and Treatments,Health Sciences,Medicine,Infectious Diseases,1780,896,26,895,1.9866071428571428,2.905027932960894
T10575,Wireless Communication Networks Research,Physical Sciences,Computer Science,Computer Networks and Communications,1778,1224,25,1224,1.4526143790849673,2.042483660130719
T14449,Education and Character Development,Social Sciences,Social Sciences,Education,1775,1205,113,1205,1.4730290456431536,9.377593360995851
T12183,Teratomas and Epidermoid Cysts,Health Sciences,Medicine,Surgery,1771,966,16,964,1.8333333333333333,1.6597510373443984
T13930,Diverse Education and Engineering Focus,Social Sciences,Social Sciences,Education,1769,443,19,438,3.9932279909706545,4.337899543378995
T12457,Ecocriticism and Environmental Literature,Social Sciences,Arts and Humanities,Literature and Literary Theory,1768,636,31,633,2.779874213836478,4.897314375987362
T13003,Regional Development and Environment,Social Sciences,Social Sciences,Sociology and Political Science,1768,385,48,385,4.592207792207792,12.467532467532468
T11666,Color Science and Applications,Physical Sciences,Physics and Astronomy,"Atomic and Molecular Physics, and Optics",1767,1051,16,1049,1.681255946717412,1.5252621544327931
T12983,Satellite Image Processing and Photogrammetry,Physical Sciences,Engineering,Ocean Engineering,1764,706,31,705,2.498583569405099,4.397163120567376
T11372,Hydraulic and Pneumatic Systems,Physical Sciences,Engineering,Mechanical Engineering,1761,1239,26,1239,1.4213075060532687,2.0984665052461664
T14380,Libraries and Information Services,Social Sciences,Arts and Humanities,Museology,1760,855,110,839,2.0584795321637426,13.110846245530393
T12240,Nanomaterials for catalytic reactions,Physical Sciences,Chemistry,Organic Chemistry,1759,1155,78,1155,1.522943722943723,6.753246753246753
T12203,Mobile Agent-Based Network Management,Physical Sciences,Computer Science,Computer Networks and Communications,1753,901,28,893,1.9456159822419534,3.135498320268757
T14120,Thallium and Germanium Studies,Physical Sciences,Environmental Science,Pollution,1752,645,6,645,2.7162790697674417,0.9302325581395349
T13278,Economic and Business Development Strategies,Social Sciences,"Economics, Econometrics and Finance",Economics and Econometrics,1752,543,78,543,3.226519337016575,14.3646408839779
T13485,Marine and Coastal Ecosystems,Physical Sciences,Environmental Science,Ecology,1752,757,64,756,2.3143989431968297,8.465608465608465
T12768,Linguistics and language evolution,Social Sciences,Arts and Humanities,Language and Linguistics,1748,1003,27,1003,1.7427716849451644,2.691924227318046
T11240,Luminescence and Fluorescent Materials,Physical Sciences,Materials Science,Materials Chemistry,1743,1414,26,1411,1.2326732673267327,1.8426647767540751
T12585,North African History and Literature,Social Sciences,Arts and Humanities,History,1742,801,28,800,2.17478152309613,3.5
T13727,Linguistic and Sociocultural Studies,Social Sciences,Social Sciences,Linguistics and Language,1741,897,25,897,1.9409141583054625,2.787068004459309
T14281,Islamic Finance and Communication,Social Sciences,Social Sciences,Sociology and Political Science,1740,1159,140,1159,1.5012942191544434,12.079378774805868
T10941,Musicology and Musical Analysis,Social Sciences,Arts and Humanities,Music,1739,804,21,804,2.1629353233830844,2.611940298507463
T12551,Forgiveness and Related Behaviors,Social Sciences,Psychology,Social Psychology,1739,782,31,779,2.2237851662404093,3.9794608472400514
T10740,Wind Turbine Control Systems,Physical Sciences,Engineering,Electrical and Electronic Engineering,1734,770,21,770,2.251948051948052,2.727272727272727
T13183,Islanding Detection in Power Systems,Physical Sciences,Engineering,Electrical and Electronic Engineering,1734,987,40,986,1.756838905775076,4.056795131845842
T10247,Perovskite Materials and Applications,Physical Sciences,Engineering,Electrical and Electronic Engineering,1734,1222,153,1221,1.4189852700491,12.530712530712531
T14479,Freezing and Crystallization Processes,Physical Sciences,Engineering,Mechanics of Materials,1733,1029,18,1029,1.684159378036929,1.749271137026239
T13879,Indigenous Peoples' Rights and Law,Social Sciences,Social Sciences,Law,1726,634,36,626,2.722397476340694,5.7507987220447285
T13832,Advanced Decision-Making Techniques,Physical Sciences,Computer Science,Information Systems,1725,143,4,142,12.062937062937063,2.816901408450704
T14248,Social impacts of COVID-19,Social Sciences,Social Sciences,Safety Research,1724,233,27,232,7.399141630901288,11.637931034482758
T12244,Healthcare Education and Workforce Issues,Health Sciences,Nursing,Leadership and Management,1723,871,41,868,1.9781859931113663,4.723502304147465
T13854,Historical Geography and Cartography,Social Sciences,Social Sciences,"Geography, Planning and Development",1720,860,35,858,2.0,4.0792540792540795
T10481,Computer Graphics and Visualization Techniques,Physical Sciences,Computer Science,Computer Graphics and Computer-Aided Design,1719,1041,60,1041,1.6512968299711817,5.763688760806916
T10477,Astrophysics and Star Formation Studies,Physical Sciences,Physics and Astronomy,Astronomy and Astrophysics,1718,1470,22,1469,1.1687074829931974,1.4976174268209665
T10650,Food Drying and Modeling,Life Sciences,Agricultural and Biological Sciences,Food Science,1717,1148,19,1145,1.495644599303136,1.6593886462882097
T12182,Evolution and Science Education,Social Sciences,Arts and Humanities,History and Philosophy of Science,1715,639,10,639,2.683881064162754,1.5649452269170578
T12665,Bamboo properties and applications,Life Sciences,Agricultural and Biological Sciences,Plant Science,1711,923,25,922,1.8537378114842904,2.7114967462039044
T10956,Fullerene Chemistry and Applications,Physical Sciences,Chemistry,Organic Chemistry,1710,804,9,804,2.126865671641791,1.1194029850746268
T12613,X-ray Diffraction in Crystallography,Physical Sciences,Materials Science,Materials Chemistry,1708,1035,48,1035,1.6502415458937199,4.63768115942029
T14450,Employee Welfare and Language Studies,Social Sciences,"Business, Management and Accounting",Organizational Behavior and Human Resource Management,1707,179,11,173,9.53631284916201,6.358381502890174
T11206,Model Reduction and Neural Networks,Physical Sciences,Physics and Astronomy,Statistical and Nonlinear Physics,1706,809,65,805,2.1087762669962915,8.074534161490684
T10974,Advanced Queuing Theory Analysis,Social Sciences,"Business, Management and Accounting",Management Information Systems,1706,811,15,807,2.103575832305795,1.858736059479554
T14315,Feminist Theory and Gender Studies,Social Sciences,Social Sciences,Gender Studies,1703,505,63,502,3.372277227722772,12.549800796812749
T12564,Sensor Technology and Measurement Systems,Physical Sciences,Computer Science,Computer Networks and Communications,1700,888,21,888,1.9144144144144144,2.364864864864865
T11947,Molten salt chemistry and electrochemical processes,Physical Sciences,Chemical Engineering,Fluid Flow and Transfer Processes,1699,675,38,673,2.517037037037037,5.646359583952452
T14008,Balkan and Eastern European Studies,Social Sciences,"Economics, Econometrics and Finance",Economics and Econometrics,1698,684,61,680,2.482456140350877,8.970588235294118
T10735,Mesoporous Materials and Catalysis,Physical Sciences,Materials Science,Materials Chemistry,1696,1160,20,1160,1.4620689655172414,1.7241379310344827
T13224,Sports and Physical Education Research,Health Sciences,Health Professions,"Physical Therapy, Sports Therapy and Rehabilitation",1695,877,108,876,1.9327251995438997,12.32876712328767
T11557,Lubricants and Their Additives,Physical Sciences,Engineering,Mechanical Engineering,1694,986,14,985,1.718052738336714,1.4213197969543148
T11966,Silk-based biomaterials and applications,Physical Sciences,Materials Science,Biomaterials,1691,1123,29,1123,1.5057880676758681,2.5823686553873553
T11129,Photochemistry and Electron Transfer Studies,Physical Sciences,Chemistry,Physical and Theoretical Chemistry,1690,1115,9,1115,1.515695067264574,0.8071748878923767
T13604,"Adsorption, diffusion, and thermodynamic properties of materials",Physical Sciences,Chemistry,Spectroscopy,1689,713,12,713,2.3688639551192145,1.6830294530154277
T14192,"Literature, Film, and Journalism Analysis",Social Sciences,Arts and Humanities,Literature and Literary Theory,1688,760,6,759,2.221052631578947,0.7905138339920948
T13736,Steroid Chemistry and Biochemistry,Life Sciences,"Biochemistry, Genetics and Molecular Biology",Molecular Biology,1685,956,16,955,1.7625523012552302,1.675392670157068
T10705,Additive Manufacturing Materials and Processes,Physical Sciences,Engineering,Mechanical Engineering,1681,1138,103,1138,1.4771528998242531,9.050966608084359
T13395,"Education, Leadership, and Health Research",Social Sciences,Social Sciences,Education,1679,599,41,597,2.8030050083472453,6.867671691792295
T13037,Piperaceae Chemical and Biological Studies,Life Sciences,"Pharmacology, Toxicology and Pharmaceutics",Pharmacology,1678,860,26,860,1.9511627906976745,3.0232558139534884
T12791,Full-Duplex Wireless Communications,Physical Sciences,Engineering,Electrical and Electronic Engineering,1678,1036,29,1036,1.6196911196911197,2.799227799227799
T10361,Silicon Carbide Semiconductor Technologies,Physical Sciences,Engineering,Electrical and Electronic Engineering,1675,1134,58,1134,1.4770723104056438,5.114638447971782
T13575,Travel Writing and Literature,Social Sciences,Arts and Humanities,History,1673,639,10,639,2.6181533646322377,1.5649452269170578
T11550,Text and Document Classification Technologies,Physical Sciences,Computer Science,Artificial Intelligence,1672,761,53,760,2.1971090670170828,6.973684210526316
T11038,Advanced SAR Imaging Techniques,Physical Sciences,Engineering,Aerospace Engineering,1671,1129,73,1128,1.4800708591674048,6.471631205673759
T13319,Film in Education and Therapy,Health Sciences,Health Professions,Health Information Management,1670,510,20,506,3.2745098039215685,3.952569169960474
T13502,Community and Sustainable Development,Social Sciences,Social Sciences,Education,1665,456,24,451,3.651315789473684,5.321507760532151
T13419,Ego Development and Educational Practices,Social Sciences,Psychology,Clinical Psychology,1665,556,19,555,2.9946043165467624,3.4234234234234235
T12971,Material Properties and Processing,Physical Sciences,Engineering,Mechanics of Materials,1664,972,8,972,1.7119341563786008,0.823045267489712
T13850,Night-time city culture,Social Sciences,Social Sciences,Urban Studies,1660,510,27,507,3.2549019607843137,5.325443786982248
T13287,Robotic Process Automation Applications,Physical Sciences,Engineering,Industrial and Manufacturing Engineering,1660,174,44,170,9.540229885057471,25.88235294117647
T13482,Engineering Education and Technology,Physical Sciences,Computer Science,Information Systems,1657,357,120,357,4.641456582633054,33.61344537815126
T13963,Organizational Management and Leadership,Social Sciences,"Business, Management and Accounting",Management of Technology and Innovation,1657,436,6,436,3.80045871559633,1.3761467889908257
T13066,Information Society and Technology Trends,Social Sciences,Social Sciences,General Social Sciences,1657,421,10,418,3.9358669833729216,2.3923444976076556
T13572,German Security and Defense Policies,Social Sciences,Social Sciences,Political Science and International Relations,1655,802,116,788,2.0635910224438905,14.720812182741117
T13006,Spanish History and Politics,Social Sciences,Arts and Humanities,History,1655,996,72,994,1.6616465863453815,7.2434607645875255
T13893,Sustainable Development and Policies,Physical Sciences,Environmental Science,"Management, Monitoring, Policy and Law",1652,200,32,190,8.26,16.842105263157894
T14106,Environmental and Sediment Control,Physical Sciences,Environmental Science,"Management, Monitoring, Policy and Law",1651,620,20,619,2.662903225806452,3.231017770597738
T13668,Agricultural and Rural Development Research,Life Sciences,Agricultural and Biological Sciences,Forestry,1650,776,32,774,2.1262886597938144,4.134366925064599
T12678,Themes in Literature Analysis,Social Sciences,Arts and Humanities,Literature and Literary Theory,1650,818,24,818,2.0171149144254277,2.93398533007335
T14276,Power Systems and Technologies,Physical Sciences,Engineering,Electrical and Electronic Engineering,1648,611,29,609,2.69721767594108,4.761904761904762
T12317,Actinomycetales infections and treatment,Health Sciences,Medicine,Microbiology,1647,908,33,905,1.8138766519823788,3.6464088397790055
T14271,Educational Methods and Psychological Studies,Social Sciences,Social Sciences,Education,1646,533,46,533,3.0881801125703565,8.630393996247655
T10796,Cooperative Communication and Network Coding,Physical Sciences,Computer Science,Computer Networks and Communications,1644,1125,50,1125,1.4613333333333334,4.444444444444445
T14518,American Sports and Literature,Social Sciences,Arts and Humanities,History,1643,749,8,748,2.1935914552736984,1.0695187165775402
T14125,"Education, Sociology, Communication Studies",Social Sciences,Social Sciences,Cultural Studies,1641,598,76,596,2.7441471571906355,12.751677852348994
T11439,Video Analysis and Summarization,Physical Sciences,Computer Science,Computer Vision and Pattern Recognition,1640,1006,55,1006,1.6302186878727634,5.467196819085487
T12820,Chromatin Remodeling and Cancer,Life Sciences,"Biochemistry, Genetics and Molecular Biology",Molecular Biology,1639,1090,28,1090,1.503669724770642,2.5688073394495414
T10037,Physics of Superconductivity and Magnetism,Physical Sciences,Physics and Astronomy,Condensed Matter Physics,1634,1312,34,1308,1.2454268292682926,2.599388379204893
T10278,Electric Motor Design and Analysis,Physical Sciences,Engineering,Electrical and Electronic Engineering,1632,975,33,975,1.6738461538461538,3.3846153846153846
T14210,Historical and Linguistic Studies,Social Sciences,Social Sciences,Sociology and Political Science,1631,1080,21,1080,1.510185185185185,1.9444444444444444
T13089,Medieval and Early Modern Iberia,Social Sciences,Arts and Humanities,History,1630,1100,67,1097,1.481818181818182,6.107566089334549
T14124,"Food, Nutrition, and Cultural Practices",Life Sciences,Agricultural and Biological Sciences,Food Science,1630,727,49,720,2.2420907840440165,6.805555555555555
T14020,Medical research and treatments,Health Sciences,Medicine,Surgery,1621,786,31,785,2.0623409669211195,3.949044585987261
T13282,Automated Road and Building Extraction,Physical Sciences,Engineering,Ocean Engineering,1610,805,52,805,2.0,6.459627329192546
T13425,Rural and Ethnic Education,Social Sciences,Social Sciences,Education,1610,637,54,633,2.5274725274725274,8.530805687203792
T11751,Lattice Boltzmann Simulation Studies,Physical Sciences,Engineering,Computational Mechanics,1610,1071,28,1070,1.5032679738562091,2.616822429906542
T10258,Philosophy and Theoretical Science,Social Sciences,Psychology,Experimental and Cognitive Psychology,1602,679,6,678,2.3593519882179677,0.8849557522123894
T14077,Socio-political and Technological Issues,Social Sciences,Social Sciences,Sociology and Political Science,1601,151,31,144,10.602649006622517,21.52777777777778
T14355,Historical Studies of British Isles,Social Sciences,Arts and Humanities,History,1600,861,29,859,1.8583042973286876,3.3760186263096625
T13995,Globalization and political ideologies,Social Sciences,Social Sciences,Political Science and International Relations,1598,454,39,442,3.5198237885462555,8.823529411764707
T14301,Educational methodologies and cognitive development,Social Sciences,Psychology,Developmental and Educational Psychology,1597,490,39,487,3.259183673469388,8.008213552361397
T12042,Satellite Communication Systems,Physical Sciences,Engineering,Aerospace Engineering,1594,1069,168,1068,1.4911131898971002,15.730337078651685
T14127,Food and Agricultural Sciences,Life Sciences,Agricultural and Biological Sciences,Food Science,1588,981,39,981,1.618756371049949,3.9755351681957185
T13628,Agricultural Productivity and Crop Improvement,Life Sciences,Agricultural and Biological Sciences,Agronomy and Crop Science,1588,835,43,835,1.9017964071856288,5.149700598802395
T10840,High Temperature Alloys and Creep,Physical Sciences,Engineering,Mechanical Engineering,1584,1107,13,1107,1.4308943089430894,1.1743450767841013
T14191,Historical Art and Architecture Studies,Social Sciences,Arts and Humanities,Conservation,1578,1073,83,1070,1.4706430568499533,7.757009345794392
T11398,Hand Gesture Recognition Systems,Physical Sciences,Computer Science,Human-Computer Interaction,1577,927,51,927,1.7011866235167206,5.501618122977346
T13971,Synthesis and Biological Activity,Life Sciences,"Biochemistry, Genetics and Molecular Biology",Cancer Research,1575,775,112,770,2.032258064516129,14.545454545454545
T11272,Nanowire Synthesis and Applications,Physical Sciences,Engineering,Biomedical Engineering,1575,1057,41,1057,1.490066225165563,3.878902554399243
T12201,Agricultural Engineering and Mechanization,Physical Sciences,Engineering,Mechanical Engineering,1574,802,28,802,1.9625935162094763,3.491271820448878
T11222,Magnetic Properties and Applications,Physical Sciences,Materials Science,"Electronic, Optical and Magnetic Materials",1572,1036,22,1036,1.5173745173745175,2.1235521235521237
T12298,Phytochemicals and Medicinal Plants,Health Sciences,Medicine,Complementary and alternative medicine,1564,972,39,972,1.6090534979423867,4.012345679012346
T14177,Water Resources and Management,Physical Sciences,Environmental Science,Ecology,1560,483,30,480,3.229813664596273,6.25
T14038,"Youth, Politics, and Society",Social Sciences,Social Sciences,Sociology and Political Science,1556,779,56,777,1.9974326059050065,7.207207207207207
T11973,Plant chemical constituents analysis,Life Sciences,Agricultural and Biological Sciences,Plant Science,1554,836,15,836,1.8588516746411483,1.7942583732057416
T12987,Religion and Society in Latin America,Social Sciences,Social Sciences,Sociology and Political Science,1553,806,64,806,1.9267990074441688,7.94044665012407
T10480,Ionic liquids properties and applications,Physical Sciences,Chemical Engineering,Catalysis,1549,1021,47,1021,1.5171400587659158,4.603330068560235
T12257,Bioactive natural compounds,Life Sciences,"Biochemistry, Genetics and Molecular Biology",Molecular Biology,1549,1002,28,1001,1.5459081836327346,2.797202797202797
T10246,Mobile Ad Hoc Networks,Physical Sciences,Computer Science,Computer Networks and Communications,1544,1124,13,1124,1.3736654804270463,1.1565836298932384
T12101,Advanced Bandit Algorithms Research,Social Sciences,Decision Sciences,Management Science and Operations Research,1544,599,42,595,2.5776293823038396,7.0588235294117645
T12764,Polish Historical and Cultural Studies,Social Sciences,Social Sciences,Political Science and International Relations,1544,790,27,790,1.9544303797468354,3.4177215189873418
T10096,Metal-Organic Frameworks: Synthesis and Applications,Physical Sciences,Chemistry,Inorganic Chemistry,1541,1078,82,1078,1.4294990723562153,7.606679035250464
T11558,Composite Material Mechanics,Physical Sciences,Engineering,Mechanics of Materials,1534,1114,11,1114,1.377019748653501,0.9874326750448833
T10642,Plasma Applications and Diagnostics,Health Sciences,Medicine,"Radiology, Nuclear Medicine and Imaging",1533,932,30,932,1.6448497854077253,3.218884120171674
T13185,Phytochemistry and Bioactive Compounds,Physical Sciences,Materials Science,Biomaterials,1531,889,11,887,1.7221597300337457,1.2401352874859075
T14228,Religion and Sociopolitical Dynamics in Nigeria,Social Sciences,Social Sciences,General Social Sciences,1531,678,35,678,2.25811209439528,5.162241887905605
T11325,Inertial Sensor and Navigation,Physical Sciences,Engineering,Aerospace Engineering,1530,967,55,965,1.5822130299896588,5.699481865284974
T13598,Political Developments and Conflicts,Social Sciences,Social Sciences,Political Science and International Relations,1530,153,18,149,10.0,12.080536912751677
T13886,Operations Management Techniques,Social Sciences,Decision Sciences,Management Science and Operations Research,1530,698,10,697,2.1919770773638967,1.4347202295552368
T10204,Microstructure and mechanical properties,Physical Sciences,Materials Science,Materials Chemistry,1530,1213,15,1213,1.261335531739489,1.2366034624896949
T12960,Heterotopic Ossification and Related Conditions,Health Sciences,Medicine,Rheumatology,1528,928,12,928,1.646551724137931,1.293103448275862
T13382,Robotics and Automated Systems,Physical Sciences,Engineering,Control and Systems Engineering,1527,824,73,824,1.8531553398058251,8.859223300970873
T12706,Subcritical and Supercritical Water Processes,Physical Sciences,Engineering,Biomedical Engineering,1525,730,23,730,2.089041095890411,3.1506849315068495
T13758,Energy Law and Policy,Social Sciences,Decision Sciences,Information Systems and Management,1525,194,24,185,7.860824742268041,12.972972972972974
T12638,Pomegranate: compositions and health benefits,Health Sciences,Nursing,Nutrition and Dietetics,1524,771,21,771,1.9766536964980546,2.7237354085603114
T13496,Advertising and Communication Studies,Social Sciences,Social Sciences,Communication,1524,903,88,903,1.6877076411960132,9.745293466223698
T14367,Logistics and Infrastructure Analysis,Life Sciences,Agricultural and Biological Sciences,Forestry,1523,552,70,546,2.7590579710144927,12.820512820512821
T12228,Coordination Chemistry and Organometallics,Physical Sciences,Chemistry,Organic Chemistry,1522,645,7,645,2.3596899224806203,1.0852713178294573
T10653,Robot Manipulation and Learning,Physical Sciences,Engineering,Control and Systems Engineering,1522,1027,93,1027,1.4819863680623175,9.055501460564752
T12304,Radiative Heat Transfer Studies,Physical Sciences,Engineering,Computational Mechanics,1518,900,20,898,1.6866666666666668,2.2271714922048997
T12984,Transport and Logistics Innovations,Physical Sciences,Engineering,Industrial and Manufacturing Engineering,1517,427,32,426,3.5526932084309135,7.511737089201878
T10700,Metal Forming Simulation Techniques,Physical Sciences,Engineering,Mechanical Engineering,1516,1001,8,1001,1.5144855144855145,0.7992007992007992
T11158,Wireless Networks and Protocols,Physical Sciences,Computer Science,Computer Networks and Communications,1515,958,24,958,1.581419624217119,2.5052192066805845
T12456,Geotourism and Geoheritage Conservation,Physical Sciences,Earth and Planetary Sciences,Geology,1515,685,32,681,2.2116788321167884,4.698972099853157
T11906,"Gender, Sexuality, and Education",Social Sciences,Social Sciences,Gender Studies,1515,718,36,718,2.1100278551532035,5.013927576601671
T13821,Coaching Methods and Impact,Social Sciences,Psychology,Applied Psychology,1514,648,28,646,2.3364197530864197,4.3343653250774
T10891,Radar Systems and Signal Processing,Physical Sciences,Engineering,Aerospace Engineering,1514,1164,52,1161,1.3006872852233677,4.478897502153316
T12567,Heat transfer and supercritical fluids,Physical Sciences,Engineering,Computational Mechanics,1511,797,27,797,1.8958594730238394,3.3877038895859473
T13755,Global socioeconomic and cultural dynamics,Social Sciences,Social Sciences,"Geography, Planning and Development",1510,130,9,128,11.615384615384615,7.03125
T11809,Advanced NMR Techniques and Applications,Physical Sciences,Chemistry,Spectroscopy,1509,1150,22,1150,1.3121739130434782,1.9130434782608696
T13310,Subtitles and Audiovisual Media,Social Sciences,Arts and Humanities,Language and Linguistics,1502,775,25,775,1.9380645161290322,3.225806451612903
T10205,Advanced Fiber Optic Sensors,Physical Sciences,Engineering,Electrical and Electronic Engineering,1500,1087,37,1087,1.3799448022079117,3.4038638454461823
T10220,Machine Fault Diagnosis Techniques,Physical Sciences,Engineering,Control and Systems Engineering,1498,865,53,865,1.7317919075144508,6.127167630057803
T13442,Geochemistry and Geochronology of Asian Mineral Deposits,Social Sciences,"Economics, Econometrics and Finance",Economics and Econometrics,1498,455,21,453,3.292307692307692,4.635761589403973
T14025,Educational Technology and Assessment,Physical Sciences,Computer Science,Information Systems,1494,563,24,563,2.653641207815275,4.262877442273535
T14498,Educational Technology in Learning,Physical Sciences,Computer Science,Information Systems,1489,570,55,570,2.612280701754386,9.649122807017545
T12162,Cellular Automata and Applications,Physical Sciences,Computer Science,Computational Theory and Mathematics,1489,648,18,646,2.2978395061728394,2.7863777089783284
T13129,Material Properties and Applications,Physical Sciences,Materials Science,General Materials Science,1489,794,25,794,1.8753148614609572,3.1486146095717884
T10864,Fluid Dynamics and Mixing,Physical Sciences,Engineering,Biomedical Engineering,1484,1028,20,1028,1.443579766536965,1.9455252918287937
T12427,Metal Alloys Wear and Properties,Physical Sciences,Materials Science,Materials Chemistry,1484,1182,16,1182,1.2554991539763114,1.353637901861252
T13808,Construction Engineering and Safety,Physical Sciences,Engineering,Civil and Structural Engineering,1483,645,19,640,2.2992248062015506,2.96875
T10090,ZnO doping and properties,Physical Sciences,Materials Science,Materials Chemistry,1479,1176,48,1176,1.2576530612244898,4.081632653061225
T13353,Flow Experience in Various Fields,Social Sciences,Psychology,Developmental and Educational Psychology,1477,602,32,597,2.453488372093023,5.360134003350084
T14013,Legal Language and Interpretation,Social Sciences,Social Sciences,Law,1475,609,55,591,2.4220032840722494,9.306260575296108
T14172,Cultural and Social Studies in Latin America,Social Sciences,Arts and Humanities,Literature and Literary Theory,1475,752,52,751,1.961436170212766,6.924101198402131
T12139,Advanced Thermodynamic Systems and Engines,Physical Sciences,Engineering,Mechanical Engineering,1472,741,31,741,1.9865047233468287,4.183535762483131
T14417,Central Asia Education and Culture,Social Sciences,Social Sciences,Political Science and International Relations,1468,507,69,503,2.8954635108481264,13.717693836978132
T11366,Elasticity and Material Modeling,Physical Sciences,Engineering,Biomedical Engineering,1468,1016,17,1014,1.4448818897637796,1.6765285996055226
T11391,Theatre and Performance Studies,Social Sciences,Arts and Humanities,Visual Arts and Performing Arts,1466,809,20,809,1.8121137206427689,2.4721878862793574
T12250,Experimental and Theoretical Physics Studies,Physical Sciences,Physics and Astronomy,Statistical and Nonlinear Physics,1465,839,10,837,1.7461263408820025,1.1947431302270013
T14259,Legal Rights and Human Rights,Social Sciences,Social Sciences,Law,1463,460,27,457,3.1804347826086956,5.908096280087527
T10623,Thin-Film Transistor Technologies,Physical Sciences,Engineering,Electrical and Electronic Engineering,1462,1090,26,1090,1.3412844036697247,2.385321100917431
T12523,Nasolacrimal Duct Obstruction Treatments,Health Sciences,Medicine,Ophthalmology,1461,838,24,836,1.743436754176611,2.8708133971291865
T10810,Polymer composites and self-healing,Physical Sciences,Materials Science,Polymers and Plastics,1461,1023,61,1022,1.4281524926686218,5.968688845401174
T10022,Semiconductor Quantum Structures and Devices,Physical Sciences,Physics and Astronomy,"Atomic and Molecular Physics, and Optics",1460,1161,16,1160,1.2575366063738156,1.3793103448275863
T10939,Crystal Structures and Properties,Physical Sciences,Materials Science,"Electronic, Optical and Magnetic Materials",1456,917,7,917,1.5877862595419847,0.7633587786259542
T11367,Particle accelerators and beam dynamics,Physical Sciences,Engineering,Aerospace Engineering,1454,998,30,998,1.4569138276553106,3.006012024048096
T13189,Physical Education and Training Studies,Health Sciences,Health Professions,"Physical Therapy, Sports Therapy and Rehabilitation",1453,474,36,472,3.0654008438818567,7.627118644067797
T10384,Laser-Plasma Interactions and Diagnostics,Physical Sciences,Physics and Astronomy,Nuclear and High Energy Physics,1452,1057,55,1057,1.3736991485335857,5.203405865657522
T12061,Axon Guidance and Neuronal Signaling,Life Sciences,Neuroscience,Cellular and Molecular Neuroscience,1451,1024,12,1023,1.4169921875,1.1730205278592376
T11829,Mathematical Biology Tumor Growth,Physical Sciences,Mathematics,Modeling and Simulation,1446,652,21,651,2.2177914110429446,3.225806451612903
T14376,Science and Education Research,Social Sciences,Social Sciences,Education,1442,817,60,817,1.7649938800489595,7.343941248470013
T11130,Coding theory and cryptography,Physical Sciences,Computer Science,Artificial Intelligence,1442,880,31,879,1.6386363636363637,3.5267349260523324
T11444,Electromagnetic Compatibility and Noise Suppression,Physical Sciences,Engineering,Electrical and Electronic Engineering,1441,646,20,646,2.2306501547987616,3.0959752321981426
T14019,Socioeconomic and Demographic Analysis,Physical Sciences,Environmental Science,"Management, Monitoring, Policy and Law",1440,327,47,325,4.4036697247706424,14.461538461538462
T11245,Advanced Numerical Analysis Techniques,Physical Sciences,Engineering,Computational Mechanics,1439,645,10,644,2.2310077519379843,1.5527950310559007
T14484,Technology and Data Analysis,Physical Sciences,Computer Science,Information Systems,1437,510,44,510,2.8176470588235296,8.627450980392156
T11463,Classical Philosophy and Thought,Social Sciences,Arts and Humanities,Philosophy,1437,691,8,689,2.07959479015919,1.1611030478955007
T10904,Embedded Systems Design Techniques,Physical Sciences,Computer Science,Hardware and Architecture,1437,967,36,965,1.4860392967942089,3.7305699481865284
T10651,"IPv6, Mobility, Handover, Networks, Security",Physical Sciences,Engineering,Electrical and Electronic Engineering,1436,694,10,694,2.069164265129683,1.440922190201729
T12949,South Asian Studies and Diaspora,Social Sciences,Arts and Humanities,Philosophy,1434,606,21,606,2.366336633663366,3.4653465346534653
T10812,Human Pose and Action Recognition,Physical Sciences,Computer Science,Computer Vision and Pattern Recognition,1433,957,110,957,1.497387669801463,11.494252873563218
T14058,Value Engineering and Management,Social Sciences,"Business, Management and Accounting",Strategy and Management,1432,604,8,603,2.370860927152318,1.3266998341625207
T12804,Thermal Analysis in Power Transmission,Physical Sciences,Engineering,Control and Systems Engineering,1428,729,35,726,1.9588477366255144,4.820936639118457
T12748,Molecular spectroscopy and chirality,Physical Sciences,Chemistry,Spectroscopy,1427,920,14,920,1.5510869565217391,1.5217391304347827
T11202,Cavitation Phenomena in Pumps,Physical Sciences,Engineering,Mechanics of Materials,1425,686,28,686,2.077259475218659,4.081632653061225
T12881,linguistics and terminology studies,Social Sciences,Arts and Humanities,Language and Linguistics,1420,884,49,884,1.6063348416289593,5.542986425339366
T10232,Optical Network Technologies,Physical Sciences,Engineering,Electrical and Electronic Engineering,1420,1020,98,1017,1.392156862745098,9.636184857423796
T14486,"Cardiovascular, Neuropeptides, and Oxidative Stress Research",Health Sciences,Medicine,Surgery,1417,754,11,753,1.8793103448275863,1.4608233731739708
T14071,Healthcare during COVID-19 Pandemic,Physical Sciences,Computer Science,Information Systems,1414,772,95,769,1.8316062176165804,12.35370611183355
T13181,Economic and Technological Systems Analysis,Social Sciences,"Business, Management and Accounting",Management of Technology and Innovation,1413,451,85,451,3.1330376940133036,18.8470066518847
T13719,Phytochemistry and Bioactivity Studies,Life Sciences,"Pharmacology, Toxicology and Pharmaceutics",Pharmacology,1411,823,29,823,1.7144592952612394,3.5236938031591736
T10781,Plasma Diagnostics and Applications,Physical Sciences,Engineering,Electrical and Electronic Engineering,1409,1049,43,1049,1.3431839847473785,4.0991420400381315
T13595,Archaeology and Cultural Heritage,Social Sciences,Social Sciences,Cultural Studies,1408,872,99,869,1.614678899082569,11.39240506329114
T11005,Radiation Effects in Electronics,Physical Sciences,Engineering,Electrical and Electronic Engineering,1407,911,63,911,1.544456641053787,6.915477497255763
T10048,Particle physics theoretical and experimental studies,Physical Sciences,Physics and Astronomy,Nuclear and High Energy Physics,1404,1131,22,1130,1.2413793103448276,1.9469026548672566
T12104,Protein Tyrosine Phosphatases,Life Sciences,"Biochemistry, Genetics and Molecular Biology",Molecular Biology,1404,1022,37,1021,1.3737769080234834,3.623898139079334
T10523,Atomic and Molecular Physics,Physical Sciences,Physics and Astronomy,"Atomic and Molecular Physics, and Optics",1404,955,13,955,1.4701570680628273,1.361256544502618
T12917,Astronomy and Astrophysical Research,Physical Sciences,Physics and Astronomy,Instrumentation,1404,1158,17,1157,1.2124352331606219,1.4693171996542782
T11808,Superconducting Materials and Applications,Physical Sciences,Engineering,Biomedical Engineering,1401,1083,54,1083,1.293628808864266,4.986149584487535
T13005,Religious Studies and Spiritual Practices,Social Sciences,Arts and Humanities,Philosophy,1401,766,14,765,1.828981723237598,1.8300653594771241
T10362,Biblical Studies and Interpretation,Social Sciences,Arts and Humanities,Religious studies,1399,926,17,925,1.5107991360691144,1.837837837837838
T13023,Synthesis of Organic Compounds,Health Sciences,Medicine,Pharmacology,1398,764,10,764,1.8298429319371727,1.3089005235602094
T12723,Hannah Arendt's Political Philosophy,Social Sciences,Social Sciences,Political Science and International Relations,1397,656,14,654,2.129573170731707,2.140672782874618
T10425,Cold Atom Physics and Bose-Einstein Condensates,Physical Sciences,Physics and Astronomy,"Atomic and Molecular Physics, and Optics",1393,1053,43,1051,1.3228869895536561,4.0913415794481445
T12850,Field-Flow Fractionation Techniques,Physical Sciences,Engineering,Computational Mechanics,1393,534,13,534,2.608614232209738,2.4344569288389515
T11476,Graph theory and applications,Physical Sciences,Mathematics,Geometry and Topology,1391,390,5,390,3.566666666666667,1.2820512820512822
T14076,Material Properties and Failure Mechanisms,Physical Sciences,Materials Science,Materials Chemistry,1390,858,28,858,1.6200466200466201,3.2634032634032635
T12793,Caveolin-1 and cellular processes,Life Sciences,"Biochemistry, Genetics and Molecular Biology",Cell Biology,1390,868,16,867,1.6013824884792627,1.845444059976932
T10847,Advanced Optical Network Technologies,Physical Sciences,Engineering,Electrical and Electronic Engineering,1389,790,59,789,1.7582278481012659,7.477820025348542
T10474,Material Dynamics and Properties,Physical Sciences,Materials Science,Materials Chemistry,1388,1020,18,1020,1.3607843137254902,1.7647058823529411
T11160,Acoustic Wave Resonator Technologies,Physical Sciences,Engineering,Biomedical Engineering,1387,1050,15,1050,1.3209523809523809,1.4285714285714286
T13411,Labor Market and Education,Social Sciences,"Economics, Econometrics and Finance",Economics and Econometrics,1384,399,75,397,3.468671679197995,18.89168765743073
T13452,GDF15 and Related Biomarkers,Health Sciences,Medicine,Rheumatology,1383,736,46,733,1.8790760869565217,6.275579809004093
T13981,"Violence, Education, and Gender Studies",Social Sciences,Social Sciences,Education,1379,486,50,485,2.837448559670782,10.309278350515465
T12055,Boron Compounds in Chemistry,Health Sciences,Medicine,"Radiology, Nuclear Medicine and Imaging",1378,707,10,707,1.949080622347949,1.4144271570014144
T12504,Mathematics and Applications,Physical Sciences,Mathematics,Geometry and Topology,1377,595,14,595,2.3142857142857145,2.3529411764705883
T13517,Environmental and Industrial Safety,Physical Sciences,Environmental Science,Environmental Engineering,1376,465,21,465,2.9591397849462364,4.516129032258065
T13298,Solar Energy Systems and Technologies,Physical Sciences,Engineering,Mechanical Engineering,1375,693,32,693,1.9841269841269842,4.617604617604617
T13223,Connective Tissue Growth Factor Research,Life Sciences,"Biochemistry, Genetics and Molecular Biology",Molecular Biology,1372,676,12,675,2.029585798816568,1.7777777777777777
T10903,Porphyrin and Phthalocyanine Chemistry,Physical Sciences,Materials Science,Materials Chemistry,1371,888,21,888,1.5439189189189189,2.364864864864865
T11342,Carbon and Quantum Dots Applications,Physical Sciences,Materials Science,Materials Chemistry,1370,846,38,844,1.6193853427895981,4.502369668246446
T13307,Diverse Scientific and Engineering Research,Physical Sciences,Engineering,Computational Mechanics,1370,220,2,220,6.2272727272727275,0.9090909090909091
T10996,Computational Geometry and Mesh Generation,Physical Sciences,Computer Science,Computer Graphics and Computer-Aided Design,1369,789,9,789,1.73510773130545,1.1406844106463878
T11830,Point processes and geometric inequalities,Physical Sciences,Mathematics,Applied Mathematics,1368,542,12,542,2.5239852398523985,2.2140221402214024
T10834,Welding Techniques and Residual Stresses,Physical Sciences,Engineering,Mechanical Engineering,1367,1058,42,1058,1.2920604914933838,3.9697542533081287
T11870,Structural Analysis and Optimization,Physical Sciences,Engineering,Civil and Structural Engineering,1364,941,11,940,1.4495217853347502,1.1702127659574468
T11170,Biomimetic flight and propulsion mechanisms,Physical Sciences,Engineering,Aerospace Engineering,1355,668,14,667,2.0284431137724552,2.098950524737631
T13509,Accounting and Financial Management,Social Sciences,"Business, Management and Accounting",Accounting,1353,484,48,481,2.7954545454545454,9.97920997920998
T13355,Marketing and Advertising Strategies,Social Sciences,"Business, Management and Accounting",Marketing,1351,625,16,625,2.1616,2.56
T12646,Inorganic Fluorides and Related Compounds,Physical Sciences,Chemistry,Inorganic Chemistry,1351,733,28,733,1.8431105047748977,3.819918144611187
T10988,Advanced Fiber Laser Technologies,Physical Sciences,Physics and Astronomy,"Atomic and Molecular Physics, and Optics",1346,1092,65,1092,1.2326007326007327,5.9523809523809526
T14130,"Healthcare, Law, Governance, and Management Studies",Health Sciences,Health Professions,General Health Professions,1341,396,36,396,3.3863636363636362,9.090909090909092
T11797,graph theory and CDMA systems,Physical Sciences,Engineering,Electrical and Electronic Engineering,1340,457,9,457,2.9321663019693656,1.9693654266958425
T14153,Social Development and Education Research,Social Sciences,Social Sciences,Education,1338,242,3,242,5.528925619834711,1.2396694214876034
T14466,"Migration, Health, Geopolitics, Historical Geography",Social Sciences,Social Sciences,Demography,1338,609,21,606,2.1970443349753697,3.4653465346534653
T11626,Metalloenzymes and iron-sulfur proteins,Physical Sciences,Energy,"Renewable Energy, Sustainability and the Environment",1337,763,16,763,1.7522935779816513,2.0969855832241153
T10045,Organic Electronics and Photovoltaics,Physical Sciences,Engineering,Electrical and Electronic Engineering,1337,1117,57,1117,1.1969561324977618,5.102954341987466
T11564,Mathematical Inequalities and Applications,Physical Sciences,Mathematics,Applied Mathematics,1331,187,6,186,7.117647058823529,3.225806451612903
T13479,Food Science and Nutritional Studies,Health Sciences,Nursing,Nutrition and Dietetics,1327,714,11,712,1.8585434173669468,1.5449438202247192
T10595,Medieval Literature and History,Social Sciences,Arts and Humanities,Classics,1327,900,9,899,1.4744444444444444,1.0011123470522802
T13550,Diverse Applied Research Studies,Social Sciences,Social Sciences,Sociology and Political Science,1327,485,53,485,2.736082474226804,10.927835051546392
T13750,"Mormonism, Religion, and History",Social Sciences,Arts and Humanities,History,1323,610,10,608,2.1688524590163936,1.644736842105263
T13362,Slime Mold and Myxomycetes Research,Physical Sciences,Engineering,Biomedical Engineering,1320,673,30,673,1.9613670133729568,4.457652303120357
T11249,Wireless Power Transfer Systems,Physical Sciences,Engineering,Electrical and Electronic Engineering,1320,745,35,745,1.7718120805369129,4.697986577181208
T12401,Scheduling and Timetabling Solutions,Social Sciences,Decision Sciences,Management Science and Operations Research,1317,487,28,486,2.704312114989733,5.761316872427984
T12084,Synthesis and properties of polymers,Physical Sciences,Materials Science,Polymers and Plastics,1316,828,14,827,1.5893719806763285,1.6928657799274487
T10717,Aluminum Alloys Composites Properties,Physical Sciences,Engineering,Mechanical Engineering,1314,1040,30,1040,1.2634615384615384,2.8846153846153846
T14165,Inflammation biomarkers and pathways,Life Sciences,Immunology and Microbiology,Immunology,1313,660,26,659,1.9893939393939395,3.945371775417299
T11907,Copper-based nanomaterials and applications,Physical Sciences,Materials Science,Materials Chemistry,1311,934,28,934,1.4036402569593147,2.9978586723768736
T13254,Macrophage Migration Inhibitory Factor,Life Sciences,Immunology and Microbiology,Immunology,1306,772,13,770,1.6917098445595855,1.6883116883116882
T13488,Sports and Physical Education Studies,Social Sciences,Social Sciences,Life-span and Life-course Studies,1304,713,37,712,1.8288920056100981,5.196629213483146
T13961,Socioeconomics of Resources and Conservation,Social Sciences,"Economics, Econometrics and Finance",Economics and Econometrics,1304,280,12,278,4.6571428571428575,4.316546762589928
T10588,Mathematical Dynamics and Fractals,Physical Sciences,Mathematics,Mathematical Physics,1298,477,4,476,2.7211740041928723,0.8403361344537815
T13130,Biological and pharmacological studies of plants,Health Sciences,Medicine,Pharmacology,1297,705,45,703,1.8397163120567377,6.401137980085348
T13216,Artistic and Creative Research,Social Sciences,Arts and Humanities,Visual Arts and Performing Arts,1296,598,34,597,2.1672240802675584,5.695142378559464
T13587,Q Methodology Applications,Social Sciences,Decision Sciences,Management Science and Operations Research,1296,456,17,456,2.8421052631578947,3.7280701754385963
T11876,Legal Studies and Policies,Social Sciences,Social Sciences,Law,1295,814,82,814,1.5909090909090908,10.073710073710073
T13167,"Historical, Literary, and Cultural Studies",Social Sciences,Arts and Humanities,Classics,1294,553,15,551,2.3399638336347195,2.722323049001815
T11607,Microwave and Dielectric Measurement Techniques,Physical Sciences,Engineering,Electrical and Electronic Engineering,1293,469,12,469,2.7569296375266523,2.55863539445629
T13875,Legal Studies and Reforms,Social Sciences,Social Sciences,Political Science and International Relations,1292,309,37,308,4.181229773462783,12.012987012987013
T13084,Education during COVID-19 pandemic,Social Sciences,Social Sciences,Education,1291,513,51,512,2.516569200779727,9.9609375
T12527,Chemistry and Stereochemistry Studies,Physical Sciences,Chemistry,Organic Chemistry,1289,379,13,379,3.401055408970976,3.430079155672823
T12079,IoT Networks and Protocols,Physical Sciences,Engineering,Electrical and Electronic Engineering,1285,721,106,720,1.782246879334258,14.722222222222221
T13651,Medicinal Plants and Bioactive Compounds,Life Sciences,"Biochemistry, Genetics and Molecular Biology",Molecular Biology,1284,723,26,723,1.7759336099585061,3.59612724757953
T12743,Spanish Culture and Identity,Social Sciences,Arts and Humanities,Philosophy,1283,768,65,768,1.6705729166666667,8.463541666666666
T14149,Historical and Literary Analyses,Social Sciences,Arts and Humanities,Literature and Literary Theory,1283,751,26,751,1.7083888149134487,3.4620505992010653
T12945,Quality Function Deployment in Product Design,Social Sciences,"Business, Management and Accounting",Management of Technology and Innovation,1282,624,15,624,2.0544871794871793,2.4038461538461537
T11429,Semiconductor Lasers and Optical Devices,Physical Sciences,Engineering,Electrical and Electronic Engineering,1280,988,35,987,1.2955465587044535,3.5460992907801416
T13584,Coal Combustion and Slurry Processing,Physical Sciences,Engineering,Mechanical Engineering,1278,709,13,709,1.8025387870239775,1.8335684062059239
T14311,Electrical and Electromagnetic Research,Physical Sciences,Physics and Astronomy,"Atomic and Molecular Physics, and Optics",1278,606,419,597,2.108910891089109,70.18425460636516
T10818,Astrophysics and Cosmic Phenomena,Physical Sciences,Physics and Astronomy,Nuclear and High Energy Physics,1277,787,23,786,1.622617534942821,2.926208651399491
T14203,"Education, Safety, and Science Studies",Social Sciences,Social Sciences,Safety Research,1276,507,23,506,2.516765285996055,4.545454545454546
T13429,Electricity Theft Detection Techniques,Physical Sciences,Engineering,Electrical and Electronic Engineering,1272,484,56,482,2.628099173553719,11.618257261410788
T10767,Advanced Photonic Communication Systems,Physical Sciences,Engineering,Electrical and Electronic Engineering,1270,836,90,833,1.5191387559808613,10.804321728691477
T10850,Heat Transfer and Boiling Studies,Physical Sciences,Engineering,Mechanical Engineering,1268,906,38,906,1.3995584988962473,4.194260485651214
T12100,Advanced Mathematical Modeling in Engineering,Physical Sciences,Computer Science,Computational Theory and Mathematics,1268,854,11,854,1.484777517564403,1.288056206088993
T12109,"Race, Identity, and Education in Brazil",Social Sciences,Social Sciences,Sociology and Political Science,1268,453,38,452,2.7991169977924946,8.4070796460177
T10244,Chaos control and synchronization,Physical Sciences,Physics and Astronomy,Statistical and Nonlinear Physics,1267,725,31,725,1.7475862068965518,4.275862068965517
T12470,Caribbean and African Literature and Culture,Social Sciences,Arts and Humanities,Religious studies,1266,515,7,514,2.458252427184466,1.3618677042801557
T10626,High-Temperature Coating Behaviors,Physical Sciences,Engineering,Aerospace Engineering,1263,964,34,964,1.3101659751037344,3.5269709543568464
T10388,Advanced Steganography and Watermarking Techniques,Physical Sciences,Computer Science,Computer Vision and Pattern Recognition,1262,762,69,762,1.6561679790026247,9.05511811023622
T13308,Cybernetics and Technology in Society,Social Sciences,Arts and Humanities,History and Philosophy of Science,1261,488,25,486,2.584016393442623,5.1440329218107
T10857,Advanced Electron Microscopy Techniques and Applications,Life Sciences,"Biochemistry, Genetics and Molecular Biology",Structural Biology,1259,880,60,878,1.4306818181818182,6.83371298405467
T14240,E-Learning and COVID-19,Social Sciences,Social Sciences,Education,1258,428,71,424,2.939252336448598,16.745283018867923
T10221,Composite Structure Analysis and Optimization,Physical Sciences,Engineering,Mechanics of Materials,1256,1068,7,1067,1.1760299625468165,0.6560449859418932
T13392,History of Education in Spain,Social Sciences,Arts and Humanities,History,1254,709,41,707,1.768688293370945,5.799151343705799
T13928,Advanced Sensor Technologies Research,Physical Sciences,Engineering,Biomedical Engineering,1253,753,23,753,1.6640106241699868,3.054448871181939
T11379,Rheology and Fluid Dynamics Studies,Physical Sciences,Chemical Engineering,Fluid Flow and Transfer Processes,1252,848,14,848,1.4764150943396226,1.650943396226415
T12907,Mechanical Engineering and Vibrations Research,Physical Sciences,Engineering,Mechanical Engineering,1251,799,19,799,1.5657071339173967,2.3779724655819776
T13221,Biological Activity of Diterpenoids and Biflavonoids,Life Sciences,"Biochemistry, Genetics and Molecular Biology",Molecular Biology,1250,762,10,762,1.6404199475065617,1.3123359580052494
T12065,Hippo pathway signaling and YAP/TAZ,Life Sciences,"Biochemistry, Genetics and Molecular Biology",Cell Biology,1247,887,11,887,1.4058624577226606,1.2401352874859075
T13371,Military Defense Systems Analysis,Physical Sciences,Engineering,Aerospace Engineering,1244,553,39,551,2.2495479204339963,7.078039927404719
T13945,"Legal, Health, Environmental and COVID-19 Challenges",Health Sciences,Medicine,"Public Health, Environmental and Occupational Health",1244,349,84,344,3.5644699140401146,24.41860465116279
T11349,Music Technology and Sound Studies,Physical Sciences,Computer Science,Computer Vision and Pattern Recognition,1243,750,42,749,1.6573333333333333,5.607476635514018
T12362,Tribology and Wear Analysis,Physical Sciences,Engineering,Mechanics of Materials,1238,825,23,824,1.5006060606060605,2.79126213592233
T11955,Urban and spatial planning,Physical Sciences,Environmental Science,Nature and Landscape Conservation,1234,528,24,527,2.337121212121212,4.554079696394687
T14369,Diverse Interdisciplinary Research Innovations,Social Sciences,Decision Sciences,Management Science and Operations Research,1232,85,4,84,14.494117647058824,4.761904761904762
T13703,Attention Economy in Education and Business,Social Sciences,"Business, Management and Accounting",Strategy and Management,1232,242,5,239,5.090909090909091,2.092050209205021
T14408,Coastal Management and Development,Physical Sciences,Environmental Science,"Management, Monitoring, Policy and Law",1232,698,68,698,1.7650429799426934,9.742120343839542
T11165,Image and Video Quality Assessment,Physical Sciences,Computer Science,Computer Vision and Pattern Recognition,1229,726,36,726,1.6928374655647382,4.958677685950414
T14044,Medical and Agricultural Research Studies,Social Sciences,Social Sciences,Development,1228,307,35,297,4.0,11.784511784511784
T11856,Thermography and Photoacoustic Techniques,Physical Sciences,Engineering,Mechanics of Materials,1226,828,27,828,1.4806763285024154,3.260869565217391
T14347,Big Data and Digital Economy,Physical Sciences,Computer Science,Information Systems,1221,373,95,363,3.2734584450402147,26.170798898071624
T10125,Advanced Wireless Communication Techniques,Physical Sciences,Engineering,Electrical and Electronic Engineering,1221,857,15,857,1.424737456242707,1.750291715285881
T11853,Semiconductor materials and interfaces,Physical Sciences,Physics and Astronomy,"Atomic and Molecular Physics, and Optics",1220,879,22,879,1.3879408418657566,2.502844141069397
T12588,Electronic and Structural Properties of Oxides,Physical Sciences,Materials Science,Materials Chemistry,1220,895,35,894,1.3631284916201116,3.9149888143176734
T10262,Microwave Engineering and Waveguides,Physical Sciences,Engineering,Electrical and Electronic Engineering,1219,947,38,947,1.287222808870116,4.0126715945089755
T12879,Distributed Sensor Networks and Detection Algorithms,Physical Sciences,Computer Science,Computer Networks and Communications,1219,550,18,548,2.2163636363636363,3.2846715328467155
T13549,Minority Rights and Languages,Social Sciences,Social Sciences,Political Science and International Relations,1218,437,25,432,2.7871853546910756,5.787037037037037
T13274,Expert finding and Q&A systems,Physical Sciences,Computer Science,Information Systems,1217,524,45,519,2.322519083969466,8.670520231213873
T13552,Advanced Materials Characterization Techniques,Physical Sciences,Engineering,Biomedical Engineering,1214,712,22,712,1.7050561797752808,3.0898876404494384
T14439,"Feminism, Gender, and Social Issues",Social Sciences,Social Sciences,Gender Studies,1214,465,42,465,2.610752688172043,9.03225806451613
T11605,Visual Attention and Saliency Detection,Physical Sciences,Computer Science,Computer Vision and Pattern Recognition,1213,670,63,670,1.81044776119403,9.402985074626866
T13952,Information Technology and Learning,Social Sciences,Social Sciences,Education,1213,455,39,452,2.665934065934066,8.628318584070797
T13247,Local Governance and Planning,Social Sciences,Social Sciences,"Geography, Planning and Development",1212,384,24,384,3.15625,6.25
T12085,Collagen: Extraction and Characterization,Physical Sciences,Materials Science,Biomaterials,1209,745,19,744,1.6228187919463086,2.553763440860215
T14413,Advanced Technologies in Various Fields,Physical Sciences,Computer Science,Artificial Intelligence,1207,263,64,261,4.5893536121673,24.521072796934867
T10638,Optical measurement and interference techniques,Physical Sciences,Computer Science,Computer Vision and Pattern Recognition,1207,881,27,881,1.3700340522133938,3.064699205448354
T11458,Advanced Wireless Communication Technologies,Physical Sciences,Engineering,Electrical and Electronic Engineering,1207,815,176,812,1.4809815950920246,21.67487684729064
T13914,European Cultural and National Identity,Social Sciences,Social Sciences,Sociology and Political Science,1206,596,18,596,2.023489932885906,3.0201342281879193
T13359,Sports Science and Education,Social Sciences,Arts and Humanities,History and Philosophy of Science,1199,491,41,487,2.441955193482688,8.41889117043121
T11717,Postcolonial and Cultural Literary Studies,Social Sciences,Arts and Humanities,Literature and Literary Theory,1199,543,12,542,2.2081031307550645,2.2140221402214024
T13478,Agricultural Development and Management,Life Sciences,Agricultural and Biological Sciences,General Agricultural and Biological Sciences,1197,536,70,533,2.2332089552238807,13.133208255159476
T13330,"Theater, Performance, and Music History",Social Sciences,Arts and Humanities,Music,1192,569,4,569,2.094903339191564,0.70298769771529
T12864,Psychoanalysis and Social Critique,Social Sciences,Social Sciences,Cultural Studies,1191,602,28,602,1.978405315614618,4.651162790697675
T11062,Gear and Bearing Dynamics Analysis,Physical Sciences,Engineering,Mechanical Engineering,1190,733,21,732,1.6234652114597545,2.8688524590163933
T12324,History of Medicine Studies,Social Sciences,Arts and Humanities,History,1188,756,9,753,1.5714285714285714,1.1952191235059761
T11504,Advanced Authentication Protocols Security,Physical Sciences,Computer Science,Computer Networks and Communications,1187,643,18,642,1.8460342146189737,2.803738317757009
T12549,Image and Object Detection Techniques,Physical Sciences,Computer Science,Computer Vision and Pattern Recognition,1187,657,18,656,1.8066971080669711,2.7439024390243905
T12176,Optimization and Packing Problems,Physical Sciences,Engineering,Industrial and Manufacturing Engineering,1187,782,9,781,1.5179028132992327,1.1523687580025608
T12737,Electrical Fault Detection and Protection,Physical Sciences,Engineering,Electrical and Electronic Engineering,1179,692,25,691,1.703757225433526,3.61794500723589
T13349,Educational Research and Analysis,Social Sciences,Social Sciences,Education,1178,204,7,204,5.7745098039215685,3.4313725490196076
T10829,Interconnection Networks and Systems,Physical Sciences,Computer Science,Computer Networks and Communications,1176,742,37,740,1.5849056603773586,5.0
T11138,Tribology and Lubrication Engineering,Physical Sciences,Engineering,Mechanical Engineering,1175,787,19,786,1.4930114358322744,2.4173027989821882
T13881,Sociology and Norbert Elias,Social Sciences,Social Sciences,Sociology and Political Science,1172,440,17,434,2.6636363636363636,3.9170506912442398
T12946,Fractal and DNA sequence analysis,Life Sciences,"Biochemistry, Genetics and Molecular Biology",Molecular Biology,1171,553,19,552,2.11754068716094,3.4420289855072466
T14386,"Libraries, Manuscripts, and Books",Social Sciences,Arts and Humanities,History,1171,796,96,792,1.471105527638191,12.121212121212121
T13578,Stonefly species taxonomy and ecology,Physical Sciences,Engineering,Ocean Engineering,1170,137,11,135,8.540145985401459,8.148148148148149
T14234,Data Privacy and Cybersecurity,Social Sciences,Social Sciences,Law,1170,487,69,484,2.402464065708419,14.256198347107437
T12623,"Cultural, Media, and Literary Studies",Social Sciences,Arts and Humanities,Philosophy,1169,707,45,707,1.6534653465346534,6.364922206506365
T13882,Research studies in Vietnam,Physical Sciences,Environmental Science,Ecology,1166,727,217,718,1.6038514442916094,30.22284122562674
T12318,Quinazolinone synthesis and applications,Physical Sciences,Chemistry,Organic Chemistry,1165,654,15,654,1.7813455657492354,2.293577981651376
T11716,Random Matrices and Applications,Physical Sciences,Mathematics,Statistics and Probability,1162,475,9,475,2.446315789473684,1.894736842105263
T12153,Advanced Optical Sensing Technologies,Physical Sciences,Physics and Astronomy,Instrumentation,1160,683,35,683,1.698389458272328,5.124450951683748
T13964,Educational Technology and Optimization,Physical Sciences,Computer Science,Information Systems,1158,154,8,154,7.51948051948052,5.194805194805195
T12844,Psychology and Mental Health,Social Sciences,Psychology,Clinical Psychology,1158,696,27,696,1.6637931034482758,3.8793103448275863
T14443,"COVID-19, Geopolitics, Technology, Migration",Social Sciences,Social Sciences,Political Science and International Relations,1157,152,48,134,7.6118421052631575,35.82089552238806
T13625,Journalism and Media Studies,Social Sciences,Social Sciences,Communication,1155,697,60,697,1.6571018651362983,8.60832137733142
T13034,Information Systems Education and Curriculum Development,Physical Sciences,Computer Science,Information Systems,1155,444,14,442,2.6013513513513513,3.167420814479638
T11263,Electromagnetic Simulation and Numerical Methods,Physical Sciences,Engineering,Electrical and Electronic Engineering,1154,787,5,787,1.4663278271918678,0.6353240152477764
T12995,Urban Development and Cultural Heritage,Social Sciences,Social Sciences,Urban Studies,1153,326,22,326,3.53680981595092,6.748466257668712
T10719,3D Shape Modeling and Analysis,Physical Sciences,Engineering,Computational Mechanics,1143,630,59,630,1.8142857142857143,9.365079365079366
T13198,"Historical, Religious, and Philosophical Studies",Social Sciences,Arts and Humanities,Archeology,1138,796,19,796,1.42964824120603,2.386934673366834
T12029,DNA and Biological Computing,Life Sciences,"Biochemistry, Genetics and Molecular Biology",Molecular Biology,1136,507,19,507,2.2406311637080867,3.747534516765286
T13140,Materials Engineering and Processing,Physical Sciences,Engineering,Mechanical Engineering,1134,660,16,658,1.7181818181818183,2.43161094224924
T13753,Diverse multidisciplinary academic research,Social Sciences,Social Sciences,Cultural Studies,1134,559,29,554,2.0286225402504474,5.234657039711191
T10405,Advanced Polymer Synthesis and Characterization,Physical Sciences,Chemistry,Organic Chemistry,1131,724,18,722,1.5621546961325967,2.4930747922437675
T11842,Ultrasound and Cavitation Phenomena,Physical Sciences,Materials Science,Materials Chemistry,1131,719,11,718,1.573018080667594,1.532033426183844
T12266,Byzantine Studies and History,Social Sciences,Arts and Humanities,Classics,1131,821,20,819,1.3775883069427528,2.442002442002442
T14257,Advanced Measurement and Detection Methods,Physical Sciences,Engineering,Electrical and Electronic Engineering,1126,635,22,634,1.773228346456693,3.470031545741325
T12004,Advanced Frequency and Time Standards,Physical Sciences,Physics and Astronomy,"Atomic and Molecular Physics, and Optics",1125,709,41,707,1.5867418899858956,5.799151343705799
T11409,Advanced Wireless Network Optimization,Physical Sciences,Engineering,Electrical and Electronic Engineering,1124,768,14,768,1.4635416666666667,1.8229166666666667
T13599,Architecture and Cultural Influences,Social Sciences,Arts and Humanities,Archeology,1122,533,19,532,2.1050656660412757,3.5714285714285716
T12420,Silicone and Siloxane Chemistry,Physical Sciences,Materials Science,Materials Chemistry,1122,651,14,651,1.7235023041474655,2.150537634408602
T14103,Educational Management and Quality,Physical Sciences,Computer Science,Information Systems,1121,87,5,86,12.885057471264368,5.813953488372093
T11697,Numerical Methods and Algorithms,Physical Sciences,Computer Science,Computational Theory and Mathematics,1118,542,10,540,2.062730627306273,1.8518518518518519
T14396,Healthcare Regulation,Health Sciences,Health Professions,Health Information Management,1118,667,69,665,1.6761619190404797,10.37593984962406
T10820,Fuzzy Logic and Control Systems,Physical Sciences,Computer Science,Artificial Intelligence,1117,650,4,650,1.7184615384615385,0.6153846153846154
T13458,Astronomical and nuclear sciences,Physical Sciences,Physics and Astronomy,Nuclear and High Energy Physics,1116,476,4,476,2.3445378151260505,0.8403361344537815
T13112,Nutrition and Health Studies,Health Sciences,Medicine,"Public Health, Environmental and Occupational Health",1114,348,5,348,3.2011494252873565,1.4367816091954022
T12158,Guidance and Control Systems,Physical Sciences,Engineering,Aerospace Engineering,1114,602,35,601,1.850498338870432,5.8236272878535775
T14360,Psidium guajava Extracts and Applications,Life Sciences,"Pharmacology, Toxicology and Pharmaceutics",Pharmacology,1112,624,16,624,1.7820512820512822,2.5641025641025643
T13347,Christian Theology and Mission,Social Sciences,Arts and Humanities,Religious studies,1111,631,24,629,1.7606973058637083,3.8155802861685215
T11450,Model-Driven Software Engineering Techniques,Physical Sciences,Computer Science,Software,1110,817,41,817,1.3586291309669523,5.018359853121175
T13049,Surface Roughness and Optical Measurements,Physical Sciences,Engineering,Computational Mechanics,1109,674,17,674,1.6454005934718101,2.522255192878338
T12222,IoT-based Smart Home Systems,Physical Sciences,Engineering,Electrical and Electronic Engineering,1108,698,40,698,1.5873925501432664,5.730659025787966
T14317,"Finance, Markets, and Regulation",Social Sciences,"Economics, Econometrics and Finance",Finance,1105,293,15,293,3.7713310580204777,5.1194539249146755
T11323,Gamma-ray bursts and supernovae,Physical Sciences,Physics and Astronomy,Astronomy and Astrophysics,1104,778,45,778,1.4190231362467867,5.784061696658098
T10933,Real-Time Systems Scheduling,Physical Sciences,Computer Science,Hardware and Architecture,1103,729,25,728,1.5130315500685871,3.434065934065934
T12508,Functional Equations Stability Results,Physical Sciences,Mathematics,Applied Mathematics,1100,261,7,261,4.21455938697318,2.681992337164751
T13623,Linguistic Studies and Language Acquisition,Physical Sciences,Computer Science,Artificial Intelligence,1098,509,35,509,2.1571709233791747,6.8762278978389
T14104,Developmental and Educational Neuropsychology,Social Sciences,Psychology,Neuropsychology and Physiological Psychology,1097,507,27,507,2.16370808678501,5.325443786982248
T14157,Environmental and Agricultural Sciences,Physical Sciences,Environmental Science,Water Science and Technology,1097,440,14,440,2.493181818181818,3.1818181818181817
T13118,Psychological Treatments and Disorders,Social Sciences,Psychology,Clinical Psychology,1096,487,17,487,2.2505133470225873,3.490759753593429
T10049,Magnetic properties of thin films,Physical Sciences,Physics and Astronomy,"Atomic and Molecular Physics, and Optics",1095,746,21,745,1.467828418230563,2.8187919463087248
T14082,"Modeling, Simulation, and Optimization",Physical Sciences,Mathematics,Discrete Mathematics and Combinatorics,1094,391,13,391,2.7979539641943734,3.3248081841432224
T12925,Educational and Social Studies,Social Sciences,Social Sciences,Education,1093,375,29,375,2.9146666666666667,7.733333333333333
T14141,Colonial History and Postcolonial Studies,Social Sciences,Social Sciences,Sociology and Political Science,1093,531,25,528,2.0583804143126176,4.734848484848484
T14480,Historical Education and Society,Social Sciences,Social Sciences,Education,1091,413,12,413,2.641646489104116,2.9055690072639226
T10739,Electromagnetic Scattering and Analysis,Physical Sciences,Physics and Astronomy,"Atomic and Molecular Physics, and Optics",1091,697,3,697,1.5652797704447632,0.430416068866571
T13505,Apelin-related biomedical research,Health Sciences,Medicine,Pharmacology,1090,685,25,685,1.5912408759124088,3.6496350364963503
T14002,"Art, Technology, and Culture",Social Sciences,Arts and Humanities,Visual Arts and Performing Arts,1090,477,30,473,2.2851153039832286,6.342494714587738
T10601,Handwritten Text Recognition Techniques,Physical Sciences,Computer Science,Computer Vision and Pattern Recognition,1089,696,35,695,1.5646551724137931,5.0359712230215825
T14383,Global Development and Urbanization,Social Sciences,Social Sciences,Sociology and Political Science,1089,155,28,151,7.025806451612903,18.543046357615893
T10099,GaN-based semiconductor devices and materials,Physical Sciences,Physics and Astronomy,Condensed Matter Physics,1088,843,35,843,1.2906287069988138,4.1518386714116255
T14021,Medieval European Literature and History,Social Sciences,Arts and Humanities,Language and Linguistics,1086,680,27,680,1.5970588235294119,3.9705882352941178
T14447,Trade Secret Protection Methods,Health Sciences,Health Professions,Health Information Management,1085,356,19,353,3.047752808988764,5.38243626062323
T11383,Advanced Antenna and Metasurface Technologies,Physical Sciences,Engineering,Aerospace Engineering,1084,806,62,806,1.3449131513647643,7.6923076923076925
T14139,E-commerce and Technology Innovations,Social Sciences,"Business, Management and Accounting",Business and International Management,1083,361,68,358,3.0,18.99441340782123
T13363,Soft tissue tumors and treatment,Health Sciences,Medicine,Pathology and Forensic Medicine,1081,675,11,675,1.6014814814814815,1.6296296296296295
T11105,Advanced Image Processing Techniques,Physical Sciences,Computer Science,Computer Vision and Pattern Recognition,1080,588,45,588,1.836734693877551,7.653061224489796
T13891,Engineering Diagnostics and Reliability,Physical Sciences,Engineering,Mechanics of Materials,1078,505,29,505,2.1346534653465348,5.742574257425742
T13739,Medieval and Early Modern Justice,Social Sciences,Social Sciences,Political Science and International Relations,1077,599,20,599,1.7979966611018363,3.33889816360601
T13032,COVID-19 Prevention and Impact,Social Sciences,Social Sciences,Sociology and Political Science,1077,585,54,585,1.841025641025641,9.23076923076923
T14444,Power Systems and Renewable Energy,Physical Sciences,Energy,Energy Engineering and Power Technology,1074,521,29,521,2.0614203454894433,5.566218809980806
T14488,Chemical and Physical Studies,Life Sciences,"Biochemistry, Genetics and Molecular Biology",Biophysics,1073,407,11,404,2.6363636363636362,2.722772277227723
T13720,Benford’s Law and Fraud Detection,Physical Sciences,Mathematics,Statistics and Probability,1073,324,26,322,3.3117283950617282,8.074534161490684
T14412,Marine and Coastal Research,Physical Sciences,Engineering,Ocean Engineering,1071,467,36,465,2.2933618843683083,7.741935483870968
T11915,Pickering emulsions and particle stabilization,Physical Sciences,Materials Science,Materials Chemistry,1069,772,13,772,1.3847150259067358,1.6839378238341969
T14507,"History, Culture, and Society",Health Sciences,Health Professions,Speech and Hearing,1068,450,29,448,2.3733333333333335,6.473214285714286
T11989,Oxidative Organic Chemistry Reactions,Physical Sciences,Chemistry,Organic Chemistry,1067,667,6,667,1.5997001499250374,0.8995502248875562
T13195,Medieval Iberian Studies,Social Sciences,Arts and Humanities,Classics,1067,782,46,781,1.3644501278772379,5.8898847631242
T14467,"Public Administration, ICT, and Policy Development",Social Sciences,"Economics, Econometrics and Finance",Economics and Econometrics,1064,193,13,191,5.512953367875648,6.806282722513089
T14100,Scientific Research and Technology,Physical Sciences,Computer Science,Computer Science Applications,1063,394,105,390,2.697969543147208,26.923076923076923
T12611,Neural Networks and Reservoir Computing,Physical Sciences,Computer Science,Artificial Intelligence,1063,613,111,606,1.734094616639478,18.316831683168317
T10224,Quantum Chromodynamics and Particle Interactions,Physical Sciences,Physics and Astronomy,Nuclear and High Energy Physics,1062,853,7,852,1.2450175849941383,0.8215962441314554
T13187,Diffusion and Search Dynamics,Life Sciences,"Biochemistry, Genetics and Molecular Biology",Molecular Biology,1062,410,18,410,2.5902439024390245,4.390243902439025
T11878,Solid-state spectroscopy and crystallography,Physical Sciences,Materials Science,Materials Chemistry,1061,860,21,860,1.2337209302325582,2.441860465116279
T13100,Comparative Animal Anatomy Studies,Health Sciences,Medicine,Urology,1061,554,3,554,1.9151624548736461,0.5415162454873647
T13122,Linguistics and Cultural Studies,Social Sciences,Arts and Humanities,Language and Linguistics,1060,599,26,598,1.7696160267111853,4.3478260869565215
T13820,SAS software applications and methods,Physical Sciences,Engineering,Biomedical Engineering,1060,203,23,202,5.221674876847291,11.386138613861386
T12686,Central European national history,Social Sciences,Social Sciences,Sociology and Political Science,1059,522,36,520,2.028735632183908,6.923076923076923
T11583,Advanced Measurement and Metrology Techniques,Physical Sciences,Engineering,Mechanical Engineering,1056,626,15,625,1.6869009584664536,2.4
T12458,Organometallic Compounds Synthesis and Characterization,Physical Sciences,Chemistry,Organic Chemistry,1054,491,9,491,2.1466395112016294,1.8329938900203666
T13557,Environmental and sustainability education,Physical Sciences,Environmental Science,"Management, Monitoring, Policy and Law",1052,421,41,415,2.498812351543943,9.879518072289157
T12959,Engineering and Materials Science Studies,Physical Sciences,Engineering,Mechanical Engineering,1046,555,25,554,1.8846846846846848,4.512635379061372
T13101,Legal and Social Justice Studies,Social Sciences,Social Sciences,Law,1046,572,64,571,1.8286713286713288,11.208406304728546
T13609,"Economic, Social, and Public Health Issues in Russia and Globall",Social Sciences,Decision Sciences,Management Science and Operations Research,1045,282,54,279,3.7056737588652484,19.35483870967742
T14325,Diverse Specialized Academic Research,Social Sciences,"Economics, Econometrics and Finance",Economics and Econometrics,1043,364,29,362,2.8653846153846154,8.011049723756907
T14062,Migration and Exile Studies,Social Sciences,Social Sciences,Sociology and Political Science,1039,469,34,463,2.215351812366738,7.34341252699784
T11831,Chemical Synthesis and Reactions,Physical Sciences,Chemistry,Organic Chemistry,1039,683,14,683,1.521229868228404,2.049780380673499
T13620,Education for Peace and Conflict Resolution,Social Sciences,Social Sciences,Sociology and Political Science,1038,249,17,247,4.168674698795181,6.882591093117409
T10752,Terahertz technology and applications,Physical Sciences,Engineering,Electrical and Electronic Engineering,1038,499,22,499,2.0801603206412826,4.408817635270541
T13529,Education Systems and Policies,Social Sciences,"Business, Management and Accounting",Management of Technology and Innovation,1035,220,31,220,4.704545454545454,14.090909090909092
T13776,Phytochemical and Pharmacological Studies,Health Sciences,Medicine,Complementary and alternative medicine,1028,614,25,614,1.6742671009771988,4.071661237785016
T13166,Information Science and Libraries,Physical Sciences,Computer Science,Information Systems,1027,561,67,560,1.8306595365418894,11.964285714285714
T12777,"Philosophy, History, and Historiography",Social Sciences,Arts and Humanities,History,1022,479,12,478,2.1336116910229643,2.510460251046025
T14267,Technology in Education and Healthcare,Social Sciences,Social Sciences,Education,1020,311,50,309,3.279742765273312,16.181229773462782
T12758,Saffron Plant Research Studies,Health Sciences,Medicine,Oncology,1020,604,29,604,1.6887417218543046,4.801324503311259
T13175,Historical Astronomy and Related Studies,Physical Sciences,Physics and Astronomy,Astronomy and Astrophysics,1020,595,24,593,1.7142857142857142,4.0472175379426645
T12493,"Memory, violence, and history",Social Sciences,Psychology,Social Psychology,1018,627,57,623,1.6236044657097288,9.149277688603531
T14295,Families in Therapy and Culture,Social Sciences,Psychology,Social Psychology,1018,593,43,593,1.7166947723440136,7.251264755480607
T14269,Food Security and Socioeconomic Dynamics,Life Sciences,Agricultural and Biological Sciences,General Agricultural and Biological Sciences,1018,371,43,371,2.743935309973046,11.590296495956874
T14264,"Law, Ethics, and AI Impact",Social Sciences,"Business, Management and Accounting",Organizational Behavior and Human Resource Management,1015,456,85,451,2.2258771929824563,18.8470066518847
T13554,Brazilian cultural history and politics,Social Sciences,Social Sciences,Sociology and Political Science,1014,566,37,566,1.7915194346289753,6.5371024734982335
T11596,Constraint Satisfaction and Optimization,Physical Sciences,Computer Science,Computer Networks and Communications,1013,567,22,566,1.7865961199294533,3.8869257950530036
T10374,Advanced Graph Theory Research,Physical Sciences,Computer Science,Computational Theory and Mathematics,1013,605,6,605,1.6743801652892563,0.9917355371900827
T13422,Phytochemistry and biological activities of Ficus species,Life Sciences,Agricultural and Biological Sciences,Plant Science,1012,598,15,597,1.6923076923076923,2.512562814070352
T10972,Power Systems Fault Detection,Physical Sciences,Engineering,Control and Systems Engineering,1012,714,29,713,1.4173669467787116,4.0673211781206176
T13523,"Mathematics, Computing, and Information Processing",Physical Sciences,Computer Science,Computational Theory and Mathematics,1011,426,56,425,2.3732394366197185,13.176470588235293
T14050,Forest Ecology and Conservation,Life Sciences,Agricultural and Biological Sciences,Forestry,1004,415,15,414,2.419277108433735,3.6231884057971016
T12063,Heat and Mass Transfer in Porous Media,Physical Sciences,Engineering,Computational Mechanics,1001,591,7,591,1.6937394247038917,1.1844331641285957
T14291,Indonesian Legal and Regulatory Studies,Social Sciences,Social Sciences,Political Science and International Relations,1000,582,93,581,1.7182130584192439,16.006884681583475
T14441,"Religion, Theology, History, Judaism, Christianity",Social Sciences,Social Sciences,Political Science and International Relations,996,564,57,560,1.7659574468085106,10.178571428571429
T12122,Physical Unclonable Functions (PUFs) and Hardware Security,Physical Sciences,Computer Science,Hardware and Architecture,996,623,65,622,1.5987158908507224,10.45016077170418
T13144,Theology and Philosophy of Evil,Social Sciences,Arts and Humanities,Philosophy,992,387,7,387,2.5633074935400515,1.8087855297157622
T13992,Cynara cardunculus studies,Life Sciences,Agricultural and Biological Sciences,Plant Science,992,536,0,536,1.8507462686567164,0.0
T13713,Diverse Perspectives in Modern Studies,Social Sciences,"Economics, Econometrics and Finance",Economics and Econometrics,991,270,24,266,3.6703703703703705,9.022556390977444
T13322,Hibiscus Plant Research Studies,Life Sciences,"Pharmacology, Toxicology and Pharmaceutics",Pharmacology,991,548,10,548,1.8083941605839415,1.8248175182481752
T13990,Engine and Fuel Emissions,Physical Sciences,Engineering,Automotive Engineering,990,362,14,362,2.734806629834254,3.867403314917127
T13406,Human Resources and Workforce,Social Sciences,Social Sciences,Safety Research,989,220,30,218,4.495454545454545,13.761467889908257
T13955,Evaluation Methods in Various Fields,Physical Sciences,Environmental Science,Ecological Modeling,988,195,5,195,5.066666666666666,2.5641025641025643
T13845,Classical Studies and Legal History,Social Sciences,Arts and Humanities,History,986,638,57,635,1.5454545454545454,8.976377952755906
T14156,Engineering Applied Research,Physical Sciences,Engineering,Civil and Structural Engineering,984,579,25,578,1.6994818652849741,4.325259515570934
T10095,Cosmology and Gravitation Theories,Physical Sciences,Physics and Astronomy,Astronomy and Astrophysics,984,670,17,670,1.4686567164179105,2.537313432835821
T13428,Anarchism and Radical Politics,Social Sciences,Social Sciences,Sociology and Political Science,981,359,9,358,2.732590529247911,2.5139664804469275
T12977,Spanish Literature and Culture Studies,Social Sciences,Arts and Humanities,Literature and Literary Theory,981,660,38,659,1.4863636363636363,5.7663125948406675
T11301,Advanced Surface Polishing Techniques,Physical Sciences,Engineering,Biomedical Engineering,980,785,25,785,1.2484076433121019,3.1847133757961785
T14343,Hispanic-African Historical Relations,Social Sciences,Arts and Humanities,Religious studies,975,542,26,541,1.7988929889298892,4.805914972273568
T13476,Indonesian Election Politics and Participation,Social Sciences,Social Sciences,Political Science and International Relations,975,530,53,529,1.8396226415094339,10.01890359168242
T11286,Polyoxometalates: Synthesis and Applications,Physical Sciences,Materials Science,Materials Chemistry,974,475,18,475,2.0505263157894738,3.789473684210526
T13233,Occupational Health and Safety Management,Health Sciences,Health Professions,Occupational Therapy,974,398,26,398,2.4472361809045227,6.532663316582915
T14348,Marriage and Family Dynamics,Social Sciences,Social Sciences,Sociology and Political Science,973,493,44,492,1.973630831643002,8.94308943089431
T12517,Seventeenth-Century Political and Philosophical Thought,Social Sciences,Arts and Humanities,Philosophy,973,541,18,541,1.798521256931608,3.3271719038817005
T10249,Distributed Control Multi-Agent Systems,Physical Sciences,Computer Science,Computer Networks and Communications,972,692,53,692,1.4046242774566473,7.658959537572255
T11019,Image Enhancement Techniques,Physical Sciences,Computer Science,Computer Vision and Pattern Recognition,972,605,34,604,1.6066115702479338,5.629139072847682
T13218,Sesame and Sesamin Research,Life Sciences,Agricultural and Biological Sciences,Plant Science,972,519,21,519,1.8728323699421965,4.046242774566474
T14482,Education Practices and Evaluation,Social Sciences,Social Sciences,Education,971,234,22,233,4.14957264957265,9.44206008583691
T10097,Luminescence Properties of Advanced Materials,Physical Sciences,Materials Science,Materials Chemistry,969,732,18,732,1.3237704918032787,2.459016393442623
T12299,Radiation Shielding Materials Analysis,Physical Sciences,Materials Science,Materials Chemistry,969,527,8,526,1.8387096774193548,1.520912547528517
T10188,Advanced machining processes and optimization,Physical Sciences,Engineering,Mechanical Engineering,969,722,23,722,1.3421052631578947,3.185595567867036
T12662,Digitalization and Economic Development in Agriculture,Social Sciences,"Business, Management and Accounting",Strategy and Management,967,261,68,260,3.7049808429118776,26.153846153846153
T11563,Indian and Buddhist Studies,Social Sciences,Arts and Humanities,Religious studies,966,424,18,421,2.2783018867924527,4.275534441805226
T11804,Quantum many-body systems,Physical Sciences,Physics and Astronomy,"Atomic and Molecular Physics, and Optics",966,677,29,672,1.4268833087149189,4.315476190476191
T14401,"Technology, Environment, Urban Planning",Social Sciences,Arts and Humanities,Philosophy,964,414,59,411,2.3285024154589373,14.355231143552311
T13763,Historical Legal Studies and Society,Social Sciences,Social Sciences,Political Science and International Relations,962,540,26,535,1.7814814814814814,4.859813084112149
T12590,STEM Education,Social Sciences,Social Sciences,Education,962,609,38,609,1.5796387520525452,6.239737274220033
T12195,Aerogels and thermal insulation,Physical Sciences,Chemistry,Spectroscopy,961,617,24,617,1.5575364667747165,3.8897893030794166
T10670,Aluminum Alloy Microstructure Properties,Physical Sciences,Engineering,Aerospace Engineering,960,744,22,743,1.2903225806451613,2.9609690444145356
T11940,Layered Double Hydroxides Synthesis and Applications,Physical Sciences,Materials Science,Materials Chemistry,959,642,25,642,1.4937694704049844,3.8940809968847354
T10527,High-Energy Particle Collisions Research,Physical Sciences,Physics and Astronomy,Nuclear and High Energy Physics,958,805,2,805,1.1900621118012422,0.2484472049689441
T13637,Calpain Protease Function and Regulation,Life Sciences,"Biochemistry, Genetics and Molecular Biology",Cell Biology,956,598,5,598,1.5986622073578596,0.8361204013377926
T11486,Micro and Nano Robotics,Physical Sciences,Physics and Astronomy,Condensed Matter Physics,954,683,32,680,1.396778916544656,4.705882352941177
T11747,Metal-Catalyzed Oxygenation Mechanisms,Physical Sciences,Chemistry,Inorganic Chemistry,954,623,8,622,1.5313001605136436,1.2861736334405145
T11687,Teleoperation and Haptic Systems,Physical Sciences,Engineering,Mechanical Engineering,951,660,36,660,1.440909090909091,5.454545454545454
T12188,"Architecture, Modernity, and Design",Physical Sciences,Engineering,Architecture,948,446,13,446,2.125560538116592,2.914798206278027
T13943,Beetle Biology and Toxicology Studies,Life Sciences,"Biochemistry, Genetics and Molecular Biology",Cancer Research,947,453,14,453,2.0905077262693155,3.0905077262693155
T13253,Chemical Reactions and Mechanisms,Physical Sciences,Chemistry,Physical and Theoretical Chemistry,945,537,9,536,1.7597765363128492,1.6791044776119404
T13692,Italian Social Issues and Migration,Social Sciences,Social Sciences,Sociology and Political Science,941,284,18,284,3.313380281690141,6.338028169014085
T13752,Mechanics and Biomechanics Studies,Physical Sciences,Engineering,Biomedical Engineering,940,422,9,422,2.227488151658768,2.132701421800948
T12952,School Leadership and Teacher Performance,Social Sciences,Social Sciences,Education,940,381,46,381,2.4671916010498687,12.073490813648293
T14208,"Death, Funerary Practices, and Mourning",Social Sciences,Social Sciences,Anthropology,939,551,15,550,1.704174228675136,2.727272727272727
T11273,Advanced Graph Neural Networks,Physical Sciences,Computer Science,Artificial Intelligence,938,506,82,503,1.8537549407114624,16.302186878727635
T14215,Chemical and Environmental Engineering Research,Physical Sciences,Computer Science,Information Systems,934,350,14,349,2.6685714285714286,4.011461318051576
T14489,Basque language and culture studies,Social Sciences,Social Sciences,Cultural Studies,932,590,55,589,1.5796610169491525,9.33786078098472
T12530,Bioactive Natural Diterpenoids Research,Life Sciences,"Biochemistry, Genetics and Molecular Biology",Molecular Biology,932,564,7,564,1.6524822695035462,1.2411347517730495
T12782,Assembly Line Balancing Optimization,Physical Sciences,Engineering,Industrial and Manufacturing Engineering,931,465,23,465,2.0021505376344084,4.946236559139785
T11708,Photochromic and Fluorescence Chemistry,Physical Sciences,Materials Science,Materials Chemistry,930,629,29,628,1.478537360890302,4.617834394904459
T14052,Galician and Iberian cultural studies,Social Sciences,Social Sciences,"Geography, Planning and Development",930,426,50,423,2.183098591549296,11.82033096926714
T11727,Advanced Algebra and Logic,Physical Sciences,Computer Science,Computational Theory and Mathematics,930,445,0,445,2.0898876404494384,0.0
T12972,German Colonialism and Identity Studies,Social Sciences,Arts and Humanities,Literature and Literary Theory,929,529,36,528,1.7561436672967863,6.818181818181818
T13817,"Tannin, Tannase and Anticancer Activities",Life Sciences,Immunology and Microbiology,Applied Microbiology and Biotechnology,926,562,12,562,1.6476868327402134,2.1352313167259784
T14418,"Development, Ethics, and Society",Social Sciences,Social Sciences,Development,925,342,19,341,2.7046783625730995,5.571847507331379
T12184,Linguistics and Education Research,Social Sciences,Arts and Humanities,Literature and Literary Theory,921,494,27,494,1.8643724696356276,5.465587044534413
T13856,Advanced Power Generation Technologies,Physical Sciences,Engineering,Electrical and Electronic Engineering,921,357,18,356,2.5798319327731094,5.056179775280899
T13904,Artificial Intelligence Applications,Physical Sciences,Computer Science,Artificial Intelligence,919,294,70,269,3.1258503401360542,26.022304832713754
T13231,"History, Culture, and Diplomacy",Social Sciences,Arts and Humanities,History,918,378,11,376,2.4285714285714284,2.925531914893617
T12931,Educational Methods and Outcomes,Social Sciences,Social Sciences,Education,915,678,67,678,1.3495575221238938,9.882005899705014
T13327,"Arts, Culture, and Music Studies",Social Sciences,Social Sciences,Cultural Studies,907,397,47,379,2.2846347607052895,12.401055408970976
T14426,"Religion, Gender, and Enlightenment",Social Sciences,Arts and Humanities,Religious studies,905,464,5,463,1.9504310344827587,1.079913606911447
T13783,"Feminism, Gender, and Intersectionality",Social Sciences,Social Sciences,Sociology and Political Science,903,287,35,283,3.1463414634146343,12.36749116607774
T13792,Morinda citrifolia extract uses,Health Sciences,Medicine,Complementary and alternative medicine,903,485,8,484,1.8618556701030928,1.6528925619834711
T13987,Child Development and Education,Social Sciences,Social Sciences,Education,901,564,90,564,1.5975177304964538,15.957446808510639
T12927,"Memory, History, Trauma, Identity",Social Sciences,Arts and Humanities,Philosophy,901,454,58,450,1.9845814977973568,12.88888888888889
T12801,Bluetooth and Wireless Communication Technologies,Physical Sciences,Computer Science,Computer Networks and Communications,900,574,19,574,1.5679442508710801,3.3101045296167246
T13794,Financial Reporting and XBRL,Social Sciences,"Business, Management and Accounting",Management Information Systems,899,244,23,240,3.6844262295081966,9.583333333333334
T13558,"Philosophy, Science, and History",Social Sciences,Arts and Humanities,History and Philosophy of Science,898,432,5,432,2.0787037037037037,1.1574074074074074
T11137,Historical Philosophy and Science,Social Sciences,Arts and Humanities,History and Philosophy of Science,895,384,4,381,2.3307291666666665,1.0498687664041995
T11125,Petri Nets in System Modeling,Physical Sciences,Computer Science,Computational Theory and Mathematics,893,587,12,587,1.5212947189097104,2.0442930153321974
T14060,Education and Communication Studies,Social Sciences,Social Sciences,Education,892,441,59,440,2.0226757369614514,13.409090909090908
T11128,Transition Metal Oxide Nanomaterials,Physical Sciences,Materials Science,Polymers and Plastics,891,676,31,676,1.3180473372781065,4.585798816568047
T10612,Magnetism in coordination complexes,Physical Sciences,Materials Science,"Electronic, Optical and Magnetic Materials",891,664,18,663,1.341867469879518,2.7149321266968327
T13273,Knowledge Management in Higher Education,Social Sciences,Social Sciences,Education,891,152,25,151,5.8618421052631575,16.556291390728475
T12495,Electrostatic Discharge in Electronics,Physical Sciences,Engineering,Electrical and Electronic Engineering,890,483,26,483,1.8426501035196687,5.383022774327122
T14300,Legal and Social Philosophy,Social Sciences,Social Sciences,Sociology and Political Science,890,366,15,363,2.431693989071038,4.132231404958677
T10566,Laser-Matter Interactions and Applications,Physical Sciences,Physics and Astronomy,"Atomic and Molecular Physics, and Optics",886,695,22,695,1.274820143884892,3.1654676258992804
T10343,"Hydrogels: synthesis, properties, applications",Life Sciences,"Biochemistry, Genetics and Molecular Biology",Molecular Medicine,883,565,19,565,1.5628318584070797,3.3628318584070795
T10707,Cellular and Composite Structures,Physical Sciences,Engineering,Mechanical Engineering,881,580,21,579,1.5189655172413794,3.626943005181347
T11737,Advanced Materials and Mechanics,Physical Sciences,Engineering,Mechanical Engineering,881,651,44,650,1.3533026113671276,6.769230769230769
T13306,Geography and Education Methods,Social Sciences,Social Sciences,Sociology and Political Science,879,338,20,336,2.600591715976331,5.9523809523809526
T11414,Quantum optics and atomic interactions,Physical Sciences,Physics and Astronomy,"Atomic and Molecular Physics, and Optics",878,669,42,669,1.312406576980568,6.278026905829597
T14233,Diverse Topics in Contemporary Research,Social Sciences,Social Sciences,Cultural Studies,877,359,38,358,2.4428969359331476,10.614525139664805
T12038,Covalent Organic Framework Applications,Physical Sciences,Materials Science,Materials Chemistry,876,613,35,612,1.429037520391517,5.718954248366013
T11090,Dark Matter and Cosmic Phenomena,Physical Sciences,Physics and Astronomy,Nuclear and High Energy Physics,874,451,11,451,1.9379157427937916,2.4390243902439024
T14388,Medieval European History and Architecture,Social Sciences,Arts and Humanities,Archeology,874,451,31,450,1.9379157427937916,6.888888888888889
T12558,Wittgensteinian philosophy and applications,Social Sciences,Arts and Humanities,Philosophy,874,264,6,263,3.3106060606060606,2.2813688212927756
T14459,Synthesis and Reactions of Organic Compounds,Physical Sciences,Chemistry,Organic Chemistry,874,484,1,484,1.8057851239669422,0.2066115702479339
T10666,Photonic Crystals and Applications,Physical Sciences,Physics and Astronomy,"Atomic and Molecular Physics, and Optics",873,716,27,715,1.2192737430167597,3.7762237762237763
T14309,Employee Performance and Management,Social Sciences,Social Sciences,Human Factors and Ergonomics,872,437,59,435,1.9954233409610984,13.563218390804598
T10690,Vibration Control and Rheological Fluids,Physical Sciences,Engineering,Civil and Structural Engineering,870,577,5,577,1.5077989601386481,0.8665511265164645
T14406,Multidisciplinary Science and Engineering Research,Social Sciences,Decision Sciences,"Statistics, Probability and Uncertainty",868,203,20,201,4.275862068965517,9.950248756218905
T12967,Molecular Spectroscopy and Structure,Physical Sciences,Chemistry,Spectroscopy,866,515,7,515,1.6815533980582524,1.3592233009708738
T13045,Industrial Engineering and Technologies,Physical Sciences,Engineering,Mechanical Engineering,865,477,40,477,1.8134171907756813,8.385744234800839
T12536,Topological and Geometric Data Analysis,Physical Sciences,Computer Science,Computational Theory and Mathematics,864,373,22,373,2.316353887399464,5.898123324396783
T13400,Mathematical and Theoretical Analysis,Physical Sciences,Mathematics,Mathematical Physics,860,257,4,257,3.3463035019455254,1.556420233463035
T12046,MXene and MAX Phase Materials,Physical Sciences,Materials Science,Materials Chemistry,860,686,72,686,1.2536443148688046,10.495626822157435
T14364,Clusterin in disease pathology,Health Sciences,Medicine,Oncology,858,439,16,439,1.9544419134396356,3.644646924829157
T14241,Evasion and Academic Success Factors,Social Sciences,Social Sciences,Demography,856,233,31,232,3.6738197424892705,13.362068965517242
T12760,Laser Design and Applications,Physical Sciences,Engineering,Electrical and Electronic Engineering,854,637,7,637,1.3406593406593406,1.098901098901099
T12366,"Philosophy, Ethics, and Existentialism",Social Sciences,Arts and Humanities,Philosophy,853,496,9,495,1.719758064516129,1.8181818181818181
T14070,Knowledge Societies in the 21st Century,Social Sciences,Social Sciences,Demography,851,323,46,319,2.634674922600619,14.420062695924765
T13741,Cross-Cultural and Social Analysis,Social Sciences,Social Sciences,Anthropology,848,294,2,293,2.8843537414965987,0.6825938566552902
T14517,Diverse Historical and Scientific Studies,Social Sciences,Arts and Humanities,History and Philosophy of Science,848,394,10,394,2.1522842639593907,2.5380710659898478
T13285,Local Governance and Development,Social Sciences,Social Sciences,"Geography, Planning and Development",845,547,72,546,1.5447897623400366,13.186813186813186
T13909,Environmental Quality and Pollution,Physical Sciences,Environmental Science,Ecology,845,300,9,300,2.816666666666667,3.0
T12406,IoT and GPS-based Vehicle Safety Systems,Physical Sciences,Engineering,Mechanical Engineering,844,377,45,377,2.2387267904509285,11.936339522546419
T13905,Telecommunications and Broadcasting Technologies,Physical Sciences,Engineering,Media Technology,843,506,79,505,1.6660079051383399,15.643564356435643
T13148,Environmental and Air Quality Management,Physical Sciences,Environmental Science,Environmental Engineering,843,241,6,239,3.4979253112033195,2.510460251046025
T14398,Agriculture and Social Issues,Life Sciences,Agricultural and Biological Sciences,Plant Science,842,273,31,268,3.0842490842490844,11.567164179104477
T11100,Intermetallics and Advanced Alloy Properties,Physical Sciences,Engineering,Mechanical Engineering,841,678,18,678,1.2404129793510323,2.6548672566371683
T12677,Sports Dynamics and Biomechanics,Physical Sciences,Engineering,Biomedical Engineering,841,548,14,548,1.5346715328467153,2.5547445255474455
T13368,University Challenges and Reforms,Social Sciences,Social Sciences,Education,839,284,11,281,2.954225352112676,3.9145907473309607
T12390,Comics and Graphic Narratives,Social Sciences,Arts and Humanities,Visual Arts and Performing Arts,837,474,12,474,1.7658227848101267,2.5316455696202533
T11044,Particle Detector Development and Performance,Physical Sciences,Physics and Astronomy,Nuclear and High Energy Physics,836,562,23,561,1.4875444839857652,4.09982174688057
T13772,Geomechanics and Mining Engineering,Physical Sciences,Engineering,Mechanics of Materials,833,442,15,442,1.8846153846153846,3.3936651583710407
T14222,Knowledge Management and Technology,Social Sciences,Decision Sciences,Management Science and Operations Research,833,310,49,302,2.6870967741935483,16.225165562913908
T13210,Historical Turkish Studies,Social Sciences,Social Sciences,Political Science and International Relations,831,397,38,396,2.093198992443325,9.595959595959595
T13527,Transportation Systems and Logistics,Physical Sciences,Engineering,Civil and Structural Engineering,830,325,27,325,2.5538461538461537,8.307692307692308
T13730,"Martial Arts: Techniques, Psychology, and Education",Social Sciences,Social Sciences,Safety Research,830,340,16,339,2.4411764705882355,4.71976401179941
T13528,Water Resources and Governance,Social Sciences,Social Sciences,Law,830,287,10,284,2.8919860627177703,3.5211267605633805
T12384,Customer churn and segmentation,Social Sciences,"Business, Management and Accounting",Marketing,830,403,14,403,2.0595533498759306,3.4739454094292803
T12581,Engineering Structural Analysis Methods,Physical Sciences,Engineering,Mechanical Engineering,829,545,8,543,1.5211009174311927,1.4732965009208103
T12889,"Psychoanalysis, Philosophy, and Politics",Social Sciences,Psychology,Clinical Psychology,827,346,8,345,2.3901734104046244,2.318840579710145
T12727,Differential Equations and Numerical Methods,Physical Sciences,Mathematics,Numerical Analysis,827,424,3,424,1.9504716981132075,0.7075471698113207
T11277,Thermal properties of materials,Physical Sciences,Materials Science,Materials Chemistry,827,622,21,622,1.3295819935691318,3.3762057877813505
T13977,Geography and Environmental Studies in Latin America,Social Sciences,Social Sciences,"Geography, Planning and Development",826,270,27,270,3.0592592592592593,10.0
T11261,Quantum chaos and dynamical systems,Physical Sciences,Physics and Astronomy,Statistical and Nonlinear Physics,823,547,15,547,1.5045703839122486,2.742230347349177
T10295,Plasmonic and Surface Plasmon Research,Physical Sciences,Engineering,Biomedical Engineering,822,641,27,640,1.282371294851794,4.21875
T11205,Numerical methods in inverse problems,Physical Sciences,Mathematics,Mathematical Physics,821,430,5,430,1.9093023255813955,1.1627906976744187
T11394,Dynamics and Control of Mechanical Systems,Physical Sciences,Engineering,Control and Systems Engineering,819,602,4,601,1.3604651162790697,0.6655574043261231
T13299,Educational Leadership and Administration,Social Sciences,Social Sciences,Education,817,496,12,496,1.6471774193548387,2.4193548387096775
T10607,Magnetic and transport properties of perovskites and related mat,Physical Sciences,Materials Science,"Electronic, Optical and Magnetic Materials",816,578,21,578,1.411764705882353,3.633217993079585
T11682,Advanced Condensed Matter Physics,Physical Sciences,Physics and Astronomy,Condensed Matter Physics,816,622,21,622,1.3118971061093248,3.3762057877813505
T13026,Natural Compounds in Disease Treatment,Health Sciences,Medicine,Complementary and alternative medicine,811,331,10,331,2.4501510574018126,3.0211480362537766
T12461,Narrative Theory and Analysis,Social Sciences,Arts and Humanities,Literature and Literary Theory,809,411,8,410,1.9683698296836982,1.951219512195122
T14451,Historical and Religious Studies of Rome,Social Sciences,Arts and Humanities,History,803,590,24,589,1.3610169491525423,4.074702886247878
T10504,Sensorless Control of Electric Motors,Physical Sciences,Engineering,Electrical and Electronic Engineering,803,418,13,418,1.9210526315789473,3.110047846889952
T12803,Cinema History and Criticism,Social Sciences,Arts and Humanities,Visual Arts and Performing Arts,802,462,18,461,1.7359307359307359,3.9045553145336225
T12883,Sustainable Development and Environmental Management,Physical Sciences,Environmental Science,"Management, Monitoring, Policy and Law",800,251,20,251,3.187250996015936,7.968127490039841
T10011,"Literature: history, themes, analysis",Social Sciences,Arts and Humanities,Literature and Literary Theory,800,411,2,411,1.9464720194647203,0.48661800486618007
T12582,Flavonoids in Medical Research,Health Sciences,Medicine,Pharmacology,799,546,14,546,1.4633699633699633,2.5641025641025643
T12404,Mathematical Approximation and Integration,Physical Sciences,Mathematics,Numerical Analysis,798,345,1,345,2.3130434782608695,0.2898550724637681
T13444,Medical Research and Treatments,Health Sciences,Medicine,Complementary and alternative medicine,797,382,31,382,2.086387434554974,8.115183246073299
T14123,Decolonial Thought and Epistemologies,Social Sciences,Social Sciences,Anthropology,797,276,21,274,2.88768115942029,7.664233576642336
T13217,Pigment Synthesis and Properties,Physical Sciences,Chemistry,Inorganic Chemistry,796,494,38,494,1.611336032388664,7.6923076923076925
T14084,Methodology and Impact of Social Science Research,Social Sciences,Social Sciences,Sociology and Political Science,795,155,9,155,5.129032258064516,5.806451612903226
T13366,Accounting Theory and Financial Reporting,Social Sciences,"Business, Management and Accounting",Accounting,794,293,9,292,2.7098976109215016,3.0821917808219177
T11183,Advanced X-ray Imaging Techniques,Physical Sciences,Physics and Astronomy,Radiation,793,617,23,616,1.2852512155591571,3.7337662337662336
T14250,Energy and Environmental Systems,Social Sciences,Social Sciences,Transportation,793,349,25,349,2.2722063037249285,7.163323782234957
T11169,Silicon Nanostructures and Photoluminescence,Physical Sciences,Materials Science,Materials Chemistry,792,626,8,626,1.2651757188498403,1.2779552715654952
T14478,Papaya Research and Applications,Health Sciences,Medicine,Complementary and alternative medicine,791,382,7,382,2.0706806282722514,1.8324607329842932
T13863,Cultural History and Identity Formation,Social Sciences,Arts and Humanities,History,791,460,13,460,1.7195652173913043,2.8260869565217392
T14341,"Education, Technology, and Ethics",Physical Sciences,Environmental Science,"Management, Monitoring, Policy and Law",787,186,6,184,4.231182795698925,3.260869565217391
T13339,Landscape and Cultural Studies,Social Sciences,Arts and Humanities,Archeology,787,334,8,333,2.356287425149701,2.4024024024024024
T10369,Advanced MEMS and NEMS Technologies,Physical Sciences,Engineering,Electrical and Electronic Engineering,785,655,9,655,1.1984732824427482,1.3740458015267176
T13853,Teacher Education and Assessments,Social Sciences,Social Sciences,Education,779,175,17,174,4.451428571428571,9.770114942528735
T10732,Laser Material Processing Techniques,Physical Sciences,Engineering,Computational Mechanics,776,580,12,580,1.3379310344827586,2.0689655172413794
T13085,"Education, Psychology, and Social Research",Social Sciences,Social Sciences,Education,775,291,30,288,2.663230240549828,10.416666666666666
T10851,Optical Wireless Communication Technologies,Physical Sciences,Engineering,Electrical and Electronic Engineering,775,458,48,458,1.6921397379912664,10.480349344978166
T12740,Gait Recognition and Analysis,Physical Sciences,Engineering,Biomedical Engineering,773,544,50,542,1.4209558823529411,9.22509225092251
T14420,Advanced Research in Systems and Signal Processing,Physical Sciences,Engineering,Control and Systems Engineering,773,283,20,283,2.7314487632508833,7.067137809187279
T13384,Regional Economic Development and Innovation,Social Sciences,"Business, Management and Accounting",Strategy and Management,773,231,31,230,3.346320346320346,13.478260869565217
T14397,Legal and Policy Analysis in Indonesia,Social Sciences,Social Sciences,Law,773,456,80,455,1.6951754385964912,17.582417582417584
T12808,Ferroelectric and Negative Capacitance Devices,Physical Sciences,Engineering,Electrical and Electronic Engineering,768,481,86,479,1.5966735966735968,17.954070981210855
T11946,Antenna Design and Optimization,Physical Sciences,Engineering,Aerospace Engineering,767,575,39,575,1.333913043478261,6.782608695652174
T11233,Advanced Adaptive Filtering Techniques,Physical Sciences,Engineering,Computational Mechanics,766,523,12,523,1.4646271510516253,2.294455066921606
T14387,Environmental Engineering and Cultural Studies,Physical Sciences,Computer Science,Information Systems,766,393,33,391,1.9491094147582697,8.439897698209718
T12778,History of Medicine and Tropical Health,Social Sciences,Arts and Humanities,History,766,420,5,418,1.8238095238095238,1.1961722488038278
T13512,Spatial and Cultural Studies,Social Sciences,Social Sciences,"Geography, Planning and Development",765,335,5,335,2.283582089552239,1.492537313432836
T14442,Historical Studies in Science,Social Sciences,Arts and Humanities,History and Philosophy of Science,764,360,15,359,2.1222222222222222,4.178272980501393
T10025,Black Holes and Theoretical Physics,Physical Sciences,Physics and Astronomy,Nuclear and High Energy Physics,763,595,12,595,1.2823529411764707,2.0168067226890756
T13213,Mechanical Failure Analysis and Simulation,Physical Sciences,Engineering,Mechanical Engineering,758,445,15,444,1.703370786516854,3.3783783783783785
T13137,Strategic Planning and Analysis,Social Sciences,"Business, Management and Accounting",Strategy and Management,757,297,24,297,2.548821548821549,8.080808080808081
T12036,Argentine historical studies,Social Sciences,Social Sciences,Cultural Studies,755,428,14,425,1.764018691588785,3.2941176470588234
T10026,"Galaxies: Formation, Evolution, Phenomena",Physical Sciences,Physics and Astronomy,Astronomy and Astrophysics,754,648,8,648,1.1635802469135803,1.2345679012345678
T11082,Spacecraft Dynamics and Control,Physical Sciences,Engineering,Aerospace Engineering,753,520,41,517,1.448076923076923,7.93036750483559
T13028,Literature and Culture Studies,Social Sciences,Arts and Humanities,Literature and Literary Theory,752,380,11,380,1.9789473684210526,2.8947368421052633
T13318,Diverse Scientific Research in Ukraine,Physical Sciences,Environmental Science,Global and Planetary Change,752,325,44,325,2.313846153846154,13.538461538461538
T12830,Pectus Deformity Diagnosis and Treatment,Health Sciences,Medicine,Surgery,752,486,24,486,1.5473251028806585,4.938271604938271
T10879,Robotic Locomotion and Control,Physical Sciences,Engineering,Biomedical Engineering,751,522,19,520,1.4386973180076628,3.6538461538461537
T12149,Nanocluster Synthesis and Applications,Physical Sciences,Materials Science,Materials Chemistry,750,495,15,495,1.5151515151515151,3.0303030303030303
T12277,Frequency Control in Power Systems,Physical Sciences,Engineering,Electrical and Electronic Engineering,749,380,13,380,1.9710526315789474,3.4210526315789473
T13827,Mechatronics Education and Applications,Physical Sciences,Engineering,Mechanical Engineering,749,192,5,192,3.9010416666666665,2.6041666666666665
T10611,Organic Light-Emitting Diodes Research,Physical Sciences,Engineering,Electrical and Electronic Engineering,749,589,15,589,1.2716468590831917,2.5466893039049237
T14512,Technology and Human Factors in Education and Health,Health Sciences,Medicine,"Public Health, Environmental and Occupational Health",748,300,29,300,2.493333333333333,9.666666666666666
T13268,Photographic and Visual Arts,Social Sciences,Arts and Humanities,Museology,748,423,30,419,1.7683215130023642,7.159904534606206
T14179,Waste Management and Recycling,Physical Sciences,Environmental Science,Industrial and Manufacturing Engineering,747,367,21,367,2.035422343324251,5.722070844686648
T10107,Ferroelectric and Piezoelectric Materials,Physical Sciences,Materials Science,Materials Chemistry,747,615,15,615,1.2146341463414634,2.4390243902439024
T10681,Rare-earth and actinide compounds,Physical Sciences,Physics and Astronomy,Condensed Matter Physics,747,549,8,549,1.360655737704918,1.4571948998178506
T10901,Advanced Data Compression Techniques,Physical Sciences,Computer Science,Computer Vision and Pattern Recognition,746,496,9,496,1.5040322580645162,1.814516129032258
T11341,Boron and Carbon Nanomaterials Research,Physical Sciences,Materials Science,Materials Chemistry,740,568,10,568,1.3028169014084507,1.7605633802816902
T12839,Emile Durkheim and Sociology,Social Sciences,Social Sciences,Sociology and Political Science,740,282,4,282,2.624113475177305,1.4184397163120568
T13601,Urban Transport Systems Analysis,Physical Sciences,Engineering,Civil and Structural Engineering,737,344,22,344,2.1424418604651163,6.395348837209302
T11612,Stochastic Gradient Optimization Techniques,Physical Sciences,Computer Science,Artificial Intelligence,737,349,38,348,2.1117478510028653,10.919540229885058
T12247,Microbial Applications in Construction Materials,Physical Sciences,Environmental Science,Environmental Engineering,736,495,25,492,1.486868686868687,5.08130081300813
T10013,Asymmetric Synthesis and Catalysis,Physical Sciences,Chemistry,Organic Chemistry,735,457,2,457,1.6083150984682713,0.437636761487965
T13793,Environmental and Analytical Chemistry Studies,Physical Sciences,Environmental Science,Water Science and Technology,735,269,12,269,2.7323420074349443,4.4609665427509295
T11435,Polynomial and algebraic computation,Physical Sciences,Computer Science,Computational Theory and Mathematics,734,348,7,348,2.1091954022988504,2.0114942528735633
T13679,Tardigrade Biology and Ecology,Life Sciences,Agricultural and Biological Sciences,"Ecology, Evolution, Behavior and Systematics",734,265,10,265,2.769811320754717,3.7735849056603774
T14122,Impact of Education Environments,Social Sciences,Social Sciences,Education,733,260,26,257,2.8192307692307694,10.116731517509727
T13874,Information Architecture and Usability,Physical Sciences,Computer Science,Information Systems,733,363,16,362,2.0192837465564737,4.419889502762431
T11419,Supramolecular Self-Assembly in Materials,Physical Sciences,Materials Science,Biomaterials,732,527,23,526,1.3889943074003794,4.3726235741444865
T12661,Iterative Methods for Nonlinear Equations,Physical Sciences,Mathematics,Numerical Analysis,731,325,1,325,2.249230769230769,0.3076923076923077
T13665,Legal and cultural studies analysis,Social Sciences,Social Sciences,Anthropology,731,244,11,239,2.9959016393442623,4.602510460251046
T10573,Power Quality and Harmonics,Physical Sciences,Engineering,Electrical and Electronic Engineering,728,432,13,431,1.6851851851851851,3.0162412993039442
T12601,Web Applications and Data Management,Physical Sciences,Computer Science,Information Systems,728,215,6,215,3.386046511627907,2.7906976744186047
T14446,Civil and Geotechnical Engineering Research,Physical Sciences,Engineering,General Engineering,728,438,6,438,1.6621004566210045,1.36986301369863
T11343,Power Transformer Diagnostics and Insulation,Physical Sciences,Engineering,Electrical and Electronic Engineering,727,555,5,555,1.3099099099099099,0.9009009009009009
T12452,Electrowetting and Microfluidic Technologies,Physical Sciences,Engineering,Electrical and Electronic Engineering,725,502,12,502,1.4442231075697212,2.3904382470119523
T13678,Agricultural Research and Practices,Life Sciences,Agricultural and Biological Sciences,General Agricultural and Biological Sciences,724,382,31,379,1.8952879581151831,8.179419525065963
T10363,Low-power high-performance VLSI design,Physical Sciences,Engineering,Electrical and Electronic Engineering,721,420,21,419,1.7166666666666666,5.011933174224343
T12699,Electromagnetic Launch and Propulsion Technology,Physical Sciences,Engineering,Aerospace Engineering,721,469,10,469,1.537313432835821,2.1321961620469083
T12197,Brake Systems and Friction Analysis,Physical Sciences,Engineering,Automotive Engineering,720,348,12,348,2.0689655172413794,3.4482758620689653
T13510,Nostalgia and Consumer Behavior,Social Sciences,Psychology,Social Psychology,720,268,9,268,2.6865671641791047,3.3582089552238807
T13178,Theology and Canon Law Studies,Social Sciences,Arts and Humanities,Religious studies,719,428,29,428,1.6799065420560748,6.775700934579439
T11281,Asymmetric Hydrogenation and Catalysis,Physical Sciences,Chemistry,Inorganic Chemistry,715,493,14,493,1.4503042596348885,2.839756592292089
T11442,Titanium Alloys Microstructure and Properties,Physical Sciences,Materials Science,Materials Chemistry,713,538,28,538,1.325278810408922,5.204460966542751
T13913,Blockchain Technology in Education and Learning,Physical Sciences,Computer Science,Information Systems,713,485,56,485,1.4701030927835053,11.54639175257732
T13174,American and British Literature Analysis,Social Sciences,Arts and Humanities,Literature and Literary Theory,711,330,4,330,2.1545454545454548,1.2121212121212122
T11032,VLSI and Analog Circuit Testing,Physical Sciences,Computer Science,Hardware and Architecture,706,445,24,445,1.5865168539325842,5.393258426966292
T13145,Crime and Detective Fiction Studies,Social Sciences,Arts and Humanities,Literature and Literary Theory,706,325,3,324,2.1723076923076925,0.9259259259259259
T13933,Whitehead's Philosophy and Applications,Physical Sciences,Environmental Science,"Management, Monitoring, Policy and Law",705,205,12,204,3.4390243902439024,5.882352941176471
T10798,Crystallography and molecular interactions,Physical Sciences,Chemistry,Physical and Theoretical Chemistry,703,517,12,517,1.3597678916827853,2.3210831721470018
T14237,Historical and Political Studies,Social Sciences,Social Sciences,Political Science and International Relations,701,326,26,325,2.1503067484662575,8.0
T10944,Turbomachinery Performance and Optimization,Physical Sciences,Engineering,Aerospace Engineering,700,522,17,522,1.3409961685823755,3.256704980842912
T14254,Digital Media and Visual Art,Physical Sciences,Computer Science,Computer Graphics and Computer-Aided Design,699,319,63,315,2.1912225705329154,20.0
T11567,semigroups and automata theory,Physical Sciences,Computer Science,Computational Theory and Mathematics,698,483,2,483,1.445134575569358,0.4140786749482402
T11782,Magnetic Properties of Alloys,Physical Sciences,Materials Science,"Electronic, Optical and Magnetic Materials",698,393,26,393,1.7760814249363868,6.6157760814249365
T10463,Pulsars and Gravitational Waves Research,Physical Sciences,Physics and Astronomy,Astronomy and Astrophysics,697,438,28,438,1.591324200913242,6.392694063926941
T11637,Advanced Semiconductor Detectors and Materials,Physical Sciences,Engineering,Electrical and Electronic Engineering,694,553,9,553,1.2549728752260398,1.6274864376130198
T13959,"Swearing, Euphemism, Multilingualism",Social Sciences,Social Sciences,Communication,693,391,26,391,1.772378516624041,6.649616368286445
T13921,Biological Stains and Phytochemicals,Health Sciences,Medicine,Pharmacology,692,398,9,398,1.7386934673366834,2.2613065326633164
T13645,Thermodynamic and Structural Properties of Metals and Alloys,Physical Sciences,Engineering,Mechanical Engineering,691,446,0,446,1.5493273542600896,0.0
T10440,Advanced Thermoelectric Materials and Devices,Physical Sciences,Materials Science,Materials Chemistry,690,512,32,511,1.34765625,6.262230919765166
T13740,Soil Science and Environmental Management,Life Sciences,Agricultural and Biological Sciences,Soil Science,689,273,14,271,2.5238095238095237,5.166051660516605
T14390,Real estate and construction management,Physical Sciences,Engineering,Architecture,688,311,49,307,2.212218649517685,15.960912052117264
T13589,Literary and Cultural Studies,Social Sciences,Social Sciences,Sociology and Political Science,687,414,24,414,1.6594202898550725,5.797101449275362
T12177,Resource-Constrained Project Scheduling,Social Sciences,Decision Sciences,Management Science and Operations Research,687,263,5,263,2.612167300380228,1.9011406844106464
T10245,Metamaterials and Metasurfaces Applications,Physical Sciences,Materials Science,"Electronic, Optical and Magnetic Materials",686,511,48,511,1.3424657534246576,9.393346379647749
T11794,Early Modern Spanish Literature,Social Sciences,Arts and Humanities,Literature and Literary Theory,685,476,17,475,1.4390756302521008,3.5789473684210527
T10701,Radical Photochemical Reactions,Physical Sciences,Chemistry,Organic Chemistry,683,480,15,480,1.4229166666666666,3.125
T11115,Topology Optimization in Engineering,Physical Sciences,Engineering,Civil and Structural Engineering,681,498,12,497,1.3674698795180722,2.414486921529175
T12835,FOXO transcription factor regulation,Life Sciences,"Biochemistry, Genetics and Molecular Biology",Molecular Biology,681,454,9,454,1.5,1.9823788546255507
T11992,CCD and CMOS Imaging Sensors,Physical Sciences,Engineering,Electrical and Electronic Engineering,680,494,23,494,1.3765182186234817,4.65587044534413
T13197,Spreadsheets and End-User Computing,Physical Sciences,Computer Science,Software,679,297,11,297,2.2861952861952863,3.7037037037037037
T14073,Diverse Global Research Studies,Social Sciences,Social Sciences,Sociology and Political Science,678,140,4,138,4.8428571428571425,2.898550724637681
T13202,Pharmacology and Nanomedicine Research,Life Sciences,"Pharmacology, Toxicology and Pharmaceutics",Drug Discovery,677,338,14,338,2.002958579881657,4.1420118343195265
T12529,Ga2O3 and related materials,Physical Sciences,Materials Science,"Electronic, Optical and Magnetic Materials",677,541,36,541,1.2513863216266174,6.654343807763401
T12360,Plant-derived Lignans Synthesis and Bioactivity,Life Sciences,"Biochemistry, Genetics and Molecular Biology",Molecular Biology,677,443,3,443,1.528216704288939,0.6772009029345373
T13526,14-3-3 protein interactions,Life Sciences,"Biochemistry, Genetics and Molecular Biology",Molecular Biology,673,398,14,397,1.6909547738693467,3.526448362720403
T13787,"Globalization, Historical Perspectives, and International Relati",Social Sciences,Social Sciences,Sociology and Political Science,671,250,27,248,2.684,10.887096774193548
T12224,Nanofabrication and Lithography Techniques,Physical Sciences,Engineering,Biomedical Engineering,669,474,9,474,1.4113924050632911,1.8987341772151898
T13531,Surface and Thin Film Phenomena,Physical Sciences,Physics and Astronomy,"Atomic and Molecular Physics, and Optics",669,475,6,475,1.408421052631579,1.263157894736842
T13852,Seismic and Structural Analysis of Tall Buildings,Physical Sciences,Engineering,Civil and Structural Engineering,668,308,9,305,2.168831168831169,2.9508196721311477
T14114,Digital Media and Philosophy,Physical Sciences,Computer Science,Computer Science Applications,666,291,30,290,2.288659793814433,10.344827586206897
T13324,Scientific and Engineering Research Topics,Health Sciences,Dentistry,Periodontics,664,317,20,317,2.0946372239747633,6.309148264984227
T14011,Elevator Systems and Control,Physical Sciences,Engineering,Control and Systems Engineering,662,352,10,352,1.8806818181818181,2.840909090909091
T14088,Generational Differences and Trends,Social Sciences,Social Sciences,Life-span and Life-course Studies,662,285,38,282,2.3228070175438598,13.47517730496454
T13226,Appreciative Inquiry and Organizational Change,Social Sciences,"Business, Management and Accounting",Organizational Behavior and Human Resource Management,662,279,21,277,2.3727598566308243,7.581227436823105
T11230,Innovative Energy Harvesting Technologies,Physical Sciences,Engineering,Mechanical Engineering,662,459,7,459,1.4422657952069717,1.5250544662309369
T13810,Legal Systems and Institutions,Social Sciences,"Business, Management and Accounting",Strategy and Management,661,319,20,315,2.072100313479624,6.349206349206349
T13951,Fluid dynamics and aerodynamics studies,Physical Sciences,Engineering,Computational Mechanics,661,291,9,290,2.2714776632302405,3.103448275862069
T12913,Multidisciplinary Research Papers Compilation,Social Sciences,Social Sciences,General Social Sciences,660,207,21,204,3.1884057971014492,10.294117647058824
T12044,Advanced Physical and Chemical Molecular Interactions,Physical Sciences,Chemistry,Physical and Theoretical Chemistry,658,441,8,440,1.492063492063492,1.8181818181818181
T10460,Electronic Packaging and Soldering Technologies,Physical Sciences,Engineering,Electrical and Electronic Engineering,658,462,8,461,1.4242424242424243,1.735357917570499
T14461,Medicinal Plant Studies,Health Sciences,Medicine,Complementary and alternative medicine,656,135,1,129,4.859259259259259,0.7751937984496124
T13613,"Health, Education, and Cultural Studies",Social Sciences,Social Sciences,Sociology and Political Science,655,256,61,251,2.55859375,24.302788844621514
T13182,Quantum-Dot Cellular Automata,Physical Sciences,Computer Science,Computational Theory and Mathematics,653,351,34,349,1.8603988603988604,9.742120343839542
T14322,"Art, Aesthetics, and Perception",Social Sciences,Arts and Humanities,Visual Arts and Performing Arts,653,305,12,305,2.140983606557377,3.9344262295081966
T13010,Agriculture and Agroindustry Studies,Life Sciences,Agricultural and Biological Sciences,General Agricultural and Biological Sciences,652,383,22,383,1.7023498694516972,5.7441253263707575
T11545,Advanced Banach Space Theory,Physical Sciences,Mathematics,Mathematical Physics,651,167,5,167,3.8982035928143715,2.9940119760479043
T14500,Advanced Mathematical Theories,Physical Sciences,Mathematics,Mathematical Physics,651,170,6,170,3.8294117647058825,3.5294117647058822
T12466,Near-Field Optical Microscopy,Physical Sciences,Engineering,Biomedical Engineering,651,459,10,459,1.4183006535947713,2.178649237472767
T14206,Animal Law and Welfare,Social Sciences,Social Sciences,Law,650,298,63,293,2.1812080536912752,21.501706484641637
T13401,Social and Cultural Studies,Social Sciences,Social Sciences,Sociology and Political Science,650,278,6,278,2.338129496402878,2.158273381294964
T13293,Engineering and Test Systems,Physical Sciences,Engineering,Control and Systems Engineering,649,275,12,275,2.36,4.363636363636363
T13489,Synthesis of β-Lactam Compounds,Physical Sciences,Chemistry,Organic Chemistry,646,252,2,252,2.5634920634920637,0.7936507936507936
T14190,Military history and social perspectives,Social Sciences,Social Sciences,Cultural Studies,646,234,1,233,2.7606837606837606,0.4291845493562232
T14414,Artificial Intelligence in Education,Physical Sciences,Computer Science,Information Systems,646,126,37,122,5.126984126984127,30.327868852459016
T13096,Family and Matrimonial Law,Social Sciences,Social Sciences,Law,644,413,49,412,1.5593220338983051,11.893203883495145
T10104,Nanofluid Flow and Heat Transfer,Physical Sciences,Engineering,Biomedical Engineering,644,436,15,436,1.4770642201834863,3.4403669724770642
T10040,Adaptive Control of Nonlinear Systems,Physical Sciences,Engineering,Control and Systems Engineering,642,511,25,510,1.2563600782778865,4.901960784313726
T13664,Genome Rearrangement Algorithms,Life Sciences,"Biochemistry, Genetics and Molecular Biology",Genetics,641,248,5,248,2.5846774193548385,2.0161290322580645
T13855,Aerospace Engineering and Control Systems,Physical Sciences,Engineering,Aerospace Engineering,640,363,19,363,1.7630853994490359,5.234159779614325
T13134,Latin American Literature Studies,Social Sciences,Social Sciences,Cultural Studies,640,370,16,368,1.7297297297297298,4.3478260869565215
T12702,Brain Tumor Detection and Classification,Life Sciences,Neuroscience,Neurology,638,460,73,460,1.3869565217391304,15.869565217391305
T13341,Belt Conveyor Systems Engineering,Physical Sciences,Engineering,Mechanical Engineering,637,407,30,406,1.565110565110565,7.389162561576355
T12398,Poetry Analysis and Criticism,Social Sciences,Arts and Humanities,Literature and Literary Theory,637,237,6,236,2.6877637130801686,2.542372881355932
T12579,Muon and positron interactions and applications,Physical Sciences,Engineering,Mechanics of Materials,637,407,16,407,1.565110565110565,3.9312039312039313
T11484,Adaptive optics and wavefront sensing,Physical Sciences,Physics and Astronomy,"Atomic and Molecular Physics, and Optics",636,441,17,441,1.4421768707482994,3.854875283446712
T13288,"Banking, Crisis Management, COVID-19 Impact",Life Sciences,Agricultural and Biological Sciences,General Agricultural and Biological Sciences,636,261,43,261,2.4367816091954024,16.47509578544061
T13975,"Energy, Economy, and Technology Trends",Physical Sciences,Energy,"Renewable Energy, Sustainability and the Environment",635,103,8,102,6.165048543689321,7.8431372549019605
T11145,Epoxy Resin Curing Processes,Physical Sciences,Engineering,Mechanical Engineering,634,476,10,476,1.3319327731092436,2.100840336134454
T10092,Organometallic Complex Synthesis and Catalysis,Physical Sciences,Chemistry,Organic Chemistry,633,412,6,412,1.5364077669902914,1.4563106796116505
T13446,"Antioxidants, Aging, Portulaca oleracea",Life Sciences,Neuroscience,Cellular and Molecular Neuroscience,631,338,14,338,1.8668639053254439,4.1420118343195265
T11602,Magnetic Bearings and Levitation Dynamics,Physical Sciences,Engineering,Control and Systems Engineering,631,427,15,427,1.4777517564402811,3.51288056206089
T10579,Cognitive Radio Networks and Spectrum Sensing,Physical Sciences,Computer Science,Computer Networks and Communications,631,408,16,408,1.5465686274509804,3.9215686274509802
T12300,Advanced Electrical Measurement Techniques,Physical Sciences,Engineering,Electrical and Electronic Engineering,630,359,26,359,1.7548746518105849,7.242339832869081
T14410,Safety and Risk Management,Social Sciences,"Business, Management and Accounting",Organizational Behavior and Human Resource Management,630,296,19,296,2.1283783783783785,6.418918918918919
T10275,2D Materials and Applications,Physical Sciences,Materials Science,Materials Chemistry,628,521,52,519,1.2053742802303262,10.019267822736031
T12754,Plant Growth and Agriculture Techniques,Life Sciences,Agricultural and Biological Sciences,Soil Science,628,388,23,388,1.6185567010309279,5.927835051546392
T12882,Jungian Analytical Psychology,Social Sciences,Psychology,Social Psychology,627,278,7,277,2.2553956834532376,2.527075812274368
T14331,Medicinal Plant Pharmacodynamics Research,Life Sciences,"Pharmacology, Toxicology and Pharmaceutics",Pharmacology,625,437,12,437,1.4302059496567505,2.745995423340961
T13449,Organizational Management and Change,Social Sciences,"Business, Management and Accounting",Organizational Behavior and Human Resource Management,624,272,59,262,2.2941176470588234,22.519083969465647
T13169,Consumer Perception and Purchasing Behavior,Social Sciences,"Business, Management and Accounting",Marketing,623,298,16,298,2.0906040268456376,5.369127516778524
T14054,Humic Substances and Bio-Organic Studies,Life Sciences,Agricultural and Biological Sciences,Soil Science,623,336,7,336,1.8541666666666667,2.0833333333333335
T12958,Digital Economy and Transformation,Social Sciences,"Business, Management and Accounting",Strategy and Management,623,118,25,116,5.279661016949152,21.551724137931036
T12676,Machine Learning and ELM,Physical Sciences,Computer Science,Artificial Intelligence,621,327,29,327,1.8990825688073394,8.868501529051988
T13232,Laser-Ablation Synthesis of Nanoparticles,Physical Sciences,Engineering,Biomedical Engineering,621,361,5,361,1.7202216066481995,1.3850415512465375
T12923,Digital Image Processing Techniques,Physical Sciences,Computer Science,Computer Vision and Pattern Recognition,620,366,2,366,1.6939890710382515,0.546448087431694
T12557,Inorganic Chemistry and Materials,Physical Sciences,Chemistry,Inorganic Chemistry,620,395,16,395,1.5696202531645569,4.050632911392405
T14391,"Forest, Soil, and Plant Ecology in China",Social Sciences,Social Sciences,Education,620,212,5,212,2.9245283018867925,2.358490566037736
T11408,Advanced Optical Imaging Technologies,Physical Sciences,Engineering,Media Technology,619,450,17,449,1.3755555555555556,3.7861915367483294
T13962,Omental and Epiploic Conditions,Health Sciences,Medicine,Rheumatology,617,380,11,378,1.6236842105263158,2.9100529100529102
T13266,Indigenous Studies in Latin America,Social Sciences,Social Sciences,Cultural Studies,616,289,24,286,2.131487889273356,8.391608391608392
T14358,Healthcare Quality and Satisfaction,Health Sciences,Health Professions,General Health Professions,615,335,21,334,1.835820895522388,6.287425149700598
T13636,Pentecostalism and Christianity Studies,Social Sciences,Arts and Humanities,Religious studies,615,341,13,339,1.8035190615835777,3.8348082595870205
T14492,"War, Law, and Justice",Social Sciences,Social Sciences,Political Science and International Relations,615,290,68,283,2.1206896551724137,24.02826855123675
T12687,Public Administration in Developing Nations,Social Sciences,Social Sciences,Political Science and International Relations,614,275,31,275,2.232727272727273,11.272727272727273
T12999,Medieval History and Crusades,Social Sciences,Arts and Humanities,History,614,404,15,402,1.5198019801980198,3.7313432835820897
T13264,Walter Benjamin Studies Compilation,Social Sciences,Arts and Humanities,Philosophy,614,242,1,242,2.5371900826446283,0.4132231404958678
T10931,Direction-of-Arrival Estimation Techniques,Physical Sciences,Computer Science,Signal Processing,613,423,6,423,1.4491725768321513,1.4184397163120568
T13835,"Educational, Social, and Political Issues",Social Sciences,Social Sciences,Sociology and Political Science,613,116,3,115,5.2844827586206895,2.608695652173913
T14243,Creative Drama in Education,Social Sciences,Arts and Humanities,Visual Arts and Performing Arts,612,276,28,274,2.217391304347826,10.218978102189782
T14163,Astronomical Observations and Instrumentation,Physical Sciences,Engineering,Computational Mechanics,612,414,18,414,1.4782608695652173,4.3478260869565215
T12705,Educational Reforms and Innovations,Physical Sciences,Environmental Science,"Health, Toxicology and Mutagenesis",610,298,44,297,2.046979865771812,14.814814814814815
T13133,Architecture and Art History Studies,Social Sciences,Arts and Humanities,Visual Arts and Performing Arts,609,370,11,370,1.645945945945946,2.972972972972973
T13136,Community-based Tourism Development and Sustainability,Social Sciences,Social Sciences,Sociology and Political Science,609,395,38,394,1.5417721518987342,9.644670050761421
T14105,Cultural and Artistic Studies,Social Sciences,Social Sciences,Cultural Studies,608,488,25,488,1.2459016393442623,5.122950819672131
T12893,Organic Chemistry Cycloaddition Reactions,Physical Sciences,Chemistry,Organic Chemistry,608,387,4,387,1.5710594315245479,1.0335917312661498
T11693,Cryptography and Residue Arithmetic,Physical Sciences,Computer Science,Information Systems,608,356,18,354,1.7078651685393258,5.084745762711864
T14521,Medicinal Plant Research,Life Sciences,Agricultural and Biological Sciences,Plant Science,607,406,12,406,1.4950738916256157,2.955665024630542
T12451,Smart Grid and Power Systems,Physical Sciences,Engineering,Electrical and Electronic Engineering,606,248,13,247,2.443548387096774,5.2631578947368425
T14320,Optics and Image Analysis,Social Sciences,"Business, Management and Accounting",Management Information Systems,605,307,52,302,1.9706840390879479,17.218543046357617
T11522,VLSI and FPGA Design Techniques,Physical Sciences,Engineering,Electrical and Electronic Engineering,605,301,13,301,2.009966777408638,4.318936877076412
T13700,Gender Studies and Social Issues,Social Sciences,Social Sciences,Gender Studies,604,262,15,260,2.3053435114503817,5.769230769230769
T12416,Polymer Nanocomposite Synthesis and Irradiation,Physical Sciences,Materials Science,Polymers and Plastics,603,386,14,386,1.5621761658031088,3.626943005181347
T13988,Public Administration and Governance,Social Sciences,Social Sciences,Political Science and International Relations,603,331,65,321,1.8217522658610272,20.24922118380062
T14016,International Relations and Autism,Social Sciences,Social Sciences,Urban Studies,602,233,19,231,2.5836909871244633,8.225108225108226
T13038,Internet of Things and AI,Physical Sciences,Computer Science,Information Systems,602,325,66,319,1.8523076923076922,20.689655172413794
T14045,"Health, Education, and Physical Culture",Social Sciences,Psychology,Social Psychology,602,282,19,280,2.1347517730496453,6.785714285714286
T14345,Scientific Research and Philosophical Inquiry,Physical Sciences,Computer Science,Information Systems,601,252,22,252,2.384920634920635,8.73015873015873
T10187,Radio Frequency Integrated Circuit Design,Physical Sciences,Engineering,Electrical and Electronic Engineering,600,484,23,484,1.2396694214876034,4.75206611570248
T14469,Renaissance Literature and Culture,Social Sciences,Arts and Humanities,Classics,599,325,13,325,1.843076923076923,4.0
T14392,Geoscience and Mining Technology,Physical Sciences,Engineering,"Safety, Risk, Reliability and Quality",599,357,14,357,1.6778711484593838,3.9215686274509802
T14421,Educational Philosophies and Pedagogies,Social Sciences,Social Sciences,Education,597,291,10,290,2.051546391752577,3.4482758620689653
T10559,Particle Accelerators and Free-Electron Lasers,Physical Sciences,Engineering,Electrical and Electronic Engineering,596,387,10,387,1.5400516795865633,2.5839793281653747
T13823,Religious and Theological Studies,Social Sciences,Social Sciences,Sociology and Political Science,596,349,25,349,1.7077363896848137,7.163323782234957
T14502,High-Voltage Power Transmission Systems,Physical Sciences,Engineering,Electrical and Electronic Engineering,595,296,7,296,2.010135135135135,2.364864864864865
T12141,Fluid Dynamics and Thin Films,Physical Sciences,Engineering,Computational Mechanics,594,479,12,477,1.2400835073068894,2.5157232704402515
T13424,"Ukraine: War, Education, Health",Physical Sciences,Environmental Science,Global and Planetary Change,592,96,36,94,6.166666666666667,38.297872340425535
T12326,Network Packet Processing and Optimization,Physical Sciences,Computer Science,Hardware and Architecture,591,325,10,325,1.8184615384615384,3.076923076923077
T11081,Advanced Control Systems Design,Physical Sciences,Engineering,Control and Systems Engineering,591,109,5,109,5.422018348623853,4.587155963302752
T14494,American Literature and Culture,Social Sciences,Arts and Humanities,History,589,284,3,284,2.073943661971831,1.056338028169014
T12371,Electrical Contact Performance and Analysis,Physical Sciences,Engineering,Mechanical Engineering,587,374,11,374,1.5695187165775402,2.9411764705882355
T13188,Synthesis and bioactivity of alkaloids,Life Sciences,"Biochemistry, Genetics and Molecular Biology",Molecular Biology,587,353,7,352,1.6628895184135977,1.9886363636363635
T13243,Innovation in Digital Healthcare Systems,Health Sciences,Health Professions,Health Information Management,587,215,17,215,2.730232558139535,7.906976744186046
T13499,Economic Systems and Logistics Management,Social Sciences,"Economics, Econometrics and Finance","General Economics, Econometrics and Finance",586,162,14,161,3.617283950617284,8.695652173913043
T11523,Nanomaterials and Printing Technologies,Physical Sciences,Engineering,Electrical and Electronic Engineering,585,374,18,372,1.5641711229946524,4.838709677419355
T13872,Vocational and Entrepreneurial Education,Social Sciences,Social Sciences,Education,583,236,31,236,2.4703389830508473,13.135593220338983
T12926,Business Strategies and Management Research,Social Sciences,Decision Sciences,Management Science and Operations Research,582,245,16,244,2.3755102040816327,6.557377049180328
T12938,Material Selection and Properties,Physical Sciences,Materials Science,Materials Chemistry,579,283,11,282,2.045936395759717,3.900709219858156
T12628,Polymer Foaming and Composites,Physical Sciences,Materials Science,Polymers and Plastics,577,357,10,356,1.6162464985994398,2.808988764044944
T13016,Innovative Educational Technologies,Physical Sciences,Computer Science,Information Systems,577,156,27,156,3.698717948717949,17.307692307692307
T10865,Shape Memory Alloy Transformations,Physical Sciences,Materials Science,Materials Chemistry,577,380,11,380,1.518421052631579,2.8947368421052633
T14270,Simulation and Modeling Applications,Physical Sciences,Engineering,Control and Systems Engineering,577,328,10,327,1.7591463414634145,3.058103975535168
T14171,"Education, Law, and Society",Social Sciences,Social Sciences,Political Science and International Relations,576,223,38,219,2.5829596412556053,17.35159817351598
T12292,Graph Theory and Algorithms,Physical Sciences,Computer Science,Computer Vision and Pattern Recognition,575,362,25,361,1.5883977900552486,6.925207756232687
T10046,Stability and Control of Uncertain Systems,Physical Sciences,Engineering,Control and Systems Engineering,574,336,9,336,1.7083333333333333,2.6785714285714284
T13348,Pancasila Values in Education,Social Sciences,Social Sciences,Education,573,389,45,389,1.4730077120822622,11.568123393316196
T12130,Contemporary Literature and Criticism,Social Sciences,Arts and Humanities,Literature and Literary Theory,572,269,5,269,2.12639405204461,1.858736059479554
T14194,Bioactive Compounds in Plants,Life Sciences,Agricultural and Biological Sciences,Plant Science,570,280,8,279,2.0357142857142856,2.867383512544803
T12750,Nigella sativa pharmacological applications,Health Sciences,Medicine,Complementary and alternative medicine,569,392,11,392,1.4515306122448979,2.806122448979592
T10964,Wireless Communication Security Techniques,Physical Sciences,Engineering,Electrical and Electronic Engineering,568,331,36,331,1.716012084592145,10.876132930513595
T12076,Renaissance and Early Modern Studies,Social Sciences,Arts and Humanities,History,567,277,10,277,2.046931407942238,3.6101083032490973
T14422,"Sociology, Governance, and Technology",Social Sciences,Social Sciences,Sociology and Political Science,566,149,14,148,3.7986577181208054,9.45945945945946
T11175,Gyrotron and Vacuum Electronics Research,Physical Sciences,Physics and Astronomy,"Atomic and Molecular Physics, and Optics",565,411,8,411,1.3746958637469586,1.9464720194647203
T12815,Management and Organizational Practices,Social Sciences,"Business, Management and Accounting",Strategy and Management,565,235,7,235,2.404255319148936,2.978723404255319
T10323,Analog and Mixed-Signal Circuit Design,Physical Sciences,Engineering,Biomedical Engineering,560,374,12,374,1.4973262032085561,3.2085561497326203
T11143,High Entropy Alloys Studies,Physical Sciences,Engineering,Mechanical Engineering,558,489,55,489,1.1411042944785277,11.247443762781186
T11101,Online Learning Methods and Innovations,Social Sciences,Social Sciences,Education,556,377,46,377,1.4748010610079576,12.20159151193634
T12450,Radio Astronomy Observations and Technology,Physical Sciences,Physics and Astronomy,Astronomy and Astrophysics,555,399,19,398,1.3909774436090225,4.773869346733668
T11766,Iron-based superconductors research,Physical Sciences,Materials Science,"Electronic, Optical and Magnetic Materials",554,264,8,264,2.0984848484848486,3.0303030303030303
T13754,Central European and Russian historical studies,Social Sciences,Social Sciences,Political Science and International Relations,553,260,42,256,2.126923076923077,16.40625
T14279,Academic Research and Education Studies,Physical Sciences,Environmental Science,Global and Planetary Change,552,145,8,140,3.806896551724138,5.714285714285714
T12396,Advanced Differential Equations and Dynamical Systems,Physical Sciences,Mathematics,Geometry and Topology,551,268,3,268,2.0559701492537314,1.1194029850746268
T11087,Solidification and crystal growth phenomena,Physical Sciences,Materials Science,Materials Chemistry,548,450,4,449,1.2177777777777778,0.89086859688196
T12570,Photopolymerization techniques and applications,Physical Sciences,Chemistry,Organic Chemistry,547,332,5,331,1.6475903614457832,1.5105740181268883
T11686,Dendrimers and Hyperbranched Polymers,Physical Sciences,Materials Science,Polymers and Plastics,545,380,10,380,1.4342105263157894,2.6315789473684212
T14193,Literature and Cultural Memory,Social Sciences,Arts and Humanities,Literature and Literary Theory,544,260,8,260,2.0923076923076924,3.076923076923077
T12303,Tensor decomposition and applications,Physical Sciences,Mathematics,Computational Mathematics,544,281,14,281,1.9359430604982206,4.98220640569395
T13281,Andrographolide Research and Applications,Health Sciences,Medicine,Complementary and alternative medicine,543,325,7,325,1.6707692307692308,2.1538461538461537
T13234,advanced mathematical theories,Physical Sciences,Mathematics,Mathematical Physics,543,232,4,232,2.3405172413793105,1.7241379310344827
T11611,Cyclopropane Reaction Mechanisms,Physical Sciences,Chemistry,Organic Chemistry,542,294,3,294,1.8435374149659864,1.0204081632653061
T14435,Information Retrieval and Data Mining,Physical Sciences,Computer Science,Information Systems,540,321,39,321,1.6822429906542056,12.149532710280374
T14431,Diverse Research and Applications,Physical Sciences,Computer Science,Information Systems,538,131,5,131,4.106870229007634,3.816793893129771
T13367,Cultural and Sociopolitical Studies,Social Sciences,Arts and Humanities,Museology,537,396,38,396,1.356060606060606,9.595959595959595
T14425,Educational Practices and Sociocultural Research,Social Sciences,Social Sciences,Education,530,122,14,121,4.344262295081967,11.570247933884298
T13432,Environmental Sustainability and Technology,Physical Sciences,Environmental Science,"Management, Monitoring, Policy and Law",530,178,26,178,2.9775280898876404,14.606741573033707
T13559,Edcuational Technology Systems,Physical Sciences,Computer Science,Artificial Intelligence,528,448,48,448,1.1785714285714286,10.714285714285714
T13344,Industrial Automation and Control Systems,Physical Sciences,Engineering,Control and Systems Engineering,528,273,19,272,1.934065934065934,6.985294117647059
T12944,Animal Nutrition and Health,Life Sciences,Agricultural and Biological Sciences,Plant Science,528,252,14,251,2.0952380952380953,5.577689243027889
T10744,Astrophysical Phenomena and Observations,Physical Sciences,Physics and Astronomy,Astronomy and Astrophysics,526,413,19,413,1.2736077481840193,4.600484261501211
T10306,Liquid Crystal Research Advancements,Physical Sciences,Materials Science,"Electronic, Optical and Magnetic Materials",525,425,20,424,1.2352941176470589,4.716981132075472
T13511,Geodetic Measurements and Engineering Structures,Physical Sciences,Engineering,Civil and Structural Engineering,525,269,58,260,1.9516728624535316,22.307692307692307
T12862,Catholicism and Religious Studies,Social Sciences,Arts and Humanities,History,525,200,8,200,2.625,4.0
T13936,Physical Education and Gymnastics,Social Sciences,Social Sciences,Education,525,283,20,283,1.8551236749116609,7.067137809187279
T11723,Optical Coatings and Gratings,Physical Sciences,Materials Science,"Surfaces, Coatings and Films",524,412,16,412,1.2718446601941749,3.883495145631068
T11608,Dielectric materials and actuators,Physical Sciences,Engineering,Biomedical Engineering,524,400,24,400,1.31,6.0
T12799,Mobile and Web Applications,Physical Sciences,Computer Science,Information Systems,522,283,16,283,1.8445229681978799,5.6537102473498235
T10657,Topological Materials and Phenomena,Physical Sciences,Physics and Astronomy,"Atomic and Molecular Physics, and Optics",522,433,36,431,1.2055427251732103,8.352668213457077
T13520,Architectural and Urban Studies,Social Sciences,Arts and Humanities,Conservation,520,325,32,325,1.6,9.846153846153847
T13683,"Architecture, Art, Education",Social Sciences,Arts and Humanities,Visual Arts and Performing Arts,519,283,16,282,1.8339222614840989,5.673758865248227
T11592,Phenomenology and Existential Philosophy,Social Sciences,Psychology,Experimental and Cognitive Psychology,518,272,3,272,1.9044117647058822,1.1029411764705883
T13744,Financial Literacy and Behavior,Social Sciences,"Business, Management and Accounting",Accounting,518,323,94,321,1.6037151702786379,29.28348909657321
T14221,activated carbon and charcoal,Social Sciences,Decision Sciences,Management Science and Operations Research,517,185,7,182,2.7945945945945945,3.8461538461538463
T13865,Nationalism and Cultural Identity,Social Sciences,Social Sciences,"Geography, Planning and Development",515,273,27,269,1.8864468864468864,10.037174721189592
T13296,Physical Education and Sports Studies,Social Sciences,Social Sciences,Sociology and Political Science,515,326,24,325,1.5797546012269938,7.384615384615385
T14284,Social Sciences and Humanities,Social Sciences,Social Sciences,Political Science and International Relations,514,210,15,207,2.447619047619048,7.246376811594203
T13553,Age of Information Optimization,Physical Sciences,Computer Science,Computer Networks and Communications,513,279,37,279,1.8387096774193548,13.261648745519713
T11191,Mathematical functions and polynomials,Physical Sciences,Mathematics,Applied Mathematics,508,237,0,237,2.1434599156118144,0.0
T12251,Synthesis and Catalytic Reactions,Physical Sciences,Chemistry,Organic Chemistry,505,326,4,326,1.549079754601227,1.2269938650306749
T13706,Management and Optimization Techniques,Social Sciences,"Business, Management and Accounting",Strategy and Management,503,378,29,378,1.3306878306878307,7.671957671957672
T12216,Network Time Synchronization Technologies,Physical Sciences,Computer Science,Computer Networks and Communications,502,269,29,268,1.8661710037174721,10.82089552238806
T12405,Characterization and Applications of Magnetic Nanoparticles,Physical Sciences,Engineering,Biomedical Engineering,500,399,7,398,1.2531328320802004,1.7587939698492463
T12512,History of Colonial Brazil,Social Sciences,Social Sciences,Anthropology,500,299,12,298,1.6722408026755853,4.026845637583893
T10490,Orbital Angular Momentum in Optics,Physical Sciences,Physics and Astronomy,"Atomic and Molecular Physics, and Optics",497,410,21,409,1.2121951219512195,5.134474327628362
T14273,"Cultural, Psychoanalytic, and Sociopolitical Reflections",Social Sciences,Social Sciences,Cultural Studies,497,144,4,144,3.451388888888889,2.7777777777777777
T13021,Geology and Environmental Impact Studies,Social Sciences,Social Sciences,Law,495,203,9,203,2.438423645320197,4.433497536945813
T13847,Literature Analysis and Criticism,Health Sciences,Medicine,"Pediatrics, Perinatology and Child Health",494,144,14,143,3.4305555555555554,9.79020979020979
T14516,English Language Learning and Teaching,Physical Sciences,Computer Science,Information Systems,494,356,22,356,1.3876404494382022,6.179775280898877
T12007,Plasma and Flow Control in Aerodynamics,Physical Sciences,Engineering,Aerospace Engineering,491,382,4,381,1.2853403141361257,1.0498687664041995
T11050,Photorefractive and Nonlinear Optics,Physical Sciences,Physics and Astronomy,"Atomic and Molecular Physics, and Optics",489,409,16,408,1.19559902200489,3.9215686274509802
T14265,Social and Behavioral Studies,Social Sciences,Social Sciences,Health,489,173,23,173,2.8265895953757227,13.294797687861271
T10571,Robotic Mechanisms and Dynamics,Physical Sciences,Engineering,Control and Systems Engineering,488,379,24,379,1.287598944591029,6.332453825857519
T12511,Medieval and Classical Philosophy,Social Sciences,Arts and Humanities,Philosophy,485,344,7,344,1.4098837209302326,2.0348837209302326
T14319,Currency Recognition and Detection,Physical Sciences,Computer Science,Computer Vision and Pattern Recognition,484,275,28,275,1.76,10.181818181818182
T14187,Varied Academic Research Topics,Social Sciences,"Business, Management and Accounting",Management Information Systems,482,188,18,188,2.5638297872340425,9.574468085106384
T12123,Financial Analysis and Corporate Governance,Social Sciences,"Business, Management and Accounting",Accounting,480,278,15,278,1.7266187050359711,5.39568345323741
T12290,Human Motion and Animation,Physical Sciences,Engineering,Control and Systems Engineering,480,324,26,324,1.4814814814814814,8.024691358024691
T13466,Comparative Literary Analysis and Criticism,Social Sciences,Arts and Humanities,Literature and Literary Theory,480,319,37,319,1.5047021943573669,11.598746081504702
T14327,Advanced Energy Technologies and Civil Engineering Innovations,Physical Sciences,Energy,Nuclear Energy and Engineering,479,214,8,214,2.2383177570093458,3.7383177570093458
T13304,Synthesis and Reactivity of Sulfur-Containing Compounds,Physical Sciences,Chemistry,Organic Chemistry,479,265,4,265,1.8075471698113208,1.509433962264151
T11615,Control and Dynamics of Mobile Robots,Physical Sciences,Engineering,Control and Systems Engineering,478,322,14,322,1.484472049689441,4.3478260869565215
T13116,Heat Transfer and Numerical Methods,Physical Sciences,Engineering,Computational Mechanics,476,186,10,185,2.5591397849462365,5.405405405405405
T10248,Nonlinear Waves and Solitons,Physical Sciences,Physics and Astronomy,Statistical and Nonlinear Physics,476,261,8,261,1.8237547892720307,3.0651340996168583
T13801,Urban Arborization and Environmental Studies,Physical Sciences,Environmental Science,"Management, Monitoring, Policy and Law",475,244,57,240,1.9467213114754098,23.75
T14075,Psychodrama and Leishmaniasis Studies,Social Sciences,Social Sciences,Education,474,189,34,188,2.507936507936508,18.085106382978722
T14294,Impulse Buying and Technology Impacts,Social Sciences,"Economics, Econometrics and Finance",Economics and Econometrics,472,243,50,242,1.9423868312757202,20.66115702479339
T13062,Cognitive Computing and Networks,Physical Sciences,Computer Science,Artificial Intelligence,471,243,21,243,1.9382716049382716,8.641975308641975
T10723,Advanced Welding Techniques Analysis,Physical Sciences,Engineering,Mechanical Engineering,470,386,10,386,1.217616580310881,2.5906735751295336
T14046,Bach Studies and Logistics Development,Social Sciences,Arts and Humanities,Literature and Literary Theory,470,126,8,126,3.7301587301587302,6.349206349206349
T13286,Modeling and Simulation Systems,Physical Sciences,Computer Science,Computational Theory and Mathematics,470,276,13,276,1.7028985507246377,4.7101449275362315
T14059,"Nietzsche, Schopenhauer, and Hegel",Social Sciences,Arts and Humanities,Philosophy,466,236,8,236,1.9745762711864407,3.389830508474576
T13615,Transportation Systems and Safety,Physical Sciences,Computer Science,Computer Graphics and Computer-Aided Design,466,242,10,242,1.9256198347107438,4.132231404958677
T14434,Historical and Modern Theater Studies,Social Sciences,Psychology,Clinical Psychology,466,240,17,238,1.9416666666666667,7.142857142857143
T14057,Hypertrophic osteoarthropathy and related conditions,Health Sciences,Medicine,Rheumatology,465,280,18,278,1.6607142857142858,6.474820143884892
T10061,Algebraic Geometry and Number Theory,Physical Sciences,Mathematics,Geometry and Topology,465,256,3,256,1.81640625,1.171875
T12391,Artificial Immune Systems Applications,Physical Sciences,Engineering,Biomedical Engineering,465,240,7,238,1.9375,2.9411764705882355
T12080,Injection Molding Process and Properties,Physical Sciences,Engineering,Mechanical Engineering,464,308,7,308,1.5064935064935066,2.272727272727273
T13263,Building energy efficiency and sustainability,Physical Sciences,Engineering,Building and Construction,462,200,11,200,2.31,5.5
T14381,"Psychiatry, Mental Health, Neuroscience",Physical Sciences,Computer Science,Artificial Intelligence,462,206,14,204,2.2427184466019416,6.862745098039215
T14024,"Education, Philosophy, and Society",Social Sciences,Arts and Humanities,Philosophy,462,152,4,152,3.039473684210526,2.6315789473684212
T13109,Theological Perspectives and Practices,Social Sciences,Social Sciences,Sociology and Political Science,460,226,15,226,2.0353982300884956,6.6371681415929205
T13658,Education and Professional Development,Social Sciences,Social Sciences,Education,459,173,9,173,2.653179190751445,5.202312138728324
T12479,Web Application Security Vulnerabilities,Physical Sciences,Computer Science,Information Systems,459,261,29,261,1.7586206896551724,11.11111111111111
T12898,Induction Heating and Inverter Technology,Physical Sciences,Engineering,Mechanical Engineering,459,290,16,290,1.5827586206896551,5.517241379310345
T10921,Neutrino Physics Research,Physical Sciences,Physics and Astronomy,Nuclear and High Energy Physics,457,337,11,337,1.3560830860534125,3.264094955489614
T10354,Catalytic C–H Functionalization Methods,Physical Sciences,Chemistry,Organic Chemistry,455,322,10,322,1.4130434782608696,3.1055900621118013
T14216,Multimedia Learning Systems,Physical Sciences,Computer Science,Information Systems,451,390,36,390,1.1564102564102565,9.23076923076923
T11096,Aeroelasticity and Vibration Control,Physical Sciences,Engineering,Aerospace Engineering,450,330,2,330,1.3636363636363635,0.6060606060606061
T10288,Fractional Differential Equations Solutions,Physical Sciences,Mathematics,Modeling and Simulation,450,294,6,294,1.530612244897959,2.0408163265306123
T14278,Marxism and Critical Theory,Social Sciences,Arts and Humanities,Philosophy,449,235,8,234,1.9106382978723404,3.4188034188034186
T10530,Magnesium Alloys: Properties and Applications,Physical Sciences,Materials Science,Biomaterials,449,308,7,308,1.4577922077922079,2.272727272727273
T13113,Engineering Technology and Methodologies,Physical Sciences,Engineering,Industrial and Manufacturing Engineering,447,285,10,285,1.568421052631579,3.508771929824561
T10922,Magnetic Properties and Synthesis of Ferrites,Physical Sciences,Materials Science,Materials Chemistry,447,290,10,290,1.5413793103448277,3.4482758620689653
T12940,Structural Engineering and Materials Analysis,Physical Sciences,Engineering,Civil and Structural Engineering,447,273,8,273,1.6373626373626373,2.93040293040293
T12707,Vehicle License Plate Recognition,Physical Sciences,Engineering,Media Technology,445,327,34,327,1.3608562691131498,10.397553516819572
T13708,History of Emotions Research,Social Sciences,Arts and Humanities,History,445,220,10,219,2.022727272727273,4.566210045662101
T12507,"Utopian, Dystopian, and Speculative Fiction",Social Sciences,Arts and Humanities,Philosophy,445,227,11,227,1.960352422907489,4.845814977973569
T11661,Copper Interconnects and Reliability,Physical Sciences,Materials Science,"Electronic, Optical and Magnetic Materials",442,336,4,336,1.3154761904761905,1.1904761904761905
T14318,Polydiacetylene-based materials and applications,Physical Sciences,Chemistry,Organic Chemistry,441,319,25,319,1.3824451410658307,7.836990595611285
T14520,Sustainable Urban and Rural Development,Social Sciences,Social Sciences,Urban Studies,441,176,23,174,2.5056818181818183,13.218390804597702
T13043,Youth Culture and Social Dynamics,Social Sciences,Social Sciences,Sociology and Political Science,439,223,20,223,1.968609865470852,8.968609865470851
T13670,Ziziphus Jujuba Studies and Applications,Life Sciences,Agricultural and Biological Sciences,Food Science,438,265,3,265,1.6528301886792454,1.1320754716981132
T13652,Education and Social Development in Ukraine,Social Sciences,Social Sciences,Education,438,101,17,101,4.336633663366337,16.831683168316832
T13270,QR Code Applications and Technologies,Physical Sciences,Computer Science,Information Systems,437,232,10,232,1.8836206896551724,4.310344827586207
T12875,Thermal Expansion and Ionic Conductivity,Physical Sciences,Materials Science,Materials Chemistry,434,299,22,298,1.451505016722408,7.382550335570469
T11127,Solid State Laser Technologies,Physical Sciences,Engineering,Electrical and Electronic Engineering,433,361,7,360,1.1994459833795015,1.9444444444444444
T12340,Anodic Oxide Films and Nanostructures,Physical Sciences,Materials Science,Materials Chemistry,430,339,5,339,1.2684365781710913,1.4749262536873156
T13343,Turkish Urban and Social Issues,Social Sciences,Social Sciences,Urban Studies,429,255,32,249,1.6823529411764706,12.85140562248996
T11498,Security in Wireless Sensor Networks,Physical Sciences,Computer Science,Computer Networks and Communications,428,302,14,302,1.4172185430463575,4.635761589403973
T12692,Magnetic Field Sensors Techniques,Physical Sciences,Engineering,Electrical and Electronic Engineering,428,264,15,264,1.621212121212121,5.681818181818182
T14337,"Religious, Philosophical, and Educational Studies",Social Sciences,Social Sciences,Sociology and Political Science,428,205,30,205,2.0878048780487806,14.634146341463415
T11673,Advanced Topics in Algebra,Physical Sciences,Mathematics,Algebra and Number Theory,427,259,5,259,1.6486486486486487,1.9305019305019304
T13908,Scientific and Historical Analyses,Social Sciences,Arts and Humanities,Philosophy,420,133,15,131,3.1578947368421053,11.450381679389313
T14121,Logistics and Transportation Systems,Social Sciences,"Business, Management and Accounting",Management Information Systems,418,119,10,119,3.5126050420168067,8.403361344537815
T11110,Stability and Controllability of Differential Equations,Physical Sciences,Engineering,Control and Systems Engineering,417,282,0,282,1.4787234042553192,0.0
T14128,Metallurgical and Alloy Processes,Physical Sciences,Materials Science,General Materials Science,414,287,6,287,1.4425087108013936,2.0905923344947737
T13179,"Literature, Culture, and Criticism",Social Sciences,Arts and Humanities,Literature and Literary Theory,414,253,15,252,1.6363636363636365,5.9523809523809526
T13687,Extractivism and Socioeconomic Issues,Social Sciences,Social Sciences,Sociology and Political Science,414,181,28,176,2.287292817679558,15.909090909090908
T13685,Material Science and Thermodynamics,Physical Sciences,Engineering,Mechanical Engineering,414,195,1,195,2.123076923076923,0.5128205128205128
T13267,Advanced Theoretical and Applied Studies in Material Sciences an,Physical Sciences,Engineering,Biomedical Engineering,413,242,6,242,1.7066115702479339,2.479338842975207
T13675,Diffusion Coefficients in Liquids,Physical Sciences,Chemistry,Spectroscopy,412,124,1,124,3.3225806451612905,0.8064516129032258
T13694,Immigration Law and Human Rights,Social Sciences,Social Sciences,Urban Studies,412,172,13,172,2.395348837209302,7.558139534883721
T13666,Postmodernism in Literature and Education,Social Sciences,Arts and Humanities,Literature and Literary Theory,411,137,1,137,3.0,0.7299270072992701
T12410,Structural and Chemical Analysis of Organic and Inorganic Compou,Physical Sciences,Chemistry,Organic Chemistry,411,219,3,219,1.8767123287671232,1.36986301369863
T13631,"Global History, Politics, and Ideology",Social Sciences,Social Sciences,Sociology and Political Science,409,112,1,112,3.6517857142857144,0.8928571428571429
T11321,Error Correcting Code Techniques,Physical Sciences,Computer Science,Computer Networks and Communications,409,248,9,248,1.6491935483870968,3.629032258064516
T13159,Structural mechanics and materials,Physical Sciences,Materials Science,Materials Chemistry,404,181,8,179,2.2320441988950277,4.4692737430167595
T13790,Waste Management and Environmental Impact,Physical Sciences,Engineering,Mechanical Engineering,404,167,5,167,2.4191616766467066,2.9940119760479043
T13519,Historical Architecture and Urbanism,Social Sciences,Arts and Humanities,History,404,178,5,178,2.269662921348315,2.808988764044944
T13545,Philosophical and Theoretical Analysis,Social Sciences,Arts and Humanities,Philosophy,402,211,15,211,1.90521327014218,7.109004739336493
T14416,"Health, Technology, Consumer Behavior",Health Sciences,Health Professions,Health Information Management,400,166,42,166,2.4096385542168677,25.301204819277107
T11338,Advancements in Photolithography Techniques,Physical Sciences,Engineering,Electrical and Electronic Engineering,398,274,7,274,1.4525547445255473,2.5547445255474455
T13978,Foreign Language Teaching Methods,Social Sciences,Social Sciences,Education,398,191,19,191,2.0837696335078535,9.947643979057592
T12270,Microwave-Assisted Synthesis and Applications,Physical Sciences,Chemistry,Organic Chemistry,397,250,6,249,1.588,2.4096385542168677
T11034,Digital Filter Design and Implementation,Physical Sciences,Computer Science,Signal Processing,396,250,3,250,1.584,1.2
T13704,French Literature and Poetry,Social Sciences,Arts and Humanities,Literature and Literary Theory,396,222,6,221,1.7837837837837838,2.7149321266968327
T13373,Data Mining and Machine Learning Applications,Physical Sciences,Computer Science,Information Systems,395,289,42,289,1.3667820069204153,14.53287197231834
T14204,Railway Systems and Materials Science,Physical Sciences,Engineering,Mechanics of Materials,394,148,7,147,2.6621621621621623,4.761904761904762
T11200,Electrodeposition and Electroless Coatings,Physical Sciences,Engineering,Electrical and Electronic Engineering,394,282,2,282,1.3971631205673758,0.7092198581560284
T13311,Sociology and Cultural Identity Studies,Social Sciences,Social Sciences,Sociology and Political Science,394,102,0,100,3.8627450980392157,0.0
T11151,Advanced Topology and Set Theory,Physical Sciences,Mathematics,Geometry and Topology,393,209,4,209,1.8803827751196172,1.9138755980861244
T10886,Multiferroics and related materials,Physical Sciences,Materials Science,"Electronic, Optical and Magnetic Materials",392,298,12,297,1.3154362416107384,4.040404040404041
T10741,Video Coding and Compression Technologies,Physical Sciences,Computer Science,Signal Processing,392,264,7,264,1.4848484848484849,2.6515151515151514
T12516,Advanced Mathematical Theories and Applications,Physical Sciences,Physics and Astronomy,Statistical and Nonlinear Physics,392,177,4,176,2.214689265536723,2.272727272727273
T14430,Higher Education and Teaching Methods,Physical Sciences,Computer Science,Information Systems,391,182,12,182,2.1483516483516483,6.593406593406593
T11803,Superconducting and THz Device Technology,Physical Sciences,Physics and Astronomy,Astronomy and Astrophysics,391,279,8,279,1.4014336917562724,2.867383512544803
T14438,Advanced Scientific Research Methods,Life Sciences,Agricultural and Biological Sciences,Food Science,390,154,6,154,2.5324675324675323,3.896103896103896
T13769,Fusion and Plasma Physics Studies,Physical Sciences,Physics and Astronomy,Statistical and Nonlinear Physics,388,165,8,161,2.3515151515151516,4.968944099378882
T13312,Mechanical and Thermal Properties Analysis,Physical Sciences,Engineering,Mechanical Engineering,388,243,5,243,1.5967078189300412,2.05761316872428
T13788,Cultural Identity and Representation,Social Sciences,Arts and Humanities,Philosophy,386,165,7,165,2.3393939393939394,4.242424242424242
T14458,Education and Work Dynamics,Social Sciences,Social Sciences,Demography,386,166,10,165,2.325301204819277,6.0606060606060606
T12932,Powder Metallurgy Techniques and Materials,Physical Sciences,Engineering,Mechanical Engineering,385,292,2,292,1.3184931506849316,0.684931506849315
T12382,History of Education Research in Brazil,Social Sciences,Arts and Humanities,History,385,199,13,198,1.934673366834171,6.565656565656566
T11748,Organophosphorus compounds synthesis,Physical Sciences,Chemistry,Organic Chemistry,385,256,8,256,1.50390625,3.125
T13209,Cold Fusion and Nuclear Reactions,Physical Sciences,Earth and Planetary Sciences,Geochemistry and Petrology,384,219,12,215,1.7534246575342465,5.5813953488372094
T13660,Philosophical and Historical Studies,Social Sciences,Social Sciences,Sociology and Political Science,383,173,11,173,2.213872832369942,6.358381502890174
T14068,Organic and Inorganic Chemical Reactions,Physical Sciences,Chemistry,Spectroscopy,383,213,1,213,1.7981220657276995,0.4694835680751174
T13581,New Caledonia Indigenous Studies,Social Sciences,Social Sciences,Sociology and Political Science,383,215,11,211,1.7813953488372094,5.213270142180095
T13848,Ottoman and Turkish Studies,Social Sciences,Arts and Humanities,History,383,273,48,272,1.4029304029304028,17.647058823529413
T10846,Photonic Crystal and Fiber Optics,Physical Sciences,Engineering,Electrical and Electronic Engineering,381,332,10,332,1.1475903614457832,3.0120481927710845
T14022,Cultural and Religious Practices in Indonesia,Social Sciences,Social Sciences,Cultural Studies,381,310,9,310,1.229032258064516,2.903225806451613
T13980,Alexander von Humboldt Studies,Life Sciences,Immunology and Microbiology,Microbiology,379,192,11,188,1.9739583333333333,5.851063829787234
T12050,Optical Polarization and Ellipsometry,Physical Sciences,Engineering,Biomedical Engineering,377,274,13,273,1.3759124087591241,4.761904761904762
T11960,Relativity and Gravitational Theory,Physical Sciences,Physics and Astronomy,Astronomy and Astrophysics,377,243,6,243,1.551440329218107,2.4691358024691357
T11527,3D IC and TSV technologies,Physical Sciences,Engineering,Electrical and Electronic Engineering,376,285,12,284,1.3192982456140352,4.225352112676056
T12710,Engineering and Agricultural Innovations,Life Sciences,Agricultural and Biological Sciences,Aquatic Science,373,175,13,174,2.1314285714285712,7.471264367816092
T14453,Sustainability and Innovation in Business,Social Sciences,"Business, Management and Accounting",Management of Technology and Innovation,373,146,43,146,2.5547945205479454,29.45205479452055
T13455,"Decadence, Literature, and Society",Social Sciences,Social Sciences,Sociology and Political Science,371,214,6,214,1.733644859813084,2.803738317757009
T11298,Synthesis and Properties of Aromatic Compounds,Physical Sciences,Chemistry,Organic Chemistry,370,248,5,248,1.4919354838709677,2.0161290322580645
T14332,European Linguistics and Anthropology,Social Sciences,Social Sciences,Anthropology,370,183,25,183,2.021857923497268,13.66120218579235
T13501,Legal Issues in Turkey,Social Sciences,Social Sciences,Political Science and International Relations,370,289,117,269,1.2802768166089966,43.49442379182156
T13524,Venezuelan Migration and Society,Social Sciences,Social Sciences,Health,369,125,17,120,2.952,14.166666666666666
T12928,Education and Cultural Studies,Social Sciences,Social Sciences,Education,369,161,12,161,2.2919254658385095,7.453416149068323
T14359,Wetland Management and Conservation,Physical Sciences,Engineering,Ocean Engineering,368,155,13,154,2.3741935483870966,8.441558441558442
T11315,Phase-change materials and chalcogenides,Physical Sciences,Materials Science,Materials Chemistry,368,293,6,293,1.2559726962457338,2.04778156996587
T11428,Advanced Mathematical Identities,Physical Sciences,Mathematics,Algebra and Number Theory,368,127,3,126,2.8976377952755907,2.380952380952381
T11931,Organoselenium and organotellurium chemistry,Life Sciences,"Pharmacology, Toxicology and Pharmaceutics",Toxicology,366,232,8,232,1.5775862068965518,3.4482758620689653
T14202,"Sustainability, Governance, and Employment Studies",Social Sciences,Social Sciences,Sociology and Political Science,365,154,18,154,2.3701298701298703,11.688311688311689
T14244,Consumer Behavior and Marketing Influence,Social Sciences,"Business, Management and Accounting",Marketing,363,285,26,285,1.2736842105263158,9.12280701754386
T13421,"Contemporary art, education, critique",Social Sciences,Social Sciences,Cultural Studies,360,179,23,174,2.011173184357542,13.218390804597702
T14368,Evaluation and Optimization Models,Physical Sciences,Engineering,"Safety, Risk, Reliability and Quality",360,150,5,149,2.4,3.3557046979865772
T12155,Microwave Dielectric Ceramics Synthesis,Physical Sciences,Engineering,Electrical and Electronic Engineering,359,285,2,285,1.2596491228070175,0.7017543859649122
T13271,Ukrainian Legal and Forensic Studies,Social Sciences,Social Sciences,Political Science and International Relations,358,165,45,164,2.16969696969697,27.4390243902439
T10548,Catalytic Cross-Coupling Reactions,Physical Sciences,Chemistry,Organic Chemistry,358,236,6,236,1.5169491525423728,2.542372881355932
T11451,Advanced Machining and Optimization Techniques,Physical Sciences,Engineering,Electrical and Electronic Engineering,356,262,11,262,1.3587786259541985,4.198473282442748
T12490,Software Engineering and Design Patterns,Social Sciences,Social Sciences,Development,356,181,8,181,1.9668508287292819,4.419889502762431
T13104,Chemical and Physical Properties of Materials,Physical Sciences,Materials Science,Materials Chemistry,355,216,9,216,1.6435185185185186,4.166666666666667
T12092,Erosion and Abrasive Machining,Physical Sciences,Environmental Science,Ecological Modeling,355,261,3,261,1.3601532567049808,1.1494252873563218
T10578,Supramolecular Chemistry and Complexes,Physical Sciences,Chemistry,Organic Chemistry,353,251,6,251,1.406374501992032,2.3904382470119523
T11897,Digital Holography and Microscopy,Physical Sciences,Physics and Astronomy,"Atomic and Molecular Physics, and Optics",352,255,17,255,1.380392156862745,6.666666666666667
T14287,Music Education and Analysis,Social Sciences,Social Sciences,Education,351,252,18,252,1.3928571428571428,7.142857142857143
T10464,Crystal structures of chemical compounds,Physical Sciences,Chemistry,Inorganic Chemistry,349,222,9,222,1.572072072072072,4.054054054054054
T13437,Mechanisms of cancer metastasis,Life Sciences,"Biochemistry, Genetics and Molecular Biology",Molecular Biology,348,234,6,234,1.4871794871794872,2.5641025641025643
T14205,Education and Art Integration,Social Sciences,Social Sciences,Education,347,115,13,114,3.017391304347826,11.403508771929825
T13815,Islamic Thought and Society Studies,Social Sciences,Arts and Humanities,Religious studies,346,238,18,238,1.453781512605042,7.563025210084033
T11415,Noncommutative and Quantum Gravity Theories,Physical Sciences,Physics and Astronomy,Statistical and Nonlinear Physics,346,242,10,242,1.4297520661157024,4.132231404958677
T13493,Optical and Acousto-Optic Technologies,Physical Sciences,Physics and Astronomy,"Atomic and Molecular Physics, and Optics",345,258,5,257,1.3372093023255813,1.9455252918287937
T14354,Emergency Medicine Education and Research,Health Sciences,Medicine,Emergency Medicine,343,177,13,177,1.9378531073446328,7.344632768361582
T12988,Sociology and Education in Brazil,Social Sciences,Social Sciences,Sociology and Political Science,343,185,13,184,1.854054054054054,7.065217391304348
T13774,Citizenship Education and Democracy,Social Sciences,Social Sciences,Education,343,126,11,126,2.7222222222222223,8.73015873015873
T13898,Diverse Interdisciplinary Research Studies,Physical Sciences,Computer Science,Artificial Intelligence,342,113,15,113,3.0265486725663715,13.274336283185841
T13538,Linguistics and Language Analysis,Social Sciences,Arts and Humanities,Language and Linguistics,342,285,20,285,1.2,7.017543859649122
T10561,Educational Research and Methods,Social Sciences,Social Sciences,Education,341,260,25,260,1.3115384615384615,9.615384615384615
T13115,Axial and Atropisomeric Chirality Synthesis,Physical Sciences,Chemistry,Organic Chemistry,339,173,1,173,1.9595375722543353,0.5780346820809249
T13635,Philosophy and Education Pedagogy,Social Sciences,Social Sciences,Health,339,153,8,153,2.215686274509804,5.228758169934641
T11210,Mathematical Analysis and Transform Methods,Physical Sciences,Mathematics,Applied Mathematics,339,141,2,141,2.404255319148936,1.4184397163120568
T12559,French Literature and Critical Theory,Social Sciences,Arts and Humanities,Literature and Literary Theory,339,182,3,182,1.8626373626373627,1.6483516483516483
T11347,Neural Networks Stability and Synchronization,Physical Sciences,Computer Science,Computer Networks and Communications,337,274,18,274,1.22992700729927,6.569343065693431
T13351,Critical Theory and Political Philosophy,Social Sciences,Social Sciences,Education,336,160,3,160,2.1,1.875
T12762,Crystallography and Radiation Phenomena,Physical Sciences,Physics and Astronomy,Condensed Matter Physics,333,218,7,218,1.5275229357798166,3.2110091743119265
T13056,Various Academic Research Studies,Social Sciences,Social Sciences,Education,333,89,12,87,3.741573033707865,13.793103448275861
T12809,Contact Mechanics and Variational Inequalities,Physical Sciences,Computer Science,Computational Theory and Mathematics,332,207,3,206,1.603864734299517,1.4563106796116505
T14436,Employee Performance and Leadership,Social Sciences,"Business, Management and Accounting",Organizational Behavior and Human Resource Management,330,244,26,244,1.3524590163934427,10.655737704918034
T13260,Linguistics and Language Studies,Social Sciences,Arts and Humanities,Language and Linguistics,330,199,13,199,1.6582914572864322,6.532663316582915
T13225,Polish-Jewish Holocaust Memory Studies,Social Sciences,Arts and Humanities,Philosophy,329,168,6,168,1.9583333333333333,3.5714285714285716
T14195,Linguistic and Cultural Studies,Life Sciences,Agricultural and Biological Sciences,Plant Science,329,115,14,115,2.860869565217391,12.173913043478262
T12589,Differential Equations and Boundary Problems,Physical Sciences,Mathematics,Applied Mathematics,328,165,4,165,1.9878787878787878,2.4242424242424243
T13261,Elasticity and Wave Propagation,Physical Sciences,Engineering,Mechanics of Materials,327,251,2,251,1.302788844621514,0.796812749003984
T12491,Superconductivity in MgB2 and Alloys,Physical Sciences,Physics and Astronomy,Condensed Matter Physics,326,242,4,241,1.3471074380165289,1.6597510373443984
T11680,Advanced Algebra and Geometry,Physical Sciences,Mathematics,Mathematical Physics,325,184,2,184,1.766304347826087,1.0869565217391304
T11025,Nonlinear Optical Materials Research,Physical Sciences,Materials Science,"Electronic, Optical and Magnetic Materials",323,269,5,269,1.2007434944237918,1.858736059479554
T14511,"Medicine, History, and Philosophy",Health Sciences,Medicine,Psychiatry and Mental health,323,145,9,145,2.2275862068965515,6.206896551724138
T14091,Industrial and Mining Safety,Physical Sciences,Engineering,"Safety, Risk, Reliability and Quality",320,132,8,132,2.4242424242424243,6.0606060606060606
T13799,Media and Communication Studies,Social Sciences,Social Sciences,Communication,320,205,18,205,1.5609756097560976,8.78048780487805
T11749,Iterative Learning Control Systems,Physical Sciences,Engineering,Control and Systems Engineering,319,247,15,247,1.291497975708502,6.0728744939271255
T13611,"Education, Management, Technology, Human Resources",Social Sciences,Decision Sciences,Information Systems and Management,319,115,8,115,2.773913043478261,6.956521739130435
T12037,Algebraic and Geometric Analysis,Physical Sciences,Mathematics,Applied Mathematics,319,214,5,214,1.4906542056074767,2.336448598130841
T13958,"Education, Innovation and Language Studies",Social Sciences,Social Sciences,Education,318,174,19,173,1.8275862068965518,10.982658959537572
T10633,Metallic Glasses and Amorphous Alloys,Physical Sciences,Engineering,Mechanical Engineering,315,259,3,259,1.2162162162162162,1.1583011583011582
T12189,Sulfur-Based Synthesis Techniques,Physical Sciences,Chemistry,Organic Chemistry,314,211,9,211,1.4881516587677726,4.265402843601896
T14211,Diverse academic research themes,Social Sciences,Decision Sciences,Information Systems and Management,313,85,22,83,3.6823529411764704,26.50602409638554
T13547,Economic and Industrial Development,Social Sciences,"Economics, Econometrics and Finance",Economics and Econometrics,311,121,18,120,2.5702479338842976,15.0
T13431,Education Methods and Integration,Social Sciences,"Business, Management and Accounting",Organizational Behavior and Human Resource Management,311,127,22,126,2.4488188976377954,17.46031746031746
T13805,Adolescent Health and Behaviors,Health Sciences,Health Professions,General Health Professions,307,180,14,179,1.7055555555555555,7.82122905027933
T13716,Communication Studies and Media,Social Sciences,Social Sciences,Communication,305,110,13,110,2.772727272727273,11.818181818181818
T10948,Advanced Combinatorial Mathematics,Physical Sciences,Mathematics,Discrete Mathematics and Combinatorics,304,188,4,187,1.6170212765957446,2.1390374331550803
T13712,Kantian Philosophy and Modern Interpretations,Social Sciences,Arts and Humanities,Philosophy,304,172,14,172,1.7674418604651163,8.13953488372093
T14352,Globalization and Economic Impact,Social Sciences,Social Sciences,Sociology and Political Science,304,83,2,83,3.6626506024096384,2.4096385542168677
T13696,Technology's Impact on Media,Social Sciences,Decision Sciences,Information Systems and Management,303,108,4,107,2.8055555555555554,3.7383177570093458
T11873,PAPR reduction in OFDM,Physical Sciences,Engineering,Electrical and Electronic Engineering,302,244,14,243,1.2377049180327868,5.761316872427984
T13208,Synthesis of heterocyclic compounds,Physical Sciences,Chemistry,Organic Chemistry,301,155,1,155,1.9419354838709677,0.6451612903225806
T10896,Homotopy and Cohomology in Algebraic Topology,Physical Sciences,Mathematics,Mathematical Physics,301,197,3,197,1.5279187817258884,1.5228426395939085
T13743,Italian Literature and Culture,Social Sciences,Arts and Humanities,General Arts and Humanities,300,164,9,164,1.829268292682927,5.487804878048781
T11788,Nonlinear Optical Materials Studies,Physical Sciences,Engineering,Biomedical Engineering,298,222,3,222,1.3423423423423424,1.3513513513513513
T13441,Ottoman Empire History and Society,Social Sciences,Social Sciences,Sociology and Political Science,298,199,23,199,1.4974874371859297,11.557788944723619
T13661,Reformed Theology and Governance,Social Sciences,Arts and Humanities,Philosophy,297,130,8,130,2.2846153846153845,6.153846153846154
T13862,"Soil, Finite Element Methods",Physical Sciences,Engineering,Mechanics of Materials,295,158,3,158,1.8670886075949367,1.8987341772151898
T13998,"History, Medicine, and Leadership",Social Sciences,Social Sciences,Political Science and International Relations,295,143,8,141,2.062937062937063,5.673758865248227
T13833,Ferrocene Chemistry and Applications,Physical Sciences,Chemistry,Organic Chemistry,295,215,5,215,1.372093023255814,2.3255813953488373
T11166,Analytic Number Theory Research,Physical Sciences,Mathematics,Algebra and Number Theory,295,135,4,135,2.185185185185185,2.962962962962963
T14097,Chemistry Education and Research,Social Sciences,Social Sciences,Education,294,187,14,187,1.572192513368984,7.4866310160427805
T13824,National Identity and Symbolism,Social Sciences,Social Sciences,Sociology and Political Science,292,123,6,123,2.3739837398373984,4.878048780487805
T14314,"Violence, Religion, and Philosophy",Social Sciences,Arts and Humanities,Philosophy,292,134,4,134,2.1791044776119404,2.985074626865672
T14111,Diverse Research Studies Overview,Social Sciences,Social Sciences,Sociology and Political Science,292,82,14,82,3.5609756097560976,17.073170731707318
T14026,Flannery O'Connor and Thomas Merton,Social Sciences,"Business, Management and Accounting",Organizational Behavior and Human Resource Management,291,112,10,109,2.5982142857142856,9.174311926605505
T13230,Synthesis and Reactivity of Heterocycles,Physical Sciences,Chemistry,Organic Chemistry,289,177,2,177,1.6327683615819208,1.1299435028248588
T12857,Medieval Philosophy and Theology,Social Sciences,Arts and Humanities,Philosophy,286,147,4,146,1.945578231292517,2.73972602739726
T10541,Nonlinear Differential Equations Analysis,Physical Sciences,Mathematics,Applied Mathematics,286,153,1,153,1.869281045751634,0.6535947712418301
T13474,Autobiographical and Biographical Writing,Social Sciences,Arts and Humanities,Literature and Literary Theory,284,174,6,174,1.632183908045977,3.4482758620689653
T14198,Philosophical Thought and Analysis,Social Sciences,Social Sciences,General Social Sciences,284,139,9,139,2.0431654676258995,6.474820143884892
T10884,Holomorphic and Operator Theory,Physical Sciences,Mathematics,Applied Mathematics,283,176,4,176,1.6079545454545454,2.272727272727273
T14159,Discourse Analysis and Cultural Communication,Social Sciences,Social Sciences,Cultural Studies,283,159,12,159,1.779874213836478,7.547169811320755
T11646,Nonlocal and gradient elasticity in micro/nano structures,Physical Sciences,Materials Science,Materials Chemistry,281,236,3,236,1.1906779661016949,1.271186440677966
T13245,Samuel Beckett and Modernism,Social Sciences,Arts and Humanities,Literature and Literary Theory,280,145,1,144,1.9310344827586208,0.6944444444444444
T10287,Algebraic structures and combinatorial models,Physical Sciences,Mathematics,Geometry and Topology,279,211,1,211,1.3222748815165877,0.47393364928909953
T11565,Thermoelastic and Magnetoelastic Phenomena,Physical Sciences,Engineering,Mechanics of Materials,277,199,1,199,1.3919597989949748,0.5025125628140703
T14474,Industrial Technology and Control Systems,Physical Sciences,Engineering,Control and Systems Engineering,277,167,9,167,1.658682634730539,5.389221556886228
T13931,Philosophy and Historical Thought,Social Sciences,Arts and Humanities,Philosophy,275,146,5,146,1.8835616438356164,3.4246575342465753
T14037,Arabic Language Education Studies,Social Sciences,Social Sciences,Education,275,208,18,208,1.3221153846153846,8.653846153846153
T13663,"Sustainability, Environment, and Optimization Algorithms",Physical Sciences,Environmental Science,Water Science and Technology,275,129,11,126,2.131782945736434,8.73015873015873
T13105,Synthesis and pharmacology of benzodiazepine derivatives,Physical Sciences,Chemistry,Organic Chemistry,273,152,2,152,1.7960526315789473,1.3157894736842106
T13846,Mangiferin and Mango Extracts,Health Sciences,Medicine,Complementary and alternative medicine,273,173,5,173,1.5780346820809248,2.8901734104046244
T13580,Management and Performance Evaluation,Social Sciences,"Business, Management and Accounting",Organizational Behavior and Human Resource Management,271,92,2,91,2.9456521739130435,2.197802197802198
T13119,Philosophy and Social Theory,Social Sciences,Social Sciences,Sociology and Political Science,270,126,6,126,2.142857142857143,4.761904761904762
T13667,French Literature and Criticism,Social Sciences,Arts and Humanities,Literature and Literary Theory,269,152,4,152,1.769736842105263,2.6315789473684212
T14066,Economic Development and Regional Competitiveness,Social Sciences,"Economics, Econometrics and Finance",Economics and Econometrics,268,75,7,75,3.5733333333333333,9.333333333333334
T12285,Surface Chemistry and Catalysis,Physical Sciences,Engineering,Biomedical Engineering,268,209,6,209,1.2822966507177034,2.8708133971291865
T11996,Random lasers and scattering media,Physical Sciences,Physics and Astronomy,Acoustics and Ultrasonics,264,188,10,187,1.4042553191489362,5.347593582887701
T13858,Technical Engine Diagnostics and Monitoring,Physical Sciences,Engineering,Automotive Engineering,264,163,3,163,1.6196319018404908,1.8404907975460123
T13957,Corporate Governance and Financial Management,Social Sciences,"Business, Management and Accounting",Strategy and Management,263,196,23,196,1.3418367346938775,11.73469387755102
T13724,Humanities and Social Sciences,Social Sciences,Social Sciences,Sociology and Political Science,262,107,8,103,2.4485981308411215,7.766990291262136
T14098,Energy Efficiency in Computing,Physical Sciences,Computer Science,Hardware and Architecture,262,32,1,32,8.1875,3.125
T12510,Magneto-Optical Properties and Applications,Physical Sciences,Engineering,Electrical and Electronic Engineering,261,187,6,187,1.3957219251336899,3.2085561497326203
T14375,"Cultural, Linguistic, Economic Studies",Social Sciences,Social Sciences,General Social Sciences,260,98,9,98,2.6530612244897958,9.183673469387756
T13997,Scientific Research and Studies,Physical Sciences,Environmental Science,Global and Planetary Change,258,100,13,99,2.58,13.131313131313131
T13681,Engineering and Information Technology,Physical Sciences,Computer Science,Software,258,133,9,133,1.9398496240601504,6.7669172932330826
T10817,Multicomponent Synthesis of Heterocycles,Physical Sciences,Chemistry,Organic Chemistry,258,158,10,158,1.6329113924050633,6.329113924050633
T13649,Advanced Synthetic Organic Chemistry,Physical Sciences,Chemistry,Organic Chemistry,258,168,5,167,1.5357142857142858,2.9940119760479043
T14353,Wireless Sensor Networks for Data Analysis,Physical Sciences,Computer Science,Computer Networks and Communications,257,145,12,145,1.7724137931034483,8.275862068965518
T13717,Advanced Algorithms and Applications,Physical Sciences,Engineering,Control and Systems Engineering,257,162,7,162,1.5864197530864197,4.320987654320987
T13707,"Literature, Language, and Rhetoric Studies",Social Sciences,Social Sciences,Sociology and Political Science,255,107,5,107,2.383177570093458,4.672897196261682
T13436,Space Technology and Applications,Physical Sciences,Engineering,Electrical and Electronic Engineering,254,91,7,91,2.791208791208791,7.6923076923076925
T13677,Magnolia and Illicium research,Health Sciences,Medicine,Rehabilitation,254,166,2,166,1.5301204819277108,1.2048192771084338
T11758,Organic and Molecular Conductors Research,Physical Sciences,Materials Science,"Electronic, Optical and Magnetic Materials",253,211,3,211,1.1990521327014219,1.4218009478672986
T14223,Ayn Rand and Brontë studies,Social Sciences,"Economics, Econometrics and Finance",Economics and Econometrics,251,98,13,96,2.561224489795918,13.541666666666666
T12899,Engineering and Technology Innovations,Physical Sciences,Engineering,Electrical and Electronic Engineering,251,184,12,184,1.3641304347826086,6.521739130434782
T14307,Bioethics and Human Rights Issues,Physical Sciences,Computer Science,Information Systems,250,153,12,152,1.6339869281045751,7.894736842105263
T11471,Block Copolymer Self-Assembly,Physical Sciences,Materials Science,Materials Chemistry,250,216,8,215,1.1574074074074074,3.7209302325581395
T14196,Multidisciplinary Warburg-centric Studies,Social Sciences,Social Sciences,Law,249,85,2,85,2.929411764705882,2.3529411764705883
T13265,Synthesis of Tetrazole Derivatives,Physical Sciences,Chemistry,Organic Chemistry,248,134,8,134,1.8507462686567164,5.970149253731344
T13093,Electric Power Systems and Control,Physical Sciences,Engineering,Electrical and Electronic Engineering,248,162,19,162,1.5308641975308641,11.728395061728396
T12077,Vacuum and Plasma Arcs,Physical Sciences,Physics and Astronomy,"Atomic and Molecular Physics, and Optics",247,209,2,209,1.1818181818181819,0.9569377990430622
T14411,Undergraduate Neuroscience Education and Research,Life Sciences,Neuroscience,Cognitive Neuroscience,247,66,8,65,3.742424242424242,12.307692307692308
T14261,Herbal Medicine and Trade Cooperation,Social Sciences,"Economics, Econometrics and Finance",Economics and Econometrics,246,91,20,84,2.7032967032967035,23.80952380952381
T11417,Advancements in PLL and VCO Technologies,Physical Sciences,Engineering,Electrical and Electronic Engineering,245,196,7,196,1.25,3.5714285714285716
T13644,Control Systems in Engineering,Physical Sciences,Engineering,Mechanical Engineering,245,101,2,101,2.4257425742574257,1.9801980198019802
T10940,Navier-Stokes equation solutions,Physical Sciences,Mathematics,Applied Mathematics,244,125,1,125,1.952,0.8
T12973,Synthesis of Indole Derivatives,Physical Sciences,Chemistry,Organic Chemistry,244,149,4,149,1.6375838926174497,2.684563758389262
T13450,Turkish Literature and Culture,Social Sciences,Arts and Humanities,Literature and Literary Theory,244,190,12,190,1.2842105263157895,6.315789473684211
T11920,Pulsed Power Technology Applications,Physical Sciences,Engineering,Control and Systems Engineering,242,161,0,161,1.5031055900621118,0.0
T13859,Organic Chemistry Synthesis Methods,Physical Sciences,Chemistry,Organic Chemistry,242,183,2,183,1.3224043715846994,1.092896174863388
T13680,"Education, Psychology, and Complexity Research",Physical Sciences,Mathematics,Statistics and Probability,241,76,6,76,3.1710526315789473,7.894736842105263
T13356,Early Modern Women Writers,Social Sciences,Arts and Humanities,Religious studies,239,157,4,156,1.5222929936305734,2.5641025641025643
T13329,Joseph Conrad and Literature,Social Sciences,Arts and Humanities,Literature and Literary Theory,239,106,3,106,2.2547169811320753,2.830188679245283
T11575,Nonlinear Photonic Systems,Physical Sciences,Physics and Astronomy,Statistical and Nonlinear Physics,238,178,6,177,1.3370786516853932,3.389830508474576
T11022,Spectral Theory in Mathematical Physics,Physical Sciences,Mathematics,Mathematical Physics,238,127,2,127,1.874015748031496,1.5748031496062993
T14035,"Literature, Culture, and Aesthetics",Social Sciences,Arts and Humanities,Museology,237,152,18,152,1.5592105263157894,11.842105263157896
T11262,Quantum Mechanics and Non-Hermitian Physics,Physical Sciences,Physics and Astronomy,"Atomic and Molecular Physics, and Optics",237,166,10,166,1.427710843373494,6.024096385542169
T12966,Russian Literature and Bakhtin Studies,Social Sciences,Social Sciences,Education,236,133,7,132,1.7744360902255638,5.303030303030303
T14217,American Literature and Humor Studies,Social Sciences,Arts and Humanities,Literature and Literary Theory,235,121,6,121,1.9421487603305785,4.958677685950414
T13433,Short Stories in Global Literature,Social Sciences,Arts and Humanities,Literature and Literary Theory,235,111,4,111,2.1171171171171173,3.6036036036036037
T12541,Graph Labeling and Dimension Problems,Physical Sciences,Computer Science,Computational Theory and Mathematics,234,148,3,148,1.5810810810810811,2.027027027027027
T13244,Analysis of environmental and stochastic processes,Physical Sciences,Environmental Science,"Management, Monitoring, Policy and Law",233,78,3,78,2.9871794871794872,3.8461538461538463
T12726,Philosophical and Cultural Analysis,Social Sciences,Arts and Humanities,Philosophy,232,128,12,128,1.8125,9.375
T13150,Study and Philosophy of Religion,Social Sciences,Arts and Humanities,Philosophy,232,120,5,118,1.9333333333333333,4.237288135593221
T13017,Zygmunt Bauman's Sociology,Social Sciences,Social Sciences,Sociology and Political Science,231,91,4,90,2.5384615384615383,4.444444444444445
T12024,Ultra-Wideband Communications Technology,Physical Sciences,Engineering,Electrical and Electronic Engineering,230,172,2,171,1.3372093023255813,1.1695906432748537
T13732,"Aerospace, Electronics, Mathematical Modeling",Physical Sciences,Environmental Science,Nature and Landscape Conservation,230,112,8,112,2.0535714285714284,7.142857142857143
T14268,Evolving Legal Systems and Governance,Social Sciences,Social Sciences,Law,229,105,5,104,2.1809523809523808,4.8076923076923075
T11734,Decision Support System Applications,Social Sciences,"Business, Management and Accounting",Management Information Systems,228,166,9,166,1.3734939759036144,5.421686746987952
T11329,Limits and Structures in Graph Theory,Physical Sciences,Mathematics,Discrete Mathematics and Combinatorics,227,148,3,148,1.5337837837837838,2.027027027027027
T10229,Geometric Analysis and Curvature Flows,Physical Sciences,Mathematics,Applied Mathematics,227,155,3,155,1.4645161290322581,1.935483870967742
T14505,Natural Products and Applications,Life Sciences,Agricultural and Biological Sciences,General Agricultural and Biological Sciences,223,172,11,172,1.2965116279069768,6.395348837209302
T12680,Cultural and Mythological Studies,Social Sciences,Arts and Humanities,General Arts and Humanities,223,160,22,159,1.39375,13.836477987421384
T14346,Scientific Innovation and Industrial Efficiency,Social Sciences,Decision Sciences,General Decision Sciences,223,40,1,40,5.575,2.5
T10807,Synthesis and characterization of novel inorganic/organometallic,Physical Sciences,Chemistry,Inorganic Chemistry,222,163,2,163,1.361963190184049,1.2269938650306749
T13994,The Impact of Diversity and Innovation on Society,Social Sciences,Social Sciences,Sociology and Political Science,222,92,5,91,2.4130434782608696,5.4945054945054945
T10194,Nonlinear Partial Differential Equations,Physical Sciences,Mathematics,Applied Mathematics,222,158,1,158,1.4050632911392404,0.6329113924050633
T11603,Dust and Plasma Wave Phenomena,Physical Sciences,Physics and Astronomy,"Atomic and Molecular Physics, and Optics",221,176,5,176,1.2556818181818181,2.840909090909091
T14504,Diverse Academic Research Analysis,Social Sciences,Social Sciences,Sociology and Political Science,219,78,5,78,2.8076923076923075,6.410256410256411
T13965,Laser and Thermal Forming Techniques,Physical Sciences,Engineering,Computational Mechanics,218,177,2,177,1.231638418079096,1.1299435028248588
T14266,"Interdisciplinary Studies: Technology, Society, and Humanities",Social Sciences,Arts and Humanities,History and Philosophy of Science,217,70,15,69,3.1,21.73913043478261
T12131,Wireless Signal Modulation Classification,Physical Sciences,Computer Science,Artificial Intelligence,217,161,30,161,1.3478260869565217,18.633540372670808
T11887,Quasicrystal Structures and Properties,Physical Sciences,Materials Science,Materials Chemistry,215,172,5,171,1.25,2.9239766081871346
T14460,"Literary, Cultural, Historical Analysis",Social Sciences,Arts and Humanities,Philosophy,215,52,2,52,4.134615384615385,3.8461538461538463
T13935,Mathematical Control Systems and Analysis,Physical Sciences,Computer Science,Artificial Intelligence,215,101,6,101,2.128712871287129,5.9405940594059405
T13227,Diverse Global Economic and Educational Challenges,Social Sciences,"Economics, Econometrics and Finance",Economics and Econometrics,215,50,3,49,4.3,6.122448979591836
T13795,"Language, Communication, and Linguistic Studies",Social Sciences,Social Sciences,Communication,214,101,8,101,2.118811881188119,7.920792079207921
T14253,Latin American social science,Social Sciences,Social Sciences,Sociology and Political Science,214,88,7,87,2.4318181818181817,8.045977011494253
T13974,"Health, Education, and Aging",Social Sciences,Social Sciences,Health,212,113,10,112,1.8761061946902655,8.928571428571429
T14023,Interdisciplinary Studies and Sociocultural Dynamics,Social Sciences,Social Sciences,Sociology and Political Science,212,73,13,72,2.904109589041096,18.055555555555557
T14148,Kierkegaardian Philosophy and Influence,Social Sciences,Arts and Humanities,Philosophy,210,109,6,109,1.926605504587156,5.504587155963303
T10849,Finite Group Theory Research,Physical Sciences,Mathematics,Discrete Mathematics and Combinatorics,208,136,3,135,1.5294117647058822,2.2222222222222223
T13087,Simone de Beauvoir and Sartre,Social Sciences,Arts and Humanities,Philosophy,207,102,6,102,2.0294117647058822,5.882352941176471
T13463,Nanoporous metals and alloys,Physical Sciences,Materials Science,Materials Chemistry,207,140,2,139,1.4785714285714286,1.4388489208633093
T12772,Control and Stability of Dynamical Systems,Physical Sciences,Engineering,Control and Systems Engineering,206,146,1,146,1.4109589041095891,0.684931506849315
T13486,"Literature, Magical Realism, García Márquez",Social Sciences,Arts and Humanities,Literature and Literary Theory,205,94,0,94,2.1808510638297873,0.0
T13837,Diverse Cultural and Social Studies,Social Sciences,Arts and Humanities,Literature and Literary Theory,204,86,8,86,2.372093023255814,9.30232558139535
T14170,Classical Studies and Philology,Social Sciences,Arts and Humanities,Language and Linguistics,203,106,4,105,1.9150943396226414,3.8095238095238093
T13418,Photocathodes and Microchannel Plates,Physical Sciences,Engineering,Biomedical Engineering,200,157,3,157,1.2738853503184713,1.910828025477707
T10304,Geometric and Algebraic Topology,Physical Sciences,Mathematics,Geometry and Topology,200,126,1,125,1.5873015873015872,0.8
T14183,Banking Sector Performance and Management,Social Sciences,"Business, Management and Accounting",Accounting,199,76,12,74,2.6184210526315788,16.216216216216218
T13390,Cultural and Social Dynamics,Life Sciences,Agricultural and Biological Sciences,Plant Science,197,118,20,117,1.6694915254237288,17.094017094017094
T13262,Semiotics and Cultural Interpretation,Social Sciences,Psychology,Clinical Psychology,195,91,4,90,2.142857142857143,4.444444444444445
T13809,"Philosophy, Health, and Society",Health Sciences,Medicine,Pharmacology,195,73,3,73,2.671232876712329,4.109589041095891
T10871,Catalytic Alkyne Reactions,Physical Sciences,Chemistry,Organic Chemistry,194,126,0,126,1.5396825396825398,0.0
T14371,Hume's philosophy and hair distribution,Social Sciences,Social Sciences,General Social Sciences,194,95,4,94,2.042105263157895,4.25531914893617
T13954,Aerospace Engineering and Applications,Physical Sciences,Engineering,Control and Systems Engineering,194,99,11,99,1.9595959595959596,11.11111111111111
T14454,Polymer Science and Applications,Physical Sciences,Engineering,Mechanical Engineering,193,92,3,92,2.097826086956522,3.260869565217391
T13054,Agricultural and Financial Auditing,Life Sciences,Agricultural and Biological Sciences,General Agricultural and Biological Sciences,193,61,5,58,3.1639344262295084,8.620689655172415
T13153,Rousseau and Enlightenment Thought,Social Sciences,Arts and Humanities,Philosophy,193,117,4,117,1.6495726495726495,3.4188034188034186
T14041,Central European Literary Studies,Social Sciences,Social Sciences,Anthropology,193,82,4,82,2.3536585365853657,4.878048780487805
T14151,Literary Analysis and Cultural Studies,Social Sciences,Arts and Humanities,History and Philosophy of Science,192,85,5,84,2.2588235294117647,5.9523809523809526
T12974,Modernist Literature and Criticism,Social Sciences,Arts and Humanities,Literature and Literary Theory,192,91,3,91,2.10989010989011,3.2967032967032965
T14476,Mental Health and Well-being,Social Sciences,Social Sciences,Sociology and Political Science,191,128,12,127,1.4921875,9.448818897637794
T13983,Cybersecurity and Information Systems,Physical Sciences,Computer Science,Computer Networks and Communications,190,123,19,123,1.5447154471544715,15.447154471544716
T14382,Electrophoretic Deposition in Materials Science,Physical Sciences,Engineering,Electrical and Electronic Engineering,189,111,3,111,1.7027027027027026,2.7027027027027026
T14263,Professional Masters Programs Analysis,Social Sciences,Decision Sciences,Information Systems and Management,189,94,8,94,2.0106382978723403,8.51063829787234
T14042,Technology and Security Systems,Physical Sciences,Computer Science,Information Systems,189,95,16,95,1.9894736842105263,16.842105263157894
T14519,Innovations in Education and Learning Technologies,Physical Sciences,Computer Science,Information Systems,188,107,20,107,1.7570093457943925,18.69158878504673
T12612,Strong Light-Matter Interactions,Physical Sciences,Physics and Astronomy,"Atomic and Molecular Physics, and Optics",186,143,7,141,1.3006993006993006,4.964539007092198
T14485,Language Acquisition and Education,Social Sciences,Psychology,Developmental and Educational Psychology,186,132,16,132,1.4090909090909092,12.121212121212121
T14303,Polymer Synthesis and Characterization,Physical Sciences,Materials Science,Polymers and Plastics,186,80,4,80,2.325,5.0
T13072,Contemporary Christian Leadership and Education,Social Sciences,Arts and Humanities,Religious studies,184,152,5,152,1.2105263157894737,3.289473684210526
T13646,Qur’anic Interpretation Studies,Social Sciences,Social Sciences,Education,182,116,10,116,1.5689655172413792,8.620689655172415
T12658,Language and Culture,Social Sciences,Social Sciences,Linguistics and Language,181,112,7,112,1.6160714285714286,6.25
T12886,Historical and Cultural Studies of Poland,Social Sciences,Arts and Humanities,History,180,110,4,109,1.6363636363636365,3.669724770642202
T13941,Geotechnical and Mining Engineering,Physical Sciences,Engineering,Civil and Structural Engineering,180,92,3,92,1.9565217391304348,3.260869565217391
T13887,Augustinian Studies and Theology,Social Sciences,Arts and Humanities,Philosophy,180,110,1,109,1.6363636363636365,0.9174311926605505
T14229,Physical education and sports games research,Social Sciences,Psychology,Social Psychology,179,96,2,96,1.8645833333333333,2.0833333333333335
T11248,Advanced Power Amplifier Design,Physical Sciences,Engineering,Electrical and Electronic Engineering,179,141,9,141,1.2695035460992907,6.382978723404255
T11441,Organoboron and organosilicon chemistry,Physical Sciences,Chemistry,Organic Chemistry,178,136,2,136,1.3088235294117647,1.4705882352941178
T12905,Management Systems and Quality Improvement,Social Sciences,"Business, Management and Accounting",Strategy and Management,177,73,4,73,2.4246575342465753,5.47945205479452
T12351,Geometry and complex manifolds,Physical Sciences,Mathematics,Geometry and Topology,175,112,2,112,1.5625,1.7857142857142858
T13259,American Jewish Fiction Analysis,Social Sciences,Arts and Humanities,Literature and Literary Theory,174,80,2,80,2.175,2.5
T13968,Contemporary Cultural and Social Studies,Social Sciences,Psychology,Social Psychology,174,75,3,75,2.32,4.0
T13797,Probabilistic Statistics in Medicine,Physical Sciences,Mathematics,Statistics and Probability,173,35,2,35,4.942857142857143,5.714285714285714
T11822,Analytic and geometric function theory,Physical Sciences,Mathematics,Geometry and Topology,173,126,3,125,1.373015873015873,2.4
T14299,Complex Systems and Dynamics,Physical Sciences,Physics and Astronomy,Statistical and Nonlinear Physics,172,72,3,71,2.388888888888889,4.225352112676056
T11555,Methodologies in Health Research and Practice,Health Sciences,Health Professions,Health Information Management,172,121,6,121,1.421487603305785,4.958677685950414
T12435,Bladed Disk Vibration Dynamics,Physical Sciences,Engineering,Civil and Structural Engineering,171,144,0,144,1.1875,0.0
T13082,Water and Land Management,Physical Sciences,Environmental Science,"Management, Monitoring, Policy and Law",170,95,8,95,1.7894736842105263,8.421052631578947
T14225,Advanced Sensor and Control Systems,Physical Sciences,Engineering,Control and Systems Engineering,169,119,5,119,1.4201680672268908,4.201680672268908
T13918,Advanced Data and IoT Technologies,Physical Sciences,Engineering,Electrical and Electronic Engineering,168,86,23,84,1.9534883720930232,27.38095238095238
T14095,"Literature, Musicology, and Cultural Analysis",Social Sciences,Social Sciences,Education,167,68,0,68,2.4558823529411766,0.0
T13380,Sound Studies and Aurality,Social Sciences,Psychology,Experimental and Cognitive Psychology,167,84,6,84,1.9880952380952381,7.142857142857143
T13771,Advanced Research in Science and Engineering,Physical Sciences,Mathematics,Modeling and Simulation,167,78,7,77,2.141025641025641,9.090909090909092
T11517,Advanced optical system design,Physical Sciences,Engineering,Biomedical Engineering,167,139,5,139,1.2014388489208634,3.597122302158273
T13420,Arduino and IoT Applications,Physical Sciences,Engineering,Electrical and Electronic Engineering,167,42,2,42,3.9761904761904763,4.761904761904762
T13860,Arts and Performance Studies,Social Sciences,Arts and Humanities,Visual Arts and Performing Arts,167,111,10,111,1.5045045045045045,9.00900900900901
T13924,Internet of Things and Social Network Interactions,Physical Sciences,Computer Science,Computer Networks and Communications,167,105,7,105,1.5904761904761904,6.666666666666667
T11683,Quantum and Classical Electrodynamics,Physical Sciences,Physics and Astronomy,"Atomic and Molecular Physics, and Optics",166,129,6,129,1.2868217054263567,4.651162790697675
T13080,Advanced Differential Geometry Research,Physical Sciences,Physics and Astronomy,Astronomy and Astrophysics,165,104,5,104,1.5865384615384615,4.8076923076923075
T13257,Advanced Control and Stabilization in Aerospace Systems,Physical Sciences,Engineering,Aerospace Engineering,165,57,5,57,2.8947368421052633,8.771929824561404
T13514,Experience-Based Knowledge Management,Physical Sciences,Computer Science,Artificial Intelligence,165,76,6,76,2.1710526315789473,7.894736842105263
T13161,Ideological and Political Education,Social Sciences,Social Sciences,Education,164,86,15,86,1.9069767441860466,17.441860465116278
T13250,Semiotics and Representation Studies,Social Sciences,Arts and Humanities,Literature and Literary Theory,163,111,6,111,1.4684684684684686,5.405405405405405
T13413,Cultural and Historical Studies,Social Sciences,Arts and Humanities,Visual Arts and Performing Arts,163,73,3,73,2.232876712328767,4.109589041095891
T14085,Student Stress and Coping,Social Sciences,Psychology,Developmental and Educational Psychology,163,115,13,114,1.4173913043478261,11.403508771929825
T11790,N-Heterocyclic Carbenes in Organic and Inorganic Chemistry,Physical Sciences,Chemistry,Organic Chemistry,162,98,2,98,1.653061224489796,2.0408163265306123
T13462,Spanish Philosophy and Literature,Social Sciences,Arts and Humanities,Philosophy,162,80,8,79,2.025,10.126582278481013
T13876,Chemical synthesis and pharmacological studies,Physical Sciences,Chemistry,Organic Chemistry,161,96,1,96,1.6770833333333333,1.0416666666666667
T14496,Educational Technology and E-Learning,Physical Sciences,Computer Science,Information Systems,160,91,8,91,1.7582417582417582,8.791208791208792
T11777,Fixed Point Theorems Analysis,Physical Sciences,Mathematics,Geometry and Topology,159,108,2,108,1.4722222222222223,1.8518518518518519
T10899,Advanced Operator Algebra Research,Physical Sciences,Mathematics,Mathematical Physics,159,124,1,124,1.282258064516129,0.8064516129032258
T12106,Surface Treatment and Residual Stress,Physical Sciences,Engineering,Mechanical Engineering,157,125,6,125,1.256,4.8
T14092,"Ethics, Aesthetics, and Art",Social Sciences,Arts and Humanities,Philosophy,157,91,4,91,1.7252747252747254,4.395604395604396
T13507,"Literature, Politics, and Exile Studies",Physical Sciences,Environmental Science,Global and Planetary Change,157,78,1,77,2.0128205128205128,1.2987012987012987
T14067,Cloud Computing and Remote Desktop Technologies,Physical Sciences,Computer Science,Hardware and Architecture,156,104,4,104,1.5,3.8461538461538463
T13733,Moravian Church and William Blake,Social Sciences,Arts and Humanities,Literature and Literary Theory,156,93,1,93,1.6774193548387097,1.075268817204301
T13985,Enterprise Management and Information Systems,Social Sciences,"Business, Management and Accounting",Management of Technology and Innovation,155,78,7,78,1.9871794871794872,8.974358974358974
T14004,History and Cultural Heritage,Social Sciences,Social Sciences,Cultural Studies,154,117,11,115,1.3162393162393162,9.565217391304348
T13470,Surface Treatment and Coatings,Physical Sciences,Engineering,Mechanical Engineering,154,96,5,96,1.6041666666666667,5.208333333333333
T13715,Power Line Inspection Robots,Physical Sciences,Engineering,Mechanical Engineering,154,113,12,113,1.3628318584070795,10.619469026548673
T13778,Comparative and World Literature,Social Sciences,Arts and Humanities,Literature and Literary Theory,153,72,4,72,2.125,5.555555555555555
T14158,Optical Systems and Laser Technology,Physical Sciences,Engineering,Electrical and Electronic Engineering,153,132,13,132,1.1590909090909092,9.848484848484848
T13857,Mining and Industrial Processes,Life Sciences,Agricultural and Biological Sciences,Food Science,152,92,2,92,1.6521739130434783,2.1739130434782608
T13693,Smart Systems and Machine Learning,Physical Sciences,Computer Science,Computer Networks and Communications,149,80,26,79,1.8625,32.91139240506329
T13673,Library Science and Information,Physical Sciences,Computer Science,Information Systems,149,66,5,65,2.257575757575758,7.6923076923076925
T14083,Extremum Seeking Control Systems,Physical Sciences,Engineering,Control and Systems Engineering,148,96,2,96,1.5416666666666667,2.0833333333333335
T12942,Cultural Studies and Postmodernism,Social Sciences,Social Sciences,Communication,147,62,1,61,2.370967741935484,1.639344262295082
T13301,Cultural Studies and Interdisciplinary Research,Social Sciences,Arts and Humanities,Philosophy,146,74,2,73,1.972972972972973,2.73972602739726
T14096,Advancements in Materials Engineering,Physical Sciences,Engineering,Mechanical Engineering,146,86,2,86,1.697674418604651,2.3255813953488373
T14108,Medical and Pharmaceutic Studies,Life Sciences,"Pharmacology, Toxicology and Pharmaceutics",Pharmacology,146,77,4,75,1.896103896103896,5.333333333333333
T14032,History and International Relations,Social Sciences,Social Sciences,Political Science and International Relations,145,88,11,87,1.6477272727272727,12.64367816091954
T12812,Meromorphic and Entire Functions,Physical Sciences,Mathematics,Applied Mathematics,145,60,2,60,2.4166666666666665,3.3333333333333335
T14247,"Borges, Kipling, and Jewish Identity",Social Sciences,Arts and Humanities,Literature and Literary Theory,144,68,4,68,2.1176470588235294,5.882352941176471
T11525,Piezoelectric Actuators and Control,Physical Sciences,Engineering,Control and Systems Engineering,144,112,5,112,1.2857142857142858,4.464285714285714
T13495,Biographical and Historical Analysis,Social Sciences,Arts and Humanities,History,144,89,5,89,1.6179775280898876,5.617977528089888
T13239,Phosphorus compounds and reactions,Physical Sciences,Chemistry,Organic Chemistry,143,96,3,96,1.4895833333333333,3.125
T14328,Diverse scientific research topics,Social Sciences,Decision Sciences,Management Science and Operations Research,139,66,6,66,2.106060606060606,9.090909090909092
T14107,Appalachian Studies and Mathematics,Social Sciences,Social Sciences,General Social Sciences,139,58,4,56,2.396551724137931,7.142857142857143
T13251,Electrical and Thermal Properties of Materials,Physical Sciences,Engineering,Electrical and Electronic Engineering,137,91,2,91,1.5054945054945055,2.197802197802198
T12734,Information Systems and Technology Applications,Social Sciences,"Business, Management and Accounting",Management Information Systems,137,82,8,82,1.670731707317073,9.75609756097561
T11543,Employee Performance and Motivation,Social Sciences,"Business, Management and Accounting",Organizational Behavior and Human Resource Management,137,108,11,108,1.2685185185185186,10.185185185185185
T12181,Agricultural and Biological Research,Life Sciences,Agricultural and Biological Sciences,Food Science,136,119,3,119,1.1428571428571428,2.5210084033613445
T13698,"Education, Politics, and Culture Studies",Social Sciences,Social Sciences,Sociology and Political Science,136,60,6,58,2.2666666666666666,10.344827586206897
T14363,Optical properties and cooling technologies in crystalline mater,Physical Sciences,Physics and Astronomy,"Atomic and Molecular Physics, and Optics",134,105,6,104,1.276190476190476,5.769230769230769
T13440,Electromagnetic Effects on Materials,Physical Sciences,Engineering,Electrical and Electronic Engineering,131,85,2,85,1.5411764705882354,2.3529411764705883
T11654,Advanced Mathematical Physics Problems,Physical Sciences,Mathematics,Mathematical Physics,130,91,1,91,1.4285714285714286,1.098901098901099
T12780,Heavy Metal Pollution Remediation,Physical Sciences,Environmental Science,Water Science and Technology,129,98,5,98,1.316326530612245,5.1020408163265305
T13932,"Education, Technology, and Economics",Physical Sciences,Computer Science,Information Systems,128,46,6,45,2.782608695652174,13.333333333333334
T13947,Media Discourse and Social  Analysis,Social Sciences,Social Sciences,Sociology and Political Science,128,92,8,92,1.391304347826087,8.695652173913043
T13427,Latin American Literature Analysis,Social Sciences,Arts and Humanities,Literature and Literary Theory,128,74,6,73,1.7297297297297298,8.219178082191782
T12062,Approximation Theory and Sequence Spaces,Physical Sciences,Mathematics,Statistics and Probability,128,75,2,75,1.7066666666666668,2.6666666666666665
T11671,Fuzzy and Soft Set Theory,Social Sciences,Decision Sciences,Management Science and Operations Research,127,89,0,89,1.4269662921348314,0.0
T14027,21st Century Education and Governance,Social Sciences,Social Sciences,Development,127,60,2,60,2.1166666666666667,3.3333333333333335
T13903,Innovative Educational Techniques,Social Sciences,Social Sciences,Education,127,79,11,79,1.6075949367088607,13.924050632911392
T13662,Qualitative research in health,Social Sciences,Social Sciences,Education,126,49,2,49,2.5714285714285716,4.081632653061225
T13451,Mechanical Engineering Research and Applications,Physical Sciences,Engineering,Mechanical Engineering,126,73,0,73,1.726027397260274,0.0
T13290,Diverse Industrial Engineering Technologies,Physical Sciences,Engineering,Industrial and Manufacturing Engineering,124,51,8,51,2.4313725490196076,15.686274509803921
T14200,"Medical, Sociocultural, and Biopolitical Studies",Social Sciences,Social Sciences,Political Science and International Relations,122,45,5,45,2.7111111111111112,11.11111111111111
T12941,Embedded Systems and FPGA Design,Physical Sciences,Engineering,Control and Systems Engineering,119,83,4,83,1.4337349397590362,4.819277108433735
T14036,Literary and Philosophical Studies,Social Sciences,Social Sciences,Political Science and International Relations,116,62,4,61,1.8709677419354838,6.557377049180328
T11049,Advanced Harmonic Analysis Research,Physical Sciences,Mathematics,Applied Mathematics,112,67,2,67,1.671641791044776,2.985074626865672
T14116,Aviation History and Innovations,Social Sciences,Arts and Humanities,History and Philosophy of Science,111,48,6,48,2.3125,12.5
T11703,"Rings, Modules, and Algebras",Physical Sciences,Mathematics,Algebra and Number Theory,110,74,2,74,1.4864864864864864,2.7027027027027026
T12794,Adaptive Dynamic Programming Control,Physical Sciences,Computer Science,Computational Theory and Mathematics,110,83,6,83,1.3253012048192772,7.228915662650603
T12562,Synthesis and Characterization of Pyrroles,Physical Sciences,Chemistry,Organic Chemistry,109,73,1,73,1.4931506849315068,1.36986301369863
T12260,Educational Technology and Pedagogy,Physical Sciences,Computer Science,Artificial Intelligence,108,62,18,62,1.7419354838709677,29.032258064516128
T13292,Embedded Systems and FPGA Applications,Physical Sciences,Engineering,Electrical and Electronic Engineering,105,25,1,25,4.2,4.0
T13731,Advanced Computing and Algorithms,Social Sciences,Social Sciences,Urban Studies,102,79,12,79,1.2911392405063291,15.189873417721518
T14251,Multicultural Education and Local Wisdom,Social Sciences,Social Sciences,Cultural Studies,101,53,5,53,1.9056603773584906,9.433962264150944
T13616,"Governance, Compliance, and Sustainability",Social Sciences,"Business, Management and Accounting",Strategy and Management,96,36,14,35,2.6666666666666665,40.0
T12069,Commutative Algebra and Its Applications,Physical Sciences,Mathematics,Algebra and Number Theory,95,65,0,65,1.4615384615384615,0.0
T13674,Computer Science and Engineering,Physical Sciences,Computer Science,Artificial Intelligence,95,82,5,82,1.1585365853658536,6.097560975609756
T13982,Social Movements and Cultural Identity,Social Sciences,Social Sciences,Sociology and Political Science,95,43,5,43,2.2093023255813953,11.627906976744185
T13027,Applied Advanced Technologies,Physical Sciences,Engineering,Industrial and Manufacturing Engineering,92,54,8,54,1.7037037037037037,14.814814814814815
T14029,Thoreau and American Literature,Physical Sciences,Computer Science,Information Systems,92,29,0,29,3.1724137931034484,0.0
T13480,Innovations and Analysis in Business and Education,Social Sciences,Decision Sciences,Management Science and Operations Research,91,38,6,35,2.3947368421052633,17.142857142857142
T14385,Franz Kafka Literary Studies,Social Sciences,Arts and Humanities,Literature and Literary Theory,91,39,1,39,2.3333333333333335,2.5641025641025643
T13873,Educational Methods and Technology,Physical Sciences,Computer Science,Information Systems,90,61,4,61,1.4754098360655739,6.557377049180328
T12239,Construction Management and Sustainability,Physical Sciences,Engineering,Building and Construction,89,48,4,48,1.8541666666666667,8.333333333333334
T13612,Advanced Scientific and Engineering Studies,Social Sciences,Decision Sciences,Management Science and Operations Research,87,55,2,55,1.5818181818181818,3.6363636363636362
T13806,Mathematical and Computational Methods,Physical Sciences,Mathematics,Modeling and Simulation,87,52,2,52,1.6730769230769231,3.8461538461538463
T13541,IoT-based Control Systems,Physical Sciences,Computer Science,Computer Science Applications,87,68,4,68,1.2794117647058822,5.882352941176471
T13211,"Memory, Trauma, and Testimony",Social Sciences,Psychology,Experimental and Cognitive Psychology,87,51,2,50,1.7058823529411764,4.0
T13829,"Health, Work, and Social Studies in Poland",Social Sciences,Psychology,Social Psychology,87,36,2,36,2.4166666666666665,5.555555555555555
T13640,Ranque-Hilsch vortex tube,Physical Sciences,Engineering,Mechanical Engineering,86,54,5,54,1.5925925925925926,9.25925925925926
T13331,Energy and Environmental Sustainability,Physical Sciences,Energy,"Renewable Energy, Sustainability and the Environment",86,39,6,38,2.2051282051282053,15.789473684210526
T12440,Karl Barth and Christian Theology,Social Sciences,Arts and Humanities,Philosophy,86,45,2,44,1.9111111111111112,4.545454545454546
T14305,Modern American Literature Studies,Social Sciences,Arts and Humanities,Literature and Literary Theory,85,44,1,44,1.9318181818181819,2.272727272727273
T13868,Afro-Latin American Studies,Social Sciences,Social Sciences,Cultural Studies,84,63,7,60,1.3333333333333333,11.666666666666666
T12807,Consumer Behavior and Market Dynamics,Social Sciences,Social Sciences,Sociology and Political Science,84,41,3,41,2.048780487804878,7.317073170731708
T12757,Diverse Academia and Research Topics,Social Sciences,Psychology,Experimental and Cognitive Psychology,83,50,3,50,1.66,6.0
T13786,Diverse Academic Research Studies,Social Sciences,Social Sciences,Cultural Studies,83,33,2,33,2.515151515151515,6.0606060606060606
T13610,"Society, Economy, and Ethics Research",Social Sciences,Social Sciences,Sociology and Political Science,81,35,1,34,2.3142857142857145,2.9411764705882355
T13515,Cultural and Communication Design Research,Social Sciences,Arts and Humanities,Museology,81,50,2,49,1.62,4.081632653061225
T13804,Physical Activity and Education Research,Physical Sciences,Environmental Science,Water Science and Technology,80,34,3,33,2.3529411764705883,9.090909090909092
T14145,Diverse Cultural Media Analysis,Physical Sciences,Engineering,Media Technology,80,37,3,37,2.1621621621621623,8.108108108108109
T13627,Cultural and Educational Studies,Social Sciences,Social Sciences,Education,78,35,4,35,2.2285714285714286,11.428571428571429
T14174,Artificial Intelligence and Decision Support Systems,Physical Sciences,Computer Science,Information Systems,78,30,3,29,2.6,10.344827586206897
T13346,Digital Transformation in Financial Services,Social Sciences,"Economics, Econometrics and Finance","General Economics, Econometrics and Finance",77,34,6,33,2.264705882352941,18.181818181818183
T13757,Graphic Design and Typography,Social Sciences,Arts and Humanities,History and Philosophy of Science,77,24,0,24,3.2083333333333335,0.0
T14455,Technology and Education Systems,Physical Sciences,Computer Science,Computer Networks and Communications,75,44,3,42,1.7045454545454546,7.142857142857143
T14069,Scientific Research Methodologies and Applications,Physical Sciences,Environmental Science,Water Science and Technology,74,37,3,37,2.0,8.108108108108109
T13688,Shallot Cultivation and Analysis,Life Sciences,Agricultural and Biological Sciences,Plant Science,74,56,7,56,1.3214285714285714,12.5
T12200,Heusler alloys: electronic and magnetic properties,Physical Sciences,Materials Science,"Electronic, Optical and Magnetic Materials",73,64,7,63,1.140625,11.11111111111111
T14155,Advanced Technology in Applications,Physical Sciences,Computer Science,Information Systems,73,41,7,41,1.7804878048780488,17.073170731707318
T13024,Literary Theory and Cultural Hermeneutics,Social Sciences,Arts and Humanities,Literature and Literary Theory,71,36,1,36,1.9722222222222223,2.7777777777777777
T13577,Sephardic Jews and Inquisition Studies,Social Sciences,Arts and Humanities,History,71,54,6,54,1.3148148148148149,11.11111111111111
T13249,Dielectric properties of ceramics,Physical Sciences,Materials Science,Materials Chemistry,70,55,5,55,1.2727272727272727,9.090909090909092
T14175,Intuitionistic Fuzzy Systems Applications,Physical Sciences,Computer Science,Artificial Intelligence,68,45,0,45,1.511111111111111,0.0
T14000,"Cultural, Social, and Media Studies",Social Sciences,Social Sciences,Sociology and Political Science,66,28,1,28,2.357142857142857,3.5714285714285716
T13746,Mechanical Systems and Engineering,Physical Sciences,Energy,"Renewable Energy, Sustainability and the Environment",66,47,0,47,1.4042553191489362,0.0
T13535,Wireless Sensor Networks and IoT,Physical Sciences,Engineering,Control and Systems Engineering,65,37,5,37,1.7567567567567568,13.513513513513514
T14366,Schopenhauer and Stefan Zweig,Social Sciences,Arts and Humanities,General Arts and Humanities,65,31,3,31,2.096774193548387,9.67741935483871
T13592,Advanced Scientific Techniques and Applications,Physical Sciences,Environmental Science,"Management, Monitoring, Policy and Law",65,34,1,34,1.911764705882353,2.9411764705882355
T14218,Engineering Education and Global Impact,Social Sciences,Social Sciences,Development,63,27,4,26,2.3333333333333335,15.384615384615385
T13647,AI and Big Data Applications,Physical Sciences,Computer Science,Information Systems,61,40,8,40,1.525,20.0
T14361,Corporate Social Responsibility Disclosure,Social Sciences,Social Sciences,Gender Studies,59,52,3,52,1.1346153846153846,5.769230769230769
T13020,Heat Transfer and Mathematical Modeling,Physical Sciences,Engineering,Mechanical Engineering,58,37,1,37,1.5675675675675675,2.7027027027027026
T14132,Medical Research and Islamic Perspectives,Social Sciences,Arts and Humanities,Religious studies,58,42,7,42,1.380952380952381,16.666666666666668
T14252,Water and Wastewater Treatment,Physical Sciences,Engineering,Computational Mechanics,57,24,1,24,2.375,4.166666666666667
T13940,Philosophy and Literary Analysis,Social Sciences,Arts and Humanities,Philosophy,56,34,0,34,1.6470588235294117,0.0
T13579,Image and Video Stabilization,Physical Sciences,Computer Science,Computer Vision and Pattern Recognition,55,44,2,44,1.25,4.545454545454546
T13969,Flooding and Environmental Impact,Social Sciences,Social Sciences,Sociology and Political Science,55,30,3,29,1.8333333333333333,10.344827586206897
T14001,Evelyn Waugh and Hans Urs von Balthasar Studies,Social Sciences,Arts and Humanities,Literature and Literary Theory,54,30,2,30,1.8,6.666666666666667
T13571,"Corporeality, Perception, and Education",Social Sciences,Arts and Humanities,General Arts and Humanities,54,26,0,26,2.076923076923077,0.0
T13818,Cultural Studies and Colonialism,Social Sciences,Arts and Humanities,Religious studies,53,26,1,25,2.0384615384615383,4.0
T14161,Health and Education Studies,Social Sciences,Social Sciences,Education,53,44,6,44,1.2045454545454546,13.636363636363637
T13973,"Catholicism, Bioethics, Media, Education",Social Sciences,Social Sciences,Safety Research,52,35,3,35,1.4857142857142858,8.571428571428571
T14471,"Education, Literature, Philosophy Research",Social Sciences,Social Sciences,Education,52,28,4,27,1.8571428571428572,14.814814814814815
T13671,Philosophy and Phenomenology Studies,Social Sciences,Social Sciences,General Social Sciences,52,33,6,32,1.5757575757575757,18.75
T14063,Diverse Philosophical and Cultural Studies,Social Sciences,Arts and Humanities,Religious studies,51,28,1,27,1.8214285714285714,3.7037037037037037
T12653,Cyclization and Aryne Chemistry,Physical Sciences,Chemistry,Organic Chemistry,50,32,1,32,1.5625,3.125
T14168,Occupational Health and Global Justice,Social Sciences,Social Sciences,Health,47,31,6,28,1.5161290322580645,21.428571428571427
T14298,Cultural and Social Studies,Social Sciences,Social Sciences,Cultural Studies,45,25,1,24,1.8,4.166666666666667
T14131,Giambattista Vico and Joyce,Social Sciences,Arts and Humanities,History and Philosophy of Science,45,23,1,23,1.9565217391304348,4.3478260869565215
T14087,"Economic, Educational, Environmental and Organizational Developm",Social Sciences,Social Sciences,General Social Sciences,45,12,3,11,3.75,27.272727272727273
T13320,Ukrainian Cultural and Linguistic Studies,Social Sciences,Social Sciences,Sociology and Political Science,43,28,8,28,1.5357142857142858,28.571428571428573
T14456,Blasting Impact and Analysis,Physical Sciences,Engineering,Building and Construction,42,21,1,21,2.0,4.761904761904762
T13816,Advanced Signal Processing Techniques,Physical Sciences,Engineering,Electrical and Electronic Engineering,41,29,2,29,1.4137931034482758,6.896551724137931
T13676,Educational and Technological Research,Physical Sciences,Computer Science,Information Systems,39,20,4,20,1.95,20.0
T13889,Advanced Materials and Semiconductor Technologies,Physical Sciences,Materials Science,Materials Chemistry,35,22,1,21,1.5909090909090908,4.761904761904762
T13461,Vladimir Nabokov Literary Studies,Social Sciences,Social Sciences,Cultural Studies,35,19,2,19,1.8421052631578947,10.526315789473685
T13345,Advanced Technologies and Applied Computing,Physical Sciences,Computer Science,Computer Networks and Communications,33,28,7,27,1.1785714285714286,25.925925925925927
T13701,Psycholinguistics and Behavioral Studies,Social Sciences,Social Sciences,Education,32,27,4,26,1.1851851851851851,15.384615384615385
T13880,Innovative Education Methods and Tools,Social Sciences,Decision Sciences,"Statistics, Probability and Uncertainty",31,18,3,18,1.7222222222222223,16.666666666666668
T13672,Thomas Hardy Literature Studies,Social Sciences,Arts and Humanities,Literature and Literary Theory,29,18,0,18,1.6111111111111112,0.0
T13567,AI and Multimedia in Education,Physical Sciences,Computer Science,Artificial Intelligence,28,12,2,12,2.3333333333333335,16.666666666666668
T13041,Contemporary Social and Economic Issues,Social Sciences,Social Sciences,General Social Sciences,28,14,2,14,2.0,14.285714285714286
T14340,Islamic Social Reporting,Social Sciences,Social Sciences,General Social Sciences,27,17,5,17,1.588235294117647,29.41176470588235
T13606,Umberto Eco and Semiotics,Social Sciences,Arts and Humanities,Language and Linguistics,22,16,0,16,1.375,0.0
T13300,Contemporary Social and Educational Issues,Social Sciences,Social Sciences,Sociology and Political Science,22,18,3,18,1.2222222222222223,16.666666666666668
T14262,Extenics and Innovation Methods,Physical Sciences,Engineering,Computational Mechanics,16,12,0,12,1.3333333333333333,0.0
